# This file is brought to you by Roblox Corporation
# Generated by Roblox Studio

mtllib Map1.mtl

g Part1

v -544.957 88.8266 -294.991 
v -544.957 102.48 -294.991 
v -544.957 88.8266 -359.98 
v -544.957 102.48 -359.98 
v -541.476 102.48 -294.991 
v -544.957 102.48 -294.991 
v -541.476 88.8266 -294.991 
v -544.957 88.8266 -294.991 
v -544.957 102.48 -294.991 
v -541.476 102.48 -294.991 
v -544.957 102.48 -359.98 
v -541.476 102.48 -359.98 
v -541.476 102.48 -294.991 
v -541.476 88.8266 -294.991 
v -541.476 102.48 -359.98 
v -541.476 88.8266 -359.98 
v -541.476 88.8266 -359.98 
v -544.957 88.8266 -359.98 
v -541.476 102.48 -359.98 
v -544.957 102.48 -359.98 
v -541.476 88.8266 -294.991 
v -544.957 88.8266 -294.991 
v -541.476 88.8266 -359.98 
v -544.957 88.8266 -359.98 

vn -1 0 0 
vn -1 0 0 
vn -1 0 0 
vn -1 0 0 
vn 0 0 1 
vn 0 0 1 
vn 0 0 1 
vn 0 0 1 
vn 0 1 0 
vn 0 1 0 
vn 0 1 0 
vn 0 1 0 
vn 1 0 0 
vn 1 0 0 
vn 1 0 0 
vn 1 0 0 
vn 0 0 -1 
vn 0 0 -1 
vn 0 0 -1 
vn 0 0 -1 
vn 0 -1 0 
vn 0 -1 0 
vn 0 -1 0 
vn 0 -1 0 

vt 3.83271 -3.59733 
vt 2.12607 -3.59733 
vt 3.83271 -11.7209 
vt 2.12607 -11.7209 
vt 2.56126 -3.59733 
vt 2.12607 -3.59733 
vt 2.56126 -5.30397 
vt 2.12607 -5.30397 
vt 2.56126 -3.59733 
vt 2.12607 -3.59733 
vt 2.56126 -11.7209 
vt 2.12607 -11.7209 
vt 3.83271 -3.59733 
vt 2.12607 -3.59733 
vt 3.83271 -11.7209 
vt 2.12607 -11.7209 
vt 2.56126 -3.59733 
vt 2.12607 -3.59733 
vt 2.56126 -5.30397 
vt 2.12607 -5.30397 
vt 2.56126 -3.59733 
vt 2.12607 -3.59733 
vt 2.56126 -11.7209 
vt 2.12607 -11.7209 

usemtl Part1Mtl

f 1/1/1 2/2/2 3/3/3 
f 3/3/3 2/2/2 4/4/4 
f 5/5/5 6/6/6 7/7/7 
f 7/7/7 6/6/6 8/8/8 
f 9/9/9 10/10/10 11/11/11 
f 11/11/11 10/10/10 12/12/12 
f 13/13/13 14/14/14 15/15/15 
f 15/15/15 14/14/14 16/16/16 
f 17/17/17 18/18/18 19/19/19 
f 19/19/19 18/18/18 20/20/20 
f 21/21/21 22/22/22 23/23/23 
f 23/23/23 22/22/22 24/24/24 

g Part2

v -559.225 88.8266 -448.725 
v -559.225 102.48 -448.725 
v -555.129 88.8266 -448.725 
v -555.129 102.48 -448.725 
v -559.225 102.48 -230.275 
v -559.225 102.48 -448.725 
v -559.225 88.8266 -230.275 
v -559.225 88.8266 -448.725 
v -559.225 102.48 -448.725 
v -559.225 102.48 -230.275 
v -555.129 102.48 -448.725 
v -555.129 102.48 -230.275 
v -559.225 102.48 -230.275 
v -559.225 88.8266 -230.275 
v -555.129 102.48 -230.275 
v -555.129 88.8266 -230.275 
v -555.129 88.8266 -230.275 
v -555.129 88.8266 -448.725 
v -555.129 102.48 -230.275 
v -555.129 102.48 -448.725 
v -559.225 88.8266 -230.275 
v -559.225 88.8266 -448.725 
v -555.129 88.8266 -230.275 
v -555.129 88.8266 -448.725 

vn 0 0 -1 
vn 0 0 -1 
vn 0 0 -1 
vn 0 0 -1 
vn -1 0 0 
vn -1 0 0 
vn -1 0 0 
vn -1 0 0 
vn 0 1 0 
vn 0 1 0 
vn 0 1 0 
vn 0 1 0 
vn 0 0 1 
vn 0 0 1 
vn 0 0 1 
vn 0 0 1 
vn 1 0 0 
vn 1 0 0 
vn 1 0 0 
vn 1 0 0 
vn 0 -1 0 
vn 0 -1 0 
vn 0 -1 0 
vn 0 -1 0 

vt -9.85678 -5.07684 
vt -11.5634 -5.07684 
vt -9.85678 -5.58883 
vt -11.5634 -5.58883 
vt 15.7428 -5.07684 
vt -11.5634 -5.07684 
vt 15.7428 -6.78348 
vt -11.5634 -6.78348 
vt 15.7428 -5.07684 
vt -11.5634 -5.07684 
vt 15.7428 -5.58883 
vt -11.5634 -5.58883 
vt -9.85678 -5.07684 
vt -11.5634 -5.07684 
vt -9.85678 -5.58883 
vt -11.5634 -5.58883 
vt 15.7428 -5.07684 
vt -11.5634 -5.07684 
vt 15.7428 -6.78348 
vt -11.5634 -6.78348 
vt 15.7428 -5.07684 
vt -11.5634 -5.07684 
vt 15.7428 -5.58883 
vt -11.5634 -5.58883 

usemtl Part1Mtl

f 25/25/25 26/26/26 27/27/27 
f 27/27/27 26/26/26 28/28/28 
f 29/29/29 30/30/30 31/31/31 
f 31/31/31 30/30/30 32/32/32 
f 33/33/33 34/34/34 35/35/35 
f 35/35/35 34/34/34 36/36/36 
f 37/37/37 38/38/38 39/39/39 
f 39/39/39 38/38/38 40/40/40 
f 41/41/41 42/42/42 43/43/43 
f 43/43/43 42/42/42 44/44/44 
f 45/45/45 46/46/46 47/47/47 
f 47/47/47 46/46/46 48/48/48 

g Part3

v -534.615 88.8266 -356.464 
v -534.615 102.48 -356.464 
v -558.645 88.8266 -356.464 
v -558.645 102.48 -356.464 
v -534.615 102.48 -359.946 
v -534.615 102.48 -356.464 
v -534.615 88.8266 -359.946 
v -534.615 88.8266 -356.464 
v -534.615 102.48 -356.464 
v -534.615 102.48 -359.946 
v -558.645 102.48 -356.464 
v -558.645 102.48 -359.946 
v -534.615 102.48 -359.946 
v -534.615 88.8266 -359.946 
v -558.645 102.48 -359.946 
v -558.645 88.8266 -359.946 
v -558.645 88.8266 -359.946 
v -558.645 88.8266 -356.464 
v -558.645 102.48 -359.946 
v -558.645 102.48 -356.464 
v -534.615 88.8266 -359.946 
v -534.615 88.8266 -356.464 
v -558.645 88.8266 -359.946 
v -558.645 88.8266 -356.464 

vn 0 0 1 
vn 0 0 1 
vn 0 0 1 
vn 0 0 1 
vn 1 0 0 
vn 1 0 0 
vn 1 0 0 
vn 1 0 0 
vn 0 1 0 
vn 0 1 0 
vn 0 1 0 
vn 0 1 0 
vn 0 0 -1 
vn 0 0 -1 
vn 0 0 -1 
vn 0 0 -1 
vn -1 0 0 
vn -1 0 0 
vn -1 0 0 
vn -1 0 0 
vn 0 -1 0 
vn 0 -1 0 
vn 0 -1 0 
vn 0 -1 0 

vt 2.77232 0.334556 
vt 1.06568 0.334556 
vt 2.77232 -2.66913 
vt 1.06568 -2.66913 
vt 1.50088 0.334556 
vt 1.06568 0.334556 
vt 1.50088 -1.37208 
vt 1.06568 -1.37208 
vt 1.50088 0.334556 
vt 1.06568 0.334556 
vt 1.50088 -2.66913 
vt 1.06568 -2.66913 
vt 2.77232 0.334556 
vt 1.06568 0.334556 
vt 2.77232 -2.66913 
vt 1.06568 -2.66913 
vt 1.50088 0.334556 
vt 1.06568 0.334556 
vt 1.50088 -1.37208 
vt 1.06568 -1.37208 
vt 1.50088 0.334556 
vt 1.06568 0.334556 
vt 1.50088 -2.66913 
vt 1.06568 -2.66913 

usemtl Part1Mtl

f 49/49/49 50/50/50 51/51/51 
f 51/51/51 50/50/50 52/52/52 
f 53/53/53 54/54/54 55/55/55 
f 55/55/55 54/54/54 56/56/56 
f 57/57/57 58/58/58 59/59/59 
f 59/59/59 58/58/58 60/60/60 
f 61/61/61 62/62/62 63/63/63 
f 63/63/63 62/62/62 64/64/64 
f 65/65/65 66/66/66 67/67/67 
f 67/67/67 66/66/66 68/68/68 
f 69/69/69 70/70/70 71/71/71 
f 71/71/71 70/70/70 72/72/72 

g Part4

v -527.789 88.8266 -376.944 
v -527.789 102.48 -376.944 
v -541.492 88.8266 -376.944 
v -541.492 102.48 -376.944 
v -527.789 102.48 -380.425 
v -527.789 102.48 -376.944 
v -527.789 88.8266 -380.425 
v -527.789 88.8266 -376.944 
v -527.789 102.48 -376.944 
v -527.789 102.48 -380.425 
v -541.492 102.48 -376.944 
v -541.492 102.48 -380.425 
v -527.789 102.48 -380.425 
v -527.789 88.8266 -380.425 
v -541.492 102.48 -380.425 
v -541.492 88.8266 -380.425 
v -541.492 88.8266 -380.425 
v -541.492 88.8266 -376.944 
v -541.492 102.48 -380.425 
v -541.492 102.48 -376.944 
v -527.789 88.8266 -380.425 
v -527.789 88.8266 -376.944 
v -541.492 88.8266 -380.425 
v -541.492 88.8266 -376.944 

vn 0 0 1 
vn 0 0 1 
vn 0 0 1 
vn 0 0 1 
vn 1 0 0 
vn 1 0 0 
vn 1 0 0 
vn 1 0 0 
vn 0 1 0 
vn 0 1 0 
vn 0 1 0 
vn 0 1 0 
vn 0 0 -1 
vn 0 0 -1 
vn 0 0 -1 
vn 0 0 -1 
vn -1 0 0 
vn -1 0 0 
vn -1 0 0 
vn -1 0 0 
vn 0 -1 0 
vn 0 -1 0 
vn 0 -1 0 
vn 0 -1 0 

vt 2.99283 1.41724 
vt 1.28619 1.41724 
vt 2.99283 -0.295626 
vt 1.28619 -0.295626 
vt 1.72138 1.41724 
vt 1.28619 1.41724 
vt 1.72138 -0.2894 
vt 1.28619 -0.2894 
vt 1.72138 1.41724 
vt 1.28619 1.41724 
vt 1.72138 -0.295626 
vt 1.28619 -0.295626 
vt 2.99283 1.41724 
vt 1.28619 1.41724 
vt 2.99283 -0.295626 
vt 1.28619 -0.295626 
vt 1.72138 1.41724 
vt 1.28619 1.41724 
vt 1.72138 -0.2894 
vt 1.28619 -0.2894 
vt 1.72138 1.41724 
vt 1.28619 1.41724 
vt 1.72138 -0.295626 
vt 1.28619 -0.295626 

usemtl Part1Mtl

f 73/73/73 74/74/74 75/75/75 
f 75/75/75 74/74/74 76/76/76 
f 77/77/77 78/78/78 79/79/79 
f 79/79/79 78/78/78 80/80/80 
f 81/81/81 82/82/82 83/83/83 
f 83/83/83 82/82/82 84/84/84 
f 85/85/85 86/86/86 87/87/87 
f 87/87/87 86/86/86 88/88/88 
f 89/89/89 90/90/90 91/91/91 
f 91/91/91 90/90/90 92/92/92 
f 93/93/93 94/94/94 95/95/95 
f 95/95/95 94/94/94 96/96/96 

g Part5

v -541.442 88.8266 -260.892 
v -541.442 102.48 -260.892 
v -558.645 88.8266 -260.892 
v -558.645 102.48 -260.892 
v -541.442 102.48 -264.374 
v -541.442 102.48 -260.892 
v -541.442 88.8266 -264.374 
v -541.442 88.8266 -260.892 
v -541.442 102.48 -260.892 
v -541.442 102.48 -264.374 
v -558.645 102.48 -260.892 
v -558.645 102.48 -264.374 
v -541.442 102.48 -264.374 
v -541.442 88.8266 -264.374 
v -558.645 102.48 -264.374 
v -558.645 88.8266 -264.374 
v -558.645 88.8266 -264.374 
v -558.645 88.8266 -260.892 
v -558.645 102.48 -264.374 
v -558.645 102.48 -260.892 
v -541.442 88.8266 -264.374 
v -541.442 88.8266 -260.892 
v -558.645 88.8266 -264.374 
v -558.645 88.8266 -260.892 

vn 0 0 1 
vn 0 0 1 
vn 0 0 1 
vn 0 0 1 
vn 1 0 0 
vn 1 0 0 
vn 1 0 0 
vn 1 0 0 
vn 0 1 0 
vn 0 1 0 
vn 0 1 0 
vn 0 1 0 
vn 0 0 -1 
vn 0 0 -1 
vn 0 0 -1 
vn 0 0 -1 
vn -1 0 0 
vn -1 0 0 
vn -1 0 0 
vn -1 0 0 
vn 0 -1 0 
vn 0 -1 0 
vn 0 -1 0 
vn 0 -1 0 

vt 1.01718 -0.522512 
vt -0.689456 -0.522512 
vt 1.01718 -2.67288 
vt -0.689456 -2.67288 
vt -0.254263 -0.522512 
vt -0.689456 -0.522512 
vt -0.254263 -2.22915 
vt -0.689456 -2.22915 
vt -0.254263 -0.522512 
vt -0.689456 -0.522512 
vt -0.254263 -2.67288 
vt -0.689456 -2.67288 
vt 1.01718 -0.522512 
vt -0.689456 -0.522512 
vt 1.01718 -2.67288 
vt -0.689456 -2.67288 
vt -0.254263 -0.522512 
vt -0.689456 -0.522512 
vt -0.254263 -2.22915 
vt -0.689456 -2.22915 
vt -0.254263 -0.522512 
vt -0.689456 -0.522512 
vt -0.254263 -2.67288 
vt -0.689456 -2.67288 

usemtl Part1Mtl

f 97/97/97 98/98/98 99/99/99 
f 99/99/99 98/98/98 100/100/100 
f 101/101/101 102/102/102 103/103/103 
f 103/103/103 102/102/102 104/104/104 
f 105/105/105 106/106/106 107/107/107 
f 107/107/107 106/106/106 108/108/108 
f 109/109/109 110/110/110 111/111/111 
f 111/111/111 110/110/110 112/112/112 
f 113/113/113 114/114/114 115/115/115 
f 115/115/115 114/114/114 116/116/116 
f 117/117/117 118/118/118 119/119/119 
f 119/119/119 118/118/118 120/120/120 

g Part6

v -541.476 88.8266 -421.419 
v -541.476 102.48 -421.419 
v -541.476 88.8266 -376.91 
v -541.476 102.48 -376.91 
v -544.957 102.48 -421.419 
v -541.476 102.48 -421.419 
v -544.957 88.8266 -421.419 
v -541.476 88.8266 -421.419 
v -541.476 102.48 -421.419 
v -544.957 102.48 -421.419 
v -541.476 102.48 -376.91 
v -544.957 102.48 -376.91 
v -544.957 102.48 -421.419 
v -544.957 88.8266 -421.419 
v -544.957 102.48 -376.91 
v -544.957 88.8266 -376.91 
v -544.957 88.8266 -376.91 
v -541.476 88.8266 -376.91 
v -544.957 102.48 -376.91 
v -541.476 102.48 -376.91 
v -544.957 88.8266 -421.419 
v -541.476 88.8266 -421.419 
v -544.957 88.8266 -376.91 
v -541.476 88.8266 -376.91 

vn 1 0 0 
vn 1 0 0 
vn 1 0 0 
vn 1 0 0 
vn 0 0 -1 
vn 0 0 -1 
vn 0 0 -1 
vn 0 0 -1 
vn 0 1 0 
vn 0 1 0 
vn 0 1 0 
vn 0 1 0 
vn -1 0 0 
vn -1 0 0 
vn -1 0 0 
vn -1 0 0 
vn 0 0 1 
vn 0 0 1 
vn 0 0 1 
vn 0 0 1 
vn 0 -1 0 
vn 0 -1 0 
vn 0 -1 0 
vn 0 -1 0 

vt -0.819363 4.01785 
vt -2.526 4.01785 
vt -0.819363 -1.5458 
vt -2.526 -1.5458 
vt -2.09081 4.01785 
vt -2.526 4.01785 
vt -2.09081 2.31121 
vt -2.526 2.31121 
vt -2.09081 4.01785 
vt -2.526 4.01785 
vt -2.09081 -1.5458 
vt -2.526 -1.5458 
vt -0.819363 4.01785 
vt -2.526 4.01785 
vt -0.819363 -1.5458 
vt -2.526 -1.5458 
vt -2.09081 4.01785 
vt -2.526 4.01785 
vt -2.09081 2.31121 
vt -2.526 2.31121 
vt -2.09081 4.01785 
vt -2.526 4.01785 
vt -2.09081 -1.5458 
vt -2.526 -1.5458 

usemtl Part1Mtl

f 121/121/121 122/122/122 123/123/123 
f 123/123/123 122/122/122 124/124/124 
f 125/125/125 126/126/126 127/127/127 
f 127/127/127 126/126/126 128/128/128 
f 129/129/129 130/130/130 131/131/131 
f 131/131/131 130/130/130 132/132/132 
f 133/133/133 134/134/134 135/135/135 
f 135/135/135 134/134/134 136/136/136 
f 137/137/137 138/138/138 139/139/139 
f 139/139/139 138/138/138 140/140/140 
f 141/141/141 142/142/142 143/143/143 
f 143/143/143 142/142/142 144/144/144 

g Part7

v -531.304 88.8266 -431.522 
v -531.304 102.48 -431.522 
v -531.304 88.8266 -448.725 
v -531.304 102.48 -448.725 
v -527.823 102.48 -431.522 
v -531.304 102.48 -431.522 
v -527.823 88.8266 -431.522 
v -531.304 88.8266 -431.522 
v -531.304 102.48 -431.522 
v -527.823 102.48 -431.522 
v -531.304 102.48 -448.725 
v -527.823 102.48 -448.725 
v -527.823 102.48 -431.522 
v -527.823 88.8266 -431.522 
v -527.823 102.48 -448.725 
v -527.823 88.8266 -448.725 
v -527.823 88.8266 -448.725 
v -531.304 88.8266 -448.725 
v -527.823 102.48 -448.725 
v -531.304 102.48 -448.725 
v -527.823 88.8266 -431.522 
v -531.304 88.8266 -431.522 
v -527.823 88.8266 -448.725 
v -531.304 88.8266 -448.725 

vn -1 0 0 
vn -1 0 0 
vn -1 0 0 
vn -1 0 0 
vn 0 0 1 
vn 0 0 1 
vn 0 0 1 
vn 0 0 1 
vn 0 1 0 
vn 0 1 0 
vn 0 1 0 
vn 0 1 0 
vn 1 0 0 
vn 1 0 0 
vn 1 0 0 
vn 1 0 0 
vn 0 0 -1 
vn 0 0 -1 
vn 0 0 -1 
vn 0 0 -1 
vn 0 -1 0 
vn 0 -1 0 
vn 0 -1 0 
vn 0 -1 0 

vt 3.43078 -0.489956 
vt 1.72414 -0.489956 
vt 3.43078 -2.64032 
vt 1.72414 -2.64032 
vt 2.15934 -0.489956 
vt 1.72414 -0.489956 
vt 2.15934 -2.1966 
vt 1.72414 -2.1966 
vt 2.15934 -0.489956 
vt 1.72414 -0.489956 
vt 2.15934 -2.64032 
vt 1.72414 -2.64032 
vt 3.43078 -0.489956 
vt 1.72414 -0.489956 
vt 3.43078 -2.64032 
vt 1.72414 -2.64032 
vt 2.15934 -0.489956 
vt 1.72414 -0.489956 
vt 2.15934 -2.1966 
vt 1.72414 -2.1966 
vt 2.15934 -0.489956 
vt 1.72414 -0.489956 
vt 2.15934 -2.64032 
vt 1.72414 -2.64032 

usemtl Part1Mtl

f 145/145/145 146/146/146 147/147/147 
f 147/147/147 146/146/146 148/148/148 
f 149/149/149 150/150/150 151/151/151 
f 151/151/151 150/150/150 152/152/152 
f 153/153/153 154/154/154 155/155/155 
f 155/155/155 154/154/154 156/156/156 
f 157/157/157 158/158/158 159/159/159 
f 159/159/159 158/158/158 160/160/160 
f 161/161/161 162/162/162 163/163/163 
f 163/163/163 162/162/162 164/164/164 
f 165/165/165 166/166/166 167/167/167 
f 167/167/167 166/166/166 168/168/168 

g Part8

v -541.442 88.8266 -431.556 
v -541.442 102.48 -431.556 
v -558.645 88.8266 -431.556 
v -558.645 102.48 -431.556 
v -541.442 102.48 -435.038 
v -541.442 102.48 -431.556 
v -541.442 88.8266 -435.038 
v -541.442 88.8266 -431.556 
v -541.442 102.48 -431.556 
v -541.442 102.48 -435.038 
v -558.645 102.48 -431.556 
v -558.645 102.48 -435.038 
v -541.442 102.48 -435.038 
v -541.442 88.8266 -435.038 
v -558.645 102.48 -435.038 
v -558.645 88.8266 -435.038 
v -558.645 88.8266 -435.038 
v -558.645 88.8266 -431.556 
v -558.645 102.48 -435.038 
v -558.645 102.48 -431.556 
v -541.442 88.8266 -435.038 
v -541.442 88.8266 -431.556 
v -558.645 88.8266 -435.038 
v -558.645 88.8266 -431.556 

vn 0 0 1 
vn 0 0 1 
vn 0 0 1 
vn 0 0 1 
vn 1 0 0 
vn 1 0 0 
vn 1 0 0 
vn 1 0 0 
vn 0 1 0 
vn 0 1 0 
vn 0 1 0 
vn 0 1 0 
vn 0 0 -1 
vn 0 0 -1 
vn 0 0 -1 
vn 0 0 -1 
vn -1 0 0 
vn -1 0 0 
vn -1 0 0 
vn -1 0 0 
vn 0 -1 0 
vn 0 -1 0 
vn 0 -1 0 
vn 0 -1 0 

vt 3.68589 2.15686 
vt 1.97925 2.15686 
vt 3.68589 0.00649726 
vt 1.97925 0.00649726 
vt 2.41444 2.15686 
vt 1.97925 2.15686 
vt 2.41444 0.450224 
vt 1.97925 0.450224 
vt 2.41444 2.15686 
vt 1.97925 2.15686 
vt 2.41444 0.00649726 
vt 1.97925 0.00649726 
vt 3.68589 2.15686 
vt 1.97925 2.15686 
vt 3.68589 0.00649726 
vt 1.97925 0.00649726 
vt 2.41444 2.15686 
vt 1.97925 2.15686 
vt 2.41444 0.450224 
vt 1.97925 0.450224 
vt 2.41444 2.15686 
vt 1.97925 2.15686 
vt 2.41444 0.00649726 
vt 1.97925 0.00649726 

usemtl Part1Mtl

f 169/169/169 170/170/170 171/171/171 
f 171/171/171 170/170/170 172/172/172 
f 173/173/173 174/174/174 175/175/175 
f 175/175/175 174/174/174 176/176/176 
f 177/177/177 178/178/178 179/179/179 
f 179/179/179 178/178/178 180/180/180 
f 181/181/181 182/182/182 183/183/183 
f 183/183/183 182/182/182 184/184/184 
f 185/185/185 186/186/186 187/187/187 
f 187/187/187 186/186/186 188/188/188 
f 189/189/189 190/190/190 191/191/191 
f 191/191/191 190/190/190 192/192/192 

g Wedge1

v -532.062 92.9166 -262.205 
v -532.062 92.9166 -262.205 
v -532.062 94.8266 -264.205 
v -532.062 94.8266 -262.205 
v -532.062 92.9166 -262.205 
v -531.502 92.9166 -262.205 
v -532.062 94.8266 -262.205 
v -531.502 94.8266 -262.205 
v -531.502 92.9166 -262.205 
v -531.502 92.9166 -262.205 
v -531.502 94.8266 -262.205 
v -531.502 94.8266 -264.205 
v -531.502 94.8266 -264.205 
v -532.062 94.8266 -264.205 
v -531.502 94.8266 -262.205 
v -532.062 94.8266 -262.205 
v -531.502 92.9166 -262.205 
v -532.062 92.9166 -262.205 
v -531.502 94.8266 -264.205 
v -532.062 94.8266 -264.205 

vn -1 0 0 
vn -1 0 0 
vn -1 0 0 
vn -1 0 0 
vn 0 0 1 
vn 0 0 1 
vn 0 0 1 
vn 0 0 1 
vn 1 0 0 
vn 1 0 0 
vn 1 0 0 
vn 1 0 0 
vn 0 1 0 
vn 0 1 0 
vn 0 1 0 
vn 0 1 0 
vn 0 -0.724409 -0.692913 
vn 0 -0.724409 -0.692913 
vn 0 -0.724409 -0.692913 
vn 0 -0.724409 -0.692913 

vt 7 0.5 
vt 7 0.5 
vt 7.25 0.26125 
vt 7 0.26125 
vt 7.07 0.5 
vt 7 0.5 
vt 7.07 0.26125 
vt 7 0.26125 
vt 7.25 0.5 
vt 7.25 0.5 
vt 7.25 0.26125 
vt 7 0.26125 
vt 7.07 0.5 
vt 7 0.5 
vt 7.07 0.25 
vt 7 0.25 
vt 7.07 0.5 
vt 7 0.5 
vt 7.07 0.15431 
vt 7 0.15431 

usemtl Wedge1Mtl

f 193/193/193 194/194/194 195/195/195 
f 195/195/195 194/194/194 196/196/196 
f 197/197/197 198/198/198 199/199/199 
f 199/199/199 198/198/198 200/200/200 
f 201/201/201 202/202/202 203/203/203 
f 203/203/203 202/202/202 204/204/204 
f 205/205/205 206/206/206 207/207/207 
f 207/207/207 206/206/206 208/208/208 
f 209/209/209 210/210/210 211/211/211 
f 211/211/211 210/210/210 212/212/212 

g Sign1

v -531.542 95.7066 -257.195 
v -531.792 95.7066 -257.195 
v -531.542 93.7566 -257.195 
v -531.792 93.7566 -257.195 
v -531.792 95.7066 -262.225 
v -531.792 95.7066 -257.195 
v -531.542 95.7066 -262.225 
v -531.542 95.7066 -257.195 
v -531.792 95.7066 -257.195 
v -531.792 95.7066 -262.225 
v -531.792 93.7566 -257.195 
v -531.792 93.7566 -262.225 
v -531.792 95.7066 -262.225 
v -531.542 95.7066 -262.225 
v -531.792 93.7566 -262.225 
v -531.542 93.7566 -262.225 
v -531.542 93.7566 -262.225 
v -531.542 93.7566 -257.195 
v -531.792 93.7566 -262.225 
v -531.792 93.7566 -257.195 
v -531.542 95.7066 -262.225 
v -531.542 95.7066 -257.195 
v -531.542 93.7566 -262.225 
v -531.542 93.7566 -257.195 

vn 0 0 1 
vn 0 0 1 
vn 0 0 1 
vn 0 0 1 
vn 0 1 0 
vn 0 1 0 
vn 0 1 0 
vn 0 1 0 
vn -1 0 0 
vn -1 0 0 
vn -1 0 0 
vn -1 0 0 
vn 0 0 -1 
vn 0 0 -1 
vn 0 0 -1 
vn 0 0 -1 
vn 0 -1 0 
vn 0 -1 0 
vn 0 -1 0 
vn 0 -1 0 
vn 1 0 0 
vn 1 0 0 
vn 1 0 0 
vn 1 0 0 

vt 1.28125 -6.5 
vt 1.25 -6.5 
vt 1.28125 -6.74375 
vt 1.25 -6.74375 
vt 1.87875 -6.5 
vt 1.25 -6.5 
vt 1.87875 -6.53125 
vt 1.25 -6.53125 
vt 1.87875 -6.5 
vt 1.25 -6.5 
vt 1.87875 -6.74375 
vt 1.25 -6.74375 
vt 1.28125 -6.5 
vt 1.25 -6.5 
vt 1.28125 -6.74375 
vt 1.25 -6.74375 
vt 1.87875 -6.5 
vt 1.25 -6.5 
vt 1.87875 -6.53125 
vt 1.25 -6.53125 
vt 1.87875 -6.5 
vt 1.25 -6.5 
vt 1.87875 -6.74375 
vt 1.25 -6.74375 

usemtl Sign1Mtl

f 213/213/213 214/214/214 215/215/215 
f 215/215/215 214/214/214 216/216/216 
f 217/217/217 218/218/218 219/219/219 
f 219/219/219 218/218/218 220/220/220 
f 221/221/221 222/222/222 223/223/223 
f 223/223/223 222/222/222 224/224/224 
f 225/225/225 226/226/226 227/227/227 
f 227/227/227 226/226/226 228/228/228 
f 229/229/229 230/230/230 231/231/231 
f 231/231/231 230/230/230 232/232/232 
f 233/233/233 234/234/234 235/235/235 
f 235/235/235 234/234/234 236/236/236 

g Wedge2

v -531.502 96.8166 -262.205 
v -531.502 96.8166 -262.205 
v -531.502 94.8066 -264.205 
v -531.502 94.8066 -262.205 
v -531.502 96.8166 -262.205 
v -532.062 96.8166 -262.205 
v -531.502 94.8066 -262.205 
v -532.062 94.8066 -262.205 
v -532.062 96.8166 -262.205 
v -532.062 96.8166 -262.205 
v -532.062 94.8066 -262.205 
v -532.062 94.8066 -264.205 
v -532.062 94.8066 -264.205 
v -531.502 94.8066 -264.205 
v -532.062 94.8066 -262.205 
v -531.502 94.8066 -262.205 
v -532.062 96.8166 -262.205 
v -531.502 96.8166 -262.205 
v -532.062 94.8066 -264.205 
v -531.502 94.8066 -264.205 

vn 1 0 0 
vn 1 0 0 
vn 1 0 0 
vn 1 0 0 
vn 0 0 1 
vn 0 0 1 
vn 0 0 1 
vn 0 0 1 
vn -1 0 0 
vn -1 0 0 
vn -1 0 0 
vn -1 0 0 
vn 0 -1 0 
vn 0 -1 0 
vn 0 -1 0 
vn 0 -1 0 
vn 0 0.708661 -0.708661 
vn 0 0.708661 -0.708661 
vn 0 0.708661 -0.708661 
vn 0 0.708661 -0.708661 

vt 0.25 -5.25 
vt 0.25 -5.25 
vt 0.5 -5.50125 
vt 0.25 -5.50125 
vt 0.32 -5.25 
vt 0.25 -5.25 
vt 0.32 -5.50125 
vt 0.25 -5.50125 
vt 0.5 -5.25 
vt 0.5 -5.25 
vt 0.5 -5.50125 
vt 0.25 -5.50125 
vt 0.32 -5.25 
vt 0.25 -5.25 
vt 0.32 -5.5 
vt 0.25 -5.5 
vt 0.32 -5.25 
vt 0.25 -5.25 
vt 0.32 -5.60444 
vt 0.25 -5.60444 

usemtl Wedge1Mtl

f 237/237/237 238/238/238 239/239/239 
f 239/239/239 238/238/238 240/240/240 
f 241/241/241 242/242/242 243/243/243 
f 243/243/243 242/242/242 244/244/244 
f 245/245/245 246/246/246 247/247/247 
f 247/247/247 246/246/246 248/248/248 
f 249/249/249 250/250/250 251/251/251 
f 251/251/251 250/250/250 252/252/252 
f 253/253/253 254/254/254 255/255/255 
f 255/255/255 254/254/254 256/256/256 

g Part9

v -520.962 88.8266 -335.984 
v -520.962 102.48 -335.984 
v -544.992 88.8266 -335.984 
v -544.992 102.48 -335.984 
v -520.962 102.48 -339.466 
v -520.962 102.48 -335.984 
v -520.962 88.8266 -339.466 
v -520.962 88.8266 -335.984 
v -520.962 102.48 -335.984 
v -520.962 102.48 -339.466 
v -544.992 102.48 -335.984 
v -544.992 102.48 -339.466 
v -520.962 102.48 -339.466 
v -520.962 88.8266 -339.466 
v -544.992 102.48 -339.466 
v -544.992 88.8266 -339.466 
v -544.992 88.8266 -339.466 
v -544.992 88.8266 -335.984 
v -544.992 102.48 -339.466 
v -544.992 102.48 -335.984 
v -520.962 88.8266 -339.466 
v -520.962 88.8266 -335.984 
v -544.992 88.8266 -339.466 
v -544.992 88.8266 -335.984 

vn 0 0 1 
vn 0 0 1 
vn 0 0 1 
vn 0 0 1 
vn 1 0 0 
vn 1 0 0 
vn 1 0 0 
vn 1 0 0 
vn 0 1 0 
vn 0 1 0 
vn 0 1 0 
vn 0 1 0 
vn 0 0 -1 
vn 0 0 -1 
vn 0 0 -1 
vn 0 0 -1 
vn -1 0 0 
vn -1 0 0 
vn -1 0 0 
vn -1 0 0 
vn 0 -1 0 
vn 0 -1 0 
vn 0 -1 0 
vn 0 -1 0 

vt 1.14968 -0.825199 
vt -0.556961 -0.825199 
vt 1.14968 -3.82889 
vt -0.556961 -3.82889 
vt -0.121768 -0.825199 
vt -0.556961 -0.825199 
vt -0.121768 -2.53184 
vt -0.556961 -2.53184 
vt -0.121768 -0.825199 
vt -0.556961 -0.825199 
vt -0.121768 -3.82889 
vt -0.556961 -3.82889 
vt 1.14968 -0.825199 
vt -0.556961 -0.825199 
vt 1.14968 -3.82889 
vt -0.556961 -3.82889 
vt -0.121768 -0.825199 
vt -0.556961 -0.825199 
vt -0.121768 -2.53184 
vt -0.556961 -2.53184 
vt -0.121768 -0.825199 
vt -0.556961 -0.825199 
vt -0.121768 -3.82889 
vt -0.556961 -3.82889 

usemtl Part1Mtl

f 257/257/257 258/258/258 259/259/259 
f 259/259/259 258/258/258 260/260/260 
f 261/261/261 262/262/262 263/263/263 
f 263/263/263 262/262/262 264/264/264 
f 265/265/265 266/266/266 267/267/267 
f 267/267/267 266/266/266 268/268/268 
f 269/269/269 270/270/270 271/271/271 
f 271/271/271 270/270/270 272/272/272 
f 273/273/273 274/274/274 275/275/275 
f 275/275/275 274/274/274 276/276/276 
f 277/277/277 278/278/278 279/279/279 
f 279/279/279 278/278/278 280/280/280 

g Part10

v -534.718 88.8266 -349.603 
v -534.718 102.48 -349.603 
v -534.718 88.8266 -368.854 
v -534.718 102.48 -368.854 
v -531.236 102.48 -349.603 
v -534.718 102.48 -349.603 
v -531.236 88.8266 -349.603 
v -534.718 88.8266 -349.603 
v -534.718 102.48 -349.603 
v -531.236 102.48 -349.603 
v -534.718 102.48 -368.854 
v -531.236 102.48 -368.854 
v -531.236 102.48 -349.603 
v -531.236 88.8266 -349.603 
v -531.236 102.48 -368.854 
v -531.236 88.8266 -368.854 
v -531.236 88.8266 -368.854 
v -534.718 88.8266 -368.854 
v -531.236 102.48 -368.854 
v -534.718 102.48 -368.854 
v -531.236 88.8266 -349.603 
v -534.718 88.8266 -349.603 
v -531.236 88.8266 -368.854 
v -534.718 88.8266 -368.854 

vn -1 0 0 
vn -1 0 0 
vn -1 0 0 
vn -1 0 0 
vn 0 0 1 
vn 0 0 1 
vn 0 0 1 
vn 0 0 1 
vn 0 1 0 
vn 0 1 0 
vn 0 1 0 
vn 0 1 0 
vn 1 0 0 
vn 1 0 0 
vn 1 0 0 
vn 1 0 0 
vn 0 0 -1 
vn 0 0 -1 
vn 0 0 -1 
vn 0 0 -1 
vn 0 -1 0 
vn 0 -1 0 
vn 0 -1 0 
vn 0 -1 0 

vt 1.13832 1.81166 
vt -0.568324 1.81166 
vt 1.13832 -0.594701 
vt -0.568324 -0.594701 
vt -0.133131 1.81166 
vt -0.568324 1.81166 
vt -0.133131 0.105022 
vt -0.568324 0.105022 
vt -0.133131 1.81166 
vt -0.568324 1.81166 
vt -0.133131 -0.594701 
vt -0.568324 -0.594701 
vt 1.13832 1.81166 
vt -0.568324 1.81166 
vt 1.13832 -0.594701 
vt -0.568324 -0.594701 
vt -0.133131 1.81166 
vt -0.568324 1.81166 
vt -0.133131 0.105022 
vt -0.568324 0.105022 
vt -0.133131 1.81166 
vt -0.568324 1.81166 
vt -0.133131 -0.594701 
vt -0.568324 -0.594701 

usemtl Part1Mtl

f 281/281/281 282/282/282 283/283/283 
f 283/283/283 282/282/282 284/284/284 
f 285/285/285 286/286/286 287/287/287 
f 287/287/287 286/286/286 288/288/288 
f 289/289/289 290/290/290 291/291/291 
f 291/291/291 290/290/290 292/292/292 
f 293/293/293 294/294/294 295/295/295 
f 295/295/295 294/294/294 296/296/296 
f 297/297/297 298/298/298 299/299/299 
f 299/299/299 298/298/298 300/300/300 
f 301/301/301 302/302/302 303/303/303 
f 303/303/303 302/302/302 304/304/304 

g Part11

v -507.309 88.8266 -349.637 
v -507.309 102.48 -349.637 
v -531.339 88.8266 -349.637 
v -531.339 102.48 -349.637 
v -507.309 102.48 -353.119 
v -507.309 102.48 -349.637 
v -507.309 88.8266 -353.119 
v -507.309 88.8266 -349.637 
v -507.309 102.48 -349.637 
v -507.309 102.48 -353.119 
v -531.339 102.48 -349.637 
v -531.339 102.48 -353.119 
v -507.309 102.48 -353.119 
v -507.309 88.8266 -353.119 
v -531.339 102.48 -353.119 
v -531.339 88.8266 -353.119 
v -531.339 88.8266 -353.119 
v -531.339 88.8266 -349.637 
v -531.339 102.48 -353.119 
v -531.339 102.48 -349.637 
v -507.309 88.8266 -353.119 
v -507.309 88.8266 -349.637 
v -531.339 88.8266 -353.119 
v -531.339 88.8266 -349.637 

vn 0 0 1 
vn 0 0 1 
vn 0 0 1 
vn 0 0 1 
vn 1 0 0 
vn 1 0 0 
vn 1 0 0 
vn 1 0 0 
vn 0 1 0 
vn 0 1 0 
vn 0 1 0 
vn 0 1 0 
vn 0 0 -1 
vn 0 0 -1 
vn 0 0 -1 
vn 0 0 -1 
vn -1 0 0 
vn -1 0 0 
vn -1 0 0 
vn -1 0 0 
vn 0 -1 0 
vn 0 -1 0 
vn 0 -1 0 
vn 0 -1 0 

vt 0.724618 -0.531158 
vt -0.982023 -0.531158 
vt 0.724618 -3.53484 
vt -0.982023 -3.53484 
vt -0.546829 -0.531158 
vt -0.982023 -0.531158 
vt -0.546829 -2.2378 
vt -0.982023 -2.2378 
vt -0.546829 -0.531158 
vt -0.982023 -0.531158 
vt -0.546829 -3.53484 
vt -0.982023 -3.53484 
vt 0.724618 -0.531158 
vt -0.982023 -0.531158 
vt 0.724618 -3.53484 
vt -0.982023 -3.53484 
vt -0.546829 -0.531158 
vt -0.982023 -0.531158 
vt -0.546829 -2.2378 
vt -0.982023 -2.2378 
vt -0.546829 -0.531158 
vt -0.982023 -0.531158 
vt -0.546829 -3.53484 
vt -0.982023 -3.53484 

usemtl Part1Mtl

f 305/305/305 306/306/306 307/307/307 
f 307/307/307 306/306/306 308/308/308 
f 309/309/309 310/310/310 311/311/311 
f 311/311/311 310/310/310 312/312/312 
f 313/313/313 314/314/314 315/315/315 
f 315/315/315 314/314/314 316/316/316 
f 317/317/317 318/318/318 319/319/319 
f 319/319/319 318/318/318 320/320/320 
f 321/321/321 322/322/322 323/323/323 
f 323/323/323 322/322/322 324/324/324 
f 325/325/325 326/326/326 327/327/327 
f 327/327/327 326/326/326 328/328/328 

g Part12

v -524.478 88.8266 -308.644 
v -524.478 102.48 -308.644 
v -524.478 88.8266 -336 
v -524.478 102.48 -336 
v -520.996 102.48 -308.644 
v -524.478 102.48 -308.644 
v -520.996 88.8266 -308.644 
v -524.478 88.8266 -308.644 
v -524.478 102.48 -308.644 
v -520.996 102.48 -308.644 
v -524.478 102.48 -336 
v -520.996 102.48 -336 
v -520.996 102.48 -308.644 
v -520.996 88.8266 -308.644 
v -520.996 102.48 -336 
v -520.996 88.8266 -336 
v -520.996 88.8266 -336 
v -524.478 88.8266 -336 
v -520.996 102.48 -336 
v -524.478 102.48 -336 
v -520.996 88.8266 -308.644 
v -524.478 88.8266 -308.644 
v -520.996 88.8266 -336 
v -524.478 88.8266 -336 

vn -1 0 0 
vn -1 0 0 
vn -1 0 0 
vn -1 0 0 
vn 0 0 1 
vn 0 0 1 
vn 0 0 1 
vn 0 0 1 
vn 0 1 0 
vn 0 1 0 
vn 0 1 0 
vn 0 1 0 
vn 1 0 0 
vn 1 0 0 
vn 1 0 0 
vn 1 0 0 
vn 0 0 -1 
vn 0 0 -1 
vn 0 0 -1 
vn 0 0 -1 
vn 0 -1 0 
vn 0 -1 0 
vn 0 -1 0 
vn 0 -1 0 

vt 1.4562 -0.151804 
vt -0.250444 -0.151804 
vt 1.4562 -3.57131 
vt -0.250444 -3.57131 
vt 0.184749 -0.151804 
vt -0.250444 -0.151804 
vt 0.184749 -1.85844 
vt -0.250444 -1.85844 
vt 0.184749 -0.151804 
vt -0.250444 -0.151804 
vt 0.184749 -3.57131 
vt -0.250444 -3.57131 
vt 1.4562 -0.151804 
vt -0.250444 -0.151804 
vt 1.4562 -3.57131 
vt -0.250444 -3.57131 
vt 0.184749 -0.151804 
vt -0.250444 -0.151804 
vt 0.184749 -1.85844 
vt -0.250444 -1.85844 
vt 0.184749 -0.151804 
vt -0.250444 -0.151804 
vt 0.184749 -3.57131 
vt -0.250444 -3.57131 

usemtl Part1Mtl

f 329/329/329 330/330/330 331/331/331 
f 331/331/331 330/330/330 332/332/332 
f 333/333/333 334/334/334 335/335/335 
f 335/335/335 334/334/334 336/336/336 
f 337/337/337 338/338/338 339/339/339 
f 339/339/339 338/338/338 340/340/340 
f 341/341/341 342/342/342 343/343/343 
f 343/343/343 342/342/342 344/344/344 
f 345/345/345 346/346/346 347/347/347 
f 347/347/347 346/346/346 348/348/348 
f 349/349/349 350/350/350 351/351/351 
f 351/351/351 350/350/350 352/352/352 

g Part13

v -534.615 88.8266 -281.372 
v -534.615 102.48 -281.372 
v -544.992 88.8266 -281.372 
v -544.992 102.48 -281.372 
v -534.615 102.48 -284.853 
v -534.615 102.48 -281.372 
v -534.615 88.8266 -284.853 
v -534.615 88.8266 -281.372 
v -534.615 102.48 -281.372 
v -534.615 102.48 -284.853 
v -544.992 102.48 -281.372 
v -544.992 102.48 -284.853 
v -534.615 102.48 -284.853 
v -534.615 88.8266 -284.853 
v -544.992 102.48 -284.853 
v -544.992 88.8266 -284.853 
v -544.992 88.8266 -284.853 
v -544.992 88.8266 -281.372 
v -544.992 102.48 -284.853 
v -544.992 102.48 -281.372 
v -534.615 88.8266 -284.853 
v -534.615 88.8266 -281.372 
v -544.992 88.8266 -284.853 
v -544.992 88.8266 -281.372 

vn 0 0 1 
vn 0 0 1 
vn 0 0 1 
vn 0 0 1 
vn 1 0 0 
vn 1 0 0 
vn 1 0 0 
vn 1 0 0 
vn 0 1 0 
vn 0 1 0 
vn 0 1 0 
vn 0 1 0 
vn 0 0 -1 
vn 0 0 -1 
vn 0 0 -1 
vn 0 0 -1 
vn -1 0 0 
vn -1 0 0 
vn -1 0 0 
vn -1 0 0 
vn 0 -1 0 
vn 0 -1 0 
vn 0 -1 0 
vn 0 -1 0 

vt 1.24319 -0.61539 
vt -0.463451 -0.61539 
vt 1.24319 -1.91244 
vt -0.463451 -1.91244 
vt -0.0282578 -0.61539 
vt -0.463451 -0.61539 
vt -0.0282578 -2.32203 
vt -0.463451 -2.32203 
vt -0.0282578 -0.61539 
vt -0.463451 -0.61539 
vt -0.0282578 -1.91244 
vt -0.463451 -1.91244 
vt 1.24319 -0.61539 
vt -0.463451 -0.61539 
vt 1.24319 -1.91244 
vt -0.463451 -1.91244 
vt -0.0282578 -0.61539 
vt -0.463451 -0.61539 
vt -0.0282578 -2.32203 
vt -0.463451 -2.32203 
vt -0.0282578 -0.61539 
vt -0.463451 -0.61539 
vt -0.0282578 -1.91244 
vt -0.463451 -1.91244 

usemtl Part1Mtl

f 353/353/353 354/354/354 355/355/355 
f 355/355/355 354/354/354 356/356/356 
f 357/357/357 358/358/358 359/359/359 
f 359/359/359 358/358/358 360/360/360 
f 361/361/361 362/362/362 363/363/363 
f 363/363/363 362/362/362 364/364/364 
f 365/365/365 366/366/366 367/367/367 
f 367/367/367 366/366/366 368/368/368 
f 369/369/369 370/370/370 371/371/371 
f 371/371/371 370/370/370 372/372/372 
f 373/373/373 374/374/374 375/375/375 
f 375/375/375 374/374/374 376/376/376 

g Part14

v -535.264 88.8266 -247.205 
v -535.264 102.48 -247.205 
v -535.264 88.8266 -325.847 
v -535.264 102.48 -325.847 
v -531.782 102.48 -247.205 
v -535.264 102.48 -247.205 
v -531.782 88.8266 -247.205 
v -535.264 88.8266 -247.205 
v -535.264 102.48 -247.205 
v -531.782 102.48 -247.205 
v -535.264 102.48 -325.847 
v -531.782 102.48 -325.847 
v -531.782 102.48 -247.205 
v -531.782 88.8266 -247.205 
v -531.782 102.48 -325.847 
v -531.782 88.8266 -325.847 
v -531.782 88.8266 -325.847 
v -535.264 88.8266 -325.847 
v -531.782 102.48 -325.847 
v -535.264 102.48 -325.847 
v -531.782 88.8266 -247.205 
v -535.264 88.8266 -247.205 
v -531.782 88.8266 -325.847 
v -535.264 88.8266 -325.847 

vn -1 0 0 
vn -1 0 0 
vn -1 0 0 
vn -1 0 0 
vn 0 0 1 
vn 0 0 1 
vn 0 0 1 
vn 0 0 1 
vn 0 1 0 
vn 0 1 0 
vn 0 1 0 
vn 0 1 0 
vn 1 0 0 
vn 1 0 0 
vn 1 0 0 
vn 1 0 0 
vn 0 0 -1 
vn 0 0 -1 
vn 0 0 -1 
vn 0 0 -1 
vn 0 -1 0 
vn 0 -1 0 
vn 0 -1 0 
vn 0 -1 0 

vt 0.210657 -3.15588 
vt -1.49598 -3.15588 
vt 0.210657 -12.9861 
vt -1.49598 -12.9861 
vt -1.06079 -3.15588 
vt -1.49598 -3.15588 
vt -1.06079 -4.86252 
vt -1.49598 -4.86252 
vt -1.06079 -3.15588 
vt -1.49598 -3.15588 
vt -1.06079 -12.9861 
vt -1.49598 -12.9861 
vt 0.210657 -3.15588 
vt -1.49598 -3.15588 
vt 0.210657 -12.9861 
vt -1.49598 -12.9861 
vt -1.06079 -3.15588 
vt -1.49598 -3.15588 
vt -1.06079 -4.86252 
vt -1.49598 -4.86252 
vt -1.06079 -3.15588 
vt -1.49598 -3.15588 
vt -1.06079 -12.9861 
vt -1.49598 -12.9861 

usemtl Part1Mtl

f 377/377/377 378/378/378 379/379/379 
f 379/379/379 378/378/378 380/380/380 
f 381/381/381 382/382/382 383/383/383 
f 383/383/383 382/382/382 384/384/384 
f 385/385/385 386/386/386 387/387/387 
f 387/387/387 386/386/386 388/388/388 
f 389/389/389 390/390/390 391/391/391 
f 391/391/391 390/390/390 392/392/392 
f 393/393/393 394/394/394 395/395/395 
f 395/395/395 394/394/394 396/396/396 
f 397/397/397 398/398/398 399/399/399 
f 399/399/399 398/398/398 400/400/400 

g Part15

v -544.957 88.8266 -233.552 
v -544.957 102.48 -233.552 
v -544.957 88.8266 -250.755 
v -544.957 102.48 -250.755 
v -541.476 102.48 -233.552 
v -544.957 102.48 -233.552 
v -541.476 88.8266 -233.552 
v -544.957 88.8266 -233.552 
v -544.957 102.48 -233.552 
v -541.476 102.48 -233.552 
v -544.957 102.48 -250.755 
v -541.476 102.48 -250.755 
v -541.476 102.48 -233.552 
v -541.476 88.8266 -233.552 
v -541.476 102.48 -250.755 
v -541.476 88.8266 -250.755 
v -541.476 88.8266 -250.755 
v -544.957 88.8266 -250.755 
v -541.476 102.48 -250.755 
v -544.957 102.48 -250.755 
v -541.476 88.8266 -233.552 
v -544.957 88.8266 -233.552 
v -541.476 88.8266 -250.755 
v -544.957 88.8266 -250.755 

vn -1 0 0 
vn -1 0 0 
vn -1 0 0 
vn -1 0 0 
vn 0 0 1 
vn 0 0 1 
vn 0 0 1 
vn 0 0 1 
vn 0 1 0 
vn 0 1 0 
vn 0 1 0 
vn 0 1 0 
vn 1 0 0 
vn 1 0 0 
vn 1 0 0 
vn 1 0 0 
vn 0 0 -1 
vn 0 0 -1 
vn 0 0 -1 
vn 0 0 -1 
vn 0 -1 0 
vn 0 -1 0 
vn 0 -1 0 
vn 0 -1 0 

vt 3.10875 1.32652 
vt 1.40211 1.32652 
vt 3.10875 -0.823851 
vt 1.40211 -0.823851 
vt 1.8373 1.32652 
vt 1.40211 1.32652 
vt 1.8373 -0.380124 
vt 1.40211 -0.380124 
vt 1.8373 1.32652 
vt 1.40211 1.32652 
vt 1.8373 -0.823851 
vt 1.40211 -0.823851 
vt 3.10875 1.32652 
vt 1.40211 1.32652 
vt 3.10875 -0.823851 
vt 1.40211 -0.823851 
vt 1.8373 1.32652 
vt 1.40211 1.32652 
vt 1.8373 -0.380124 
vt 1.40211 -0.380124 
vt 1.8373 1.32652 
vt 1.40211 1.32652 
vt 1.8373 -0.823851 
vt 1.40211 -0.823851 

usemtl Part1Mtl

f 401/401/401 402/402/402 403/403/403 
f 403/403/403 402/402/402 404/404/404 
f 405/405/405 406/406/406 407/407/407 
f 407/407/407 406/406/406 408/408/408 
f 409/409/409 410/410/410 411/411/411 
f 411/411/411 410/410/410 412/412/412 
f 413/413/413 414/414/414 415/415/415 
f 415/415/415 414/414/414 416/416/416 
f 417/417/417 418/418/418 419/419/419 
f 419/419/419 418/418/418 420/420/420 
f 421/421/421 422/422/422 423/423/423 
f 423/423/423 422/422/422 424/424/424 

g Part16

v -559.225 88.8266 -233.757 
v -559.225 102.48 -233.757 
v -531.782 88.8266 -233.757 
v -531.782 102.48 -233.757 
v -559.225 102.48 -230.275 
v -559.225 102.48 -233.757 
v -559.225 88.8266 -230.275 
v -559.225 88.8266 -233.757 
v -559.225 102.48 -233.757 
v -559.225 102.48 -230.275 
v -531.782 102.48 -233.757 
v -531.782 102.48 -230.275 
v -559.225 102.48 -230.275 
v -559.225 88.8266 -230.275 
v -531.782 102.48 -230.275 
v -531.782 88.8266 -230.275 
v -531.782 88.8266 -230.275 
v -531.782 88.8266 -233.757 
v -531.782 102.48 -230.275 
v -531.782 102.48 -233.757 
v -559.225 88.8266 -230.275 
v -559.225 88.8266 -233.757 
v -531.782 88.8266 -230.275 
v -531.782 88.8266 -233.757 

vn 0 0 -1 
vn 0 0 -1 
vn 0 0 -1 
vn 0 0 -1 
vn -1 0 0 
vn -1 0 0 
vn -1 0 0 
vn -1 0 0 
vn 0 1 0 
vn 0 1 0 
vn 0 1 0 
vn 0 1 0 
vn 0 0 1 
vn 0 0 1 
vn 0 0 1 
vn 0 0 1 
vn 1 0 0 
vn 1 0 0 
vn 1 0 0 
vn 1 0 0 
vn 0 -1 0 
vn 0 -1 0 
vn 0 -1 0 
vn 0 -1 0 

vt -0.808921 2.66417 
vt -2.51556 2.66417 
vt -0.808921 -0.766176 
vt -2.51556 -0.766176 
vt -2.08037 2.66417 
vt -2.51556 2.66417 
vt -2.08037 0.95753 
vt -2.51556 0.95753 
vt -2.08037 2.66417 
vt -2.51556 2.66417 
vt -2.08037 -0.766176 
vt -2.51556 -0.766176 
vt -0.808921 2.66417 
vt -2.51556 2.66417 
vt -0.808921 -0.766176 
vt -2.51556 -0.766176 
vt -2.08037 2.66417 
vt -2.51556 2.66417 
vt -2.08037 0.95753 
vt -2.51556 0.95753 
vt -2.08037 2.66417 
vt -2.51556 2.66417 
vt -2.08037 -0.766176 
vt -2.51556 -0.766176 

usemtl Part1Mtl

f 425/425/425 426/426/426 427/427/427 
f 427/427/427 426/426/426 428/428/428 
f 429/429/429 430/430/430 431/431/431 
f 431/431/431 430/430/430 432/432/432 
f 433/433/433 434/434/434 435/435/435 
f 435/435/435 434/434/434 436/436/436 
f 437/437/437 438/438/438 439/439/439 
f 439/439/439 438/438/438 440/440/440 
f 441/441/441 442/442/442 443/443/443 
f 443/443/443 442/442/442 444/444/444 
f 445/445/445 446/446/446 447/447/447 
f 447/447/447 446/446/446 448/448/448 

g Part17

v -517.635 88.8266 -417.903 
v -517.635 102.48 -417.903 
v -531.338 88.8266 -417.903 
v -531.338 102.48 -417.903 
v -517.635 102.48 -421.385 
v -517.635 102.48 -417.903 
v -517.635 88.8266 -421.385 
v -517.635 88.8266 -417.903 
v -517.635 102.48 -417.903 
v -517.635 102.48 -421.385 
v -531.338 102.48 -417.903 
v -531.338 102.48 -421.385 
v -517.635 102.48 -421.385 
v -517.635 88.8266 -421.385 
v -531.338 102.48 -421.385 
v -531.338 88.8266 -421.385 
v -531.338 88.8266 -421.385 
v -531.338 88.8266 -417.903 
v -531.338 102.48 -421.385 
v -531.338 102.48 -417.903 
v -517.635 88.8266 -421.385 
v -517.635 88.8266 -417.903 
v -531.338 88.8266 -421.385 
v -531.338 88.8266 -417.903 

vn 0 0 1 
vn 0 0 1 
vn 0 0 1 
vn 0 0 1 
vn 1 0 0 
vn 1 0 0 
vn 1 0 0 
vn 1 0 0 
vn 0 1 0 
vn 0 1 0 
vn 0 1 0 
vn 0 1 0 
vn 0 0 -1 
vn 0 0 -1 
vn 0 0 -1 
vn 0 0 -1 
vn -1 0 0 
vn -1 0 0 
vn -1 0 0 
vn -1 0 0 
vn 0 -1 0 
vn 0 -1 0 
vn 0 -1 0 
vn 0 -1 0 

vt 3.07396 2.9201 
vt 1.36732 2.9201 
vt 3.07396 1.20723 
vt 1.36732 1.20723 
vt 1.80252 2.9201 
vt 1.36732 2.9201 
vt 1.80252 1.21346 
vt 1.36732 1.21346 
vt 1.80252 2.9201 
vt 1.36732 2.9201 
vt 1.80252 1.20723 
vt 1.36732 1.20723 
vt 3.07396 2.9201 
vt 1.36732 2.9201 
vt 3.07396 1.20723 
vt 1.36732 1.20723 
vt 1.80252 2.9201 
vt 1.36732 2.9201 
vt 1.80252 1.21346 
vt 1.36732 1.21346 
vt 1.80252 2.9201 
vt 1.36732 2.9201 
vt 1.80252 1.20723 
vt 1.36732 1.20723 

usemtl Part1Mtl

f 449/449/449 450/450/450 451/451/451 
f 451/451/451 450/450/450 452/452/452 
f 453/453/453 454/454/454 455/455/455 
f 455/455/455 454/454/454 456/456/456 
f 457/457/457 458/458/458 459/459/459 
f 459/459/459 458/458/458 460/460/460 
f 461/461/461 462/462/462 463/463/463 
f 463/463/463 462/462/462 464/464/464 
f 465/465/465 466/466/466 467/467/467 
f 467/467/467 466/466/466 468/468/468 
f 469/469/469 470/470/470 471/471/471 
f 471/471/471 470/470/470 472/472/472 

g Part18

v -503.93 88.8266 -445.312 
v -503.93 102.48 -445.312 
v -503.93 88.8266 -404.216 
v -503.93 102.48 -404.216 
v -507.411 102.48 -445.312 
v -503.93 102.48 -445.312 
v -507.411 88.8266 -445.312 
v -503.93 88.8266 -445.312 
v -503.93 102.48 -445.312 
v -507.411 102.48 -445.312 
v -503.93 102.48 -404.216 
v -507.411 102.48 -404.216 
v -507.411 102.48 -445.312 
v -507.411 88.8266 -445.312 
v -507.411 102.48 -404.216 
v -507.411 88.8266 -404.216 
v -507.411 88.8266 -404.216 
v -503.93 88.8266 -404.216 
v -507.411 102.48 -404.216 
v -503.93 102.48 -404.216 
v -507.411 88.8266 -445.312 
v -503.93 88.8266 -445.312 
v -507.411 88.8266 -404.216 
v -503.93 88.8266 -404.216 

vn 1 0 0 
vn 1 0 0 
vn 1 0 0 
vn 1 0 0 
vn 0 0 -1 
vn 0 0 -1 
vn 0 0 -1 
vn 0 0 -1 
vn 0 1 0 
vn 0 1 0 
vn 0 1 0 
vn 0 1 0 
vn -1 0 0 
vn -1 0 0 
vn -1 0 0 
vn -1 0 0 
vn 0 0 1 
vn 0 0 1 
vn 0 0 1 
vn 0 0 1 
vn 0 -1 0 
vn 0 -1 0 
vn 0 -1 0 
vn 0 -1 0 

vt 1.59649 4.25216 
vt -0.11015 4.25216 
vt 1.59649 -0.884832 
vt -0.11015 -0.884832 
vt 0.325043 4.25216 
vt -0.11015 4.25216 
vt 0.325043 2.54552 
vt -0.11015 2.54552 
vt 0.325043 4.25216 
vt -0.11015 4.25216 
vt 0.325043 -0.884832 
vt -0.11015 -0.884832 
vt 1.59649 4.25216 
vt -0.11015 4.25216 
vt 1.59649 -0.884832 
vt -0.11015 -0.884832 
vt 0.325043 4.25216 
vt -0.11015 4.25216 
vt 0.325043 2.54552 
vt -0.11015 2.54552 
vt 0.325043 4.25216 
vt -0.11015 4.25216 
vt 0.325043 -0.884832 
vt -0.11015 -0.884832 

usemtl Part1Mtl

f 473/473/473 474/474/474 475/475/475 
f 475/475/475 474/474/474 476/476/476 
f 477/477/477 478/478/478 479/479/479 
f 479/479/479 478/478/478 480/480/480 
f 481/481/481 482/482/482 483/483/483 
f 483/483/483 482/482/482 484/484/484 
f 485/485/485 486/486/486 487/487/487 
f 487/487/487 486/486/486 488/488/488 
f 489/489/489 490/490/490 491/491/491 
f 491/491/491 490/490/490 492/492/492 
f 493/493/493 494/494/494 495/495/495 
f 495/495/495 494/494/494 496/496/496 

g Part19

v -507.309 88.8266 -404.25 
v -507.309 102.48 -404.25 
v -527.839 88.8266 -404.25 
v -527.839 102.48 -404.25 
v -507.309 102.48 -407.732 
v -507.309 102.48 -404.25 
v -507.309 88.8266 -407.732 
v -507.309 88.8266 -404.25 
v -507.309 102.48 -404.25 
v -507.309 102.48 -407.732 
v -527.839 102.48 -404.25 
v -527.839 102.48 -407.732 
v -507.309 102.48 -407.732 
v -507.309 88.8266 -407.732 
v -527.839 102.48 -407.732 
v -527.839 88.8266 -407.732 
v -527.839 88.8266 -407.732 
v -527.839 88.8266 -404.25 
v -527.839 102.48 -407.732 
v -527.839 102.48 -404.25 
v -507.309 88.8266 -407.732 
v -507.309 88.8266 -404.25 
v -527.839 88.8266 -407.732 
v -527.839 88.8266 -404.25 

vn 0 0 1 
vn 0 0 1 
vn 0 0 1 
vn 0 0 1 
vn 1 0 0 
vn 1 0 0 
vn 1 0 0 
vn 1 0 0 
vn 0 1 0 
vn 0 1 0 
vn 0 1 0 
vn 0 1 0 
vn 0 0 -1 
vn 0 0 -1 
vn 0 0 -1 
vn 0 0 -1 
vn -1 0 0 
vn -1 0 0 
vn -1 0 0 
vn -1 0 0 
vn 0 -1 0 
vn 0 -1 0 
vn 0 -1 0 
vn 0 -1 0 

vt 3.87763 -0.532183 
vt 2.17099 -0.532183 
vt 3.87763 -3.09837 
vt 2.17099 -3.09837 
vt 2.60618 -0.532183 
vt 2.17099 -0.532183 
vt 2.60618 -2.23882 
vt 2.17099 -2.23882 
vt 2.60618 -0.532183 
vt 2.17099 -0.532183 
vt 2.60618 -3.09837 
vt 2.17099 -3.09837 
vt 3.87763 -0.532183 
vt 2.17099 -0.532183 
vt 3.87763 -3.09837 
vt 2.17099 -3.09837 
vt 2.60618 -0.532183 
vt 2.17099 -0.532183 
vt 2.60618 -2.23882 
vt 2.17099 -2.23882 
vt 2.60618 -0.532183 
vt 2.17099 -0.532183 
vt 2.60618 -3.09837 
vt 2.17099 -3.09837 

usemtl Part1Mtl

f 497/497/497 498/498/498 499/499/499 
f 499/499/499 498/498/498 500/500/500 
f 501/501/501 502/502/502 503/503/503 
f 503/503/503 502/502/502 504/504/504 
f 505/505/505 506/506/506 507/507/507 
f 507/507/507 506/506/506 508/508/508 
f 509/509/509 510/510/510 511/511/511 
f 511/511/511 510/510/510 512/512/512 
f 513/513/513 514/514/514 515/515/515 
f 515/515/515 514/514/514 516/516/516 
f 517/517/517 518/518/518 519/519/519 
f 519/519/519 518/518/518 520/520/520 

g Part20

v -531.304 88.8266 -390.563 
v -531.304 102.48 -390.563 
v -531.304 88.8266 -407.766 
v -531.304 102.48 -407.766 
v -527.823 102.48 -390.563 
v -531.304 102.48 -390.563 
v -527.823 88.8266 -390.563 
v -531.304 88.8266 -390.563 
v -531.304 102.48 -390.563 
v -527.823 102.48 -390.563 
v -531.304 102.48 -407.766 
v -527.823 102.48 -407.766 
v -527.823 102.48 -390.563 
v -527.823 88.8266 -390.563 
v -527.823 102.48 -407.766 
v -527.823 88.8266 -407.766 
v -527.823 88.8266 -407.766 
v -531.304 88.8266 -407.766 
v -527.823 102.48 -407.766 
v -531.304 102.48 -407.766 
v -527.823 88.8266 -390.563 
v -531.304 88.8266 -390.563 
v -527.823 88.8266 -407.766 
v -531.304 88.8266 -407.766 

vn -1 0 0 
vn -1 0 0 
vn -1 0 0 
vn -1 0 0 
vn 0 0 1 
vn 0 0 1 
vn 0 0 1 
vn 0 0 1 
vn 0 1 0 
vn 0 1 0 
vn 0 1 0 
vn 0 1 0 
vn 1 0 0 
vn 1 0 0 
vn 1 0 0 
vn 1 0 0 
vn 0 0 -1 
vn 0 0 -1 
vn 0 0 -1 
vn 0 0 -1 
vn 0 -1 0 
vn 0 -1 0 
vn 0 -1 0 
vn 0 -1 0 

vt 1.15423 1.68946 
vt -0.552415 1.68946 
vt 1.15423 -0.460911 
vt -0.552415 -0.460911 
vt -0.117222 1.68946 
vt -0.552415 1.68946 
vt -0.117222 -0.0171843 
vt -0.552415 -0.0171843 
vt -0.117222 1.68946 
vt -0.552415 1.68946 
vt -0.117222 -0.460911 
vt -0.552415 -0.460911 
vt 1.15423 1.68946 
vt -0.552415 1.68946 
vt 1.15423 -0.460911 
vt -0.552415 -0.460911 
vt -0.117222 1.68946 
vt -0.552415 1.68946 
vt -0.117222 -0.0171843 
vt -0.552415 -0.0171843 
vt -0.117222 1.68946 
vt -0.552415 1.68946 
vt -0.117222 -0.460911 
vt -0.552415 -0.460911 

usemtl Part1Mtl

f 521/521/521 522/522/522 523/523/523 
f 523/523/523 522/522/522 524/524/524 
f 525/525/525 526/526/526 527/527/527 
f 527/527/527 526/526/526 528/528/528 
f 529/529/529 530/530/530 531/531/531 
f 531/531/531 530/530/530 532/532/532 
f 533/533/533 534/534/534 535/535/535 
f 535/535/535 534/534/534 536/536/536 
f 537/537/537 538/538/538 539/539/539 
f 539/539/539 538/538/538 540/540/540 
f 541/541/541 542/542/542 543/543/543 
f 543/543/543 542/542/542 544/544/544 

g Part21

v -517.651 88.8266 -417.869 
v -517.651 102.48 -417.869 
v -517.651 88.8266 -448.725 
v -517.651 102.48 -448.725 
v -514.17 102.48 -417.869 
v -517.651 102.48 -417.869 
v -514.17 88.8266 -417.869 
v -517.651 88.8266 -417.869 
v -517.651 102.48 -417.869 
v -514.17 102.48 -417.869 
v -517.651 102.48 -448.725 
v -514.17 102.48 -448.725 
v -514.17 102.48 -417.869 
v -514.17 88.8266 -417.869 
v -514.17 102.48 -448.725 
v -514.17 88.8266 -448.725 
v -514.17 88.8266 -448.725 
v -517.651 88.8266 -448.725 
v -514.17 102.48 -448.725 
v -517.651 102.48 -448.725 
v -514.17 88.8266 -417.869 
v -517.651 88.8266 -417.869 
v -514.17 88.8266 -448.725 
v -517.651 88.8266 -448.725 

vn -1 0 0 
vn -1 0 0 
vn -1 0 0 
vn -1 0 0 
vn 0 0 1 
vn 0 0 1 
vn 0 0 1 
vn 0 0 1 
vn 0 1 0 
vn 0 1 0 
vn 0 1 0 
vn 0 1 0 
vn 1 0 0 
vn 1 0 0 
vn 1 0 0 
vn 1 0 0 
vn 0 0 -1 
vn 0 0 -1 
vn 0 0 -1 
vn 0 0 -1 
vn 0 -1 0 
vn 0 -1 0 
vn 0 -1 0 
vn 0 -1 0 

vt 3.66625 1.64933 
vt 1.95961 1.64933 
vt 3.66625 -2.20768 
vt 1.95961 -2.20768 
vt 2.3948 1.64933 
vt 1.95961 1.64933 
vt 2.3948 -0.0573138 
vt 1.95961 -0.0573138 
vt 2.3948 1.64933 
vt 1.95961 1.64933 
vt 2.3948 -2.20768 
vt 1.95961 -2.20768 
vt 3.66625 1.64933 
vt 1.95961 1.64933 
vt 3.66625 -2.20768 
vt 1.95961 -2.20768 
vt 2.3948 1.64933 
vt 1.95961 1.64933 
vt 2.3948 -0.0573138 
vt 1.95961 -0.0573138 
vt 2.3948 1.64933 
vt 1.95961 1.64933 
vt 2.3948 -2.20768 
vt 1.95961 -2.20768 

usemtl Part1Mtl

f 545/545/545 546/546/546 547/547/547 
f 547/547/547 546/546/546 548/548/548 
f 549/549/549 550/550/550 551/551/551 
f 551/551/551 550/550/550 552/552/552 
f 553/553/553 554/554/554 555/555/555 
f 555/555/555 554/554/554 556/556/556 
f 557/557/557 558/558/558 559/559/559 
f 559/559/559 558/558/558 560/560/560 
f 561/561/561 562/562/562 563/563/563 
f 563/563/563 562/562/562 564/564/564 
f 565/565/565 566/566/566 567/567/567 
f 567/567/567 566/566/566 568/568/568 

g Wedge3

v -484.176 96.8866 -390.037 
v -484.176 96.8866 -390.037 
v -482.176 94.9766 -390.037 
v -484.176 94.9766 -390.037 
v -484.176 96.8866 -390.037 
v -484.176 96.8866 -390.597 
v -484.176 94.9766 -390.037 
v -484.176 94.9766 -390.597 
v -484.176 96.8866 -390.597 
v -484.176 96.8866 -390.597 
v -484.176 94.9766 -390.597 
v -482.176 94.9766 -390.597 
v -482.176 94.9766 -390.597 
v -482.176 94.9766 -390.037 
v -484.176 94.9766 -390.597 
v -484.176 94.9766 -390.037 
v -484.176 96.8866 -390.597 
v -484.176 96.8866 -390.037 
v -482.176 94.9766 -390.597 
v -482.176 94.9766 -390.037 

vn 0 0 1 
vn 0 0 1 
vn 0 0 1 
vn 0 0 1 
vn -1 0 0 
vn -1 0 0 
vn -1 0 0 
vn -1 0 0 
vn 0 0 -1 
vn 0 0 -1 
vn 0 0 -1 
vn 0 0 -1 
vn 0 -1 0 
vn 0 -1 0 
vn 0 -1 0 
vn 0 -1 0 
vn 0.692913 0.724409 0 
vn 0.692913 0.724409 0 
vn 0.692913 0.724409 0 
vn 0.692913 0.724409 0 

vt 3.75 -4 
vt 3.75 -4 
vt 4 -4.23875 
vt 3.75 -4.23875 
vt 3.82 -4 
vt 3.75 -4 
vt 3.82 -4.23875 
vt 3.75 -4.23875 
vt 4 -4 
vt 4 -4 
vt 4 -4.23875 
vt 3.75 -4.23875 
vt 3.82 -4 
vt 3.75 -4 
vt 3.82 -4.25 
vt 3.75 -4.25 
vt 3.82 -4 
vt 3.75 -4 
vt 3.82 -4.34569 
vt 3.75 -4.34569 

usemtl Wedge1Mtl

f 569/569/569 570/570/570 571/571/571 
f 571/571/571 570/570/570 572/572/572 
f 573/573/573 574/574/574 575/575/575 
f 575/575/575 574/574/574 576/576/576 
f 577/577/577 578/578/578 579/579/579 
f 579/579/579 578/578/578 580/580/580 
f 581/581/581 582/582/582 583/583/583 
f 583/583/583 582/582/582 584/584/584 
f 585/585/585 586/586/586 587/587/587 
f 587/587/587 586/586/586 588/588/588 

g Sign2

v -489.186 94.0966 -390.557 
v -489.186 94.0966 -390.307 
v -489.186 96.0466 -390.557 
v -489.186 96.0466 -390.307 
v -484.156 94.0966 -390.307 
v -489.186 94.0966 -390.307 
v -484.156 94.0966 -390.557 
v -489.186 94.0966 -390.557 
v -489.186 94.0966 -390.307 
v -484.156 94.0966 -390.307 
v -489.186 96.0466 -390.307 
v -484.156 96.0466 -390.307 
v -484.156 94.0966 -390.307 
v -484.156 94.0966 -390.557 
v -484.156 96.0466 -390.307 
v -484.156 96.0466 -390.557 
v -484.156 96.0466 -390.557 
v -489.186 96.0466 -390.557 
v -484.156 96.0466 -390.307 
v -489.186 96.0466 -390.307 
v -484.156 94.0966 -390.557 
v -489.186 94.0966 -390.557 
v -484.156 96.0466 -390.557 
v -489.186 96.0466 -390.557 

vn -1 0 0 
vn -1 0 0 
vn -1 0 0 
vn -1 0 0 
vn 0 -1 0 
vn 0 -1 0 
vn 0 -1 0 
vn 0 -1 0 
vn 0 0 1 
vn 0 0 1 
vn 0 0 1 
vn 0 0 1 
vn 1 0 0 
vn 1 0 0 
vn 1 0 0 
vn 1 0 0 
vn 0 1 0 
vn 0 1 0 
vn 0 1 0 
vn 0 1 0 
vn 0 0 -1 
vn 0 0 -1 
vn 0 0 -1 
vn 0 0 -1 

vt 5.53125 -4.25 
vt 5.5 -4.25 
vt 5.53125 -4.49375 
vt 5.5 -4.49375 
vt 6.12875 -4.25 
vt 5.5 -4.25 
vt 6.12875 -4.28125 
vt 5.5 -4.28125 
vt 6.12875 -4.25 
vt 5.5 -4.25 
vt 6.12875 -4.49375 
vt 5.5 -4.49375 
vt 5.53125 -4.25 
vt 5.5 -4.25 
vt 5.53125 -4.49375 
vt 5.5 -4.49375 
vt 6.12875 -4.25 
vt 5.5 -4.25 
vt 6.12875 -4.28125 
vt 5.5 -4.28125 
vt 6.12875 -4.25 
vt 5.5 -4.25 
vt 6.12875 -4.49375 
vt 5.5 -4.49375 

usemtl Sign1Mtl

f 589/589/589 590/590/590 591/591/591 
f 591/591/591 590/590/590 592/592/592 
f 593/593/593 594/594/594 595/595/595 
f 595/595/595 594/594/594 596/596/596 
f 597/597/597 598/598/598 599/599/599 
f 599/599/599 598/598/598 600/600/600 
f 601/601/601 602/602/602 603/603/603 
f 603/603/603 602/602/602 604/604/604 
f 605/605/605 606/606/606 607/607/607 
f 607/607/607 606/606/606 608/608/608 
f 609/609/609 610/610/610 611/611/611 
f 611/611/611 610/610/610 612/612/612 

g Wedge4

v -484.176 92.9866 -390.597 
v -484.176 92.9866 -390.597 
v -482.176 94.9966 -390.597 
v -484.176 94.9966 -390.597 
v -484.176 92.9866 -390.597 
v -484.176 92.9866 -390.037 
v -484.176 94.9966 -390.597 
v -484.176 94.9966 -390.037 
v -484.176 92.9866 -390.037 
v -484.176 92.9866 -390.037 
v -484.176 94.9966 -390.037 
v -482.176 94.9966 -390.037 
v -482.176 94.9966 -390.037 
v -482.176 94.9966 -390.597 
v -484.176 94.9966 -390.037 
v -484.176 94.9966 -390.597 
v -484.176 92.9866 -390.037 
v -484.176 92.9866 -390.597 
v -482.176 94.9966 -390.037 
v -482.176 94.9966 -390.597 

vn 0 0 -1 
vn 0 0 -1 
vn 0 0 -1 
vn 0 0 -1 
vn -1 0 0 
vn -1 0 0 
vn -1 0 0 
vn -1 0 0 
vn 0 0 1 
vn 0 0 1 
vn 0 0 1 
vn 0 0 1 
vn 0 1 0 
vn 0 1 0 
vn 0 1 0 
vn 0 1 0 
vn 0.708661 -0.708661 0 
vn 0.708661 -0.708661 0 
vn 0.708661 -0.708661 0 
vn 0.708661 -0.708661 0 

vt 5.25 -5.5 
vt 5.25 -5.5 
vt 5.5 -5.75125 
vt 5.25 -5.75125 
vt 5.32 -5.5 
vt 5.25 -5.5 
vt 5.32 -5.75125 
vt 5.25 -5.75125 
vt 5.5 -5.5 
vt 5.5 -5.5 
vt 5.5 -5.75125 
vt 5.25 -5.75125 
vt 5.32 -5.5 
vt 5.25 -5.5 
vt 5.32 -5.75 
vt 5.25 -5.75 
vt 5.32 -5.5 
vt 5.25 -5.5 
vt 5.32 -5.85444 
vt 5.25 -5.85444 

usemtl Wedge1Mtl

f 613/613/613 614/614/614 615/615/615 
f 615/615/615 614/614/614 616/616/616 
f 617/617/617 618/618/618 619/619/619 
f 619/619/619 618/618/618 620/620/620 
f 621/621/621 622/622/622 623/623/623 
f 623/623/623 622/622/622 624/624/624 
f 625/625/625 626/626/626 627/627/627 
f 627/627/627 626/626/626 628/628/628 
f 629/629/629 630/630/630 631/631/631 
f 631/631/631 630/630/630 632/632/632 

g Wedge5

v -507.429 93.8024 -352.26 
v -507.429 93.8024 -352.26 
v -507.429 94.6225 -353.119 
v -507.429 94.6225 -352.26 
v -507.429 93.8024 -352.26 
v -507.189 93.8024 -352.26 
v -507.429 94.6225 -352.26 
v -507.189 94.6225 -352.26 
v -507.189 93.8024 -352.26 
v -507.189 93.8024 -352.26 
v -507.189 94.6225 -352.26 
v -507.189 94.6225 -353.119 
v -507.189 94.6225 -353.119 
v -507.429 94.6225 -353.119 
v -507.189 94.6225 -352.26 
v -507.429 94.6225 -352.26 
v -507.189 93.8024 -352.26 
v -507.429 93.8024 -352.26 
v -507.189 94.6225 -353.119 
v -507.429 94.6225 -353.119 

vn -1 0 0 
vn -1 0 0 
vn -1 0 0 
vn -1 0 0 
vn 0 0 1 
vn 0 0 1 
vn 0 0 1 
vn 0 0 1 
vn 1 0 0 
vn 1 0 0 
vn 1 0 0 
vn 1 0 0 
vn 0 1 0 
vn 0 1 0 
vn 0 1 0 
vn 0 1 0 
vn 0 -0.724409 -0.692913 
vn 0 -0.724409 -0.692913 
vn 0 -0.724409 -0.692913 
vn 0 -0.724409 -0.692913 

vt 5.5 -3.5 
vt 5.5 -3.5 
vt 5.60735 -3.60252 
vt 5.5 -3.60252 
vt 5.53006 -3.5 
vt 5.5 -3.5 
vt 5.53006 -3.60252 
vt 5.5 -3.60252 
vt 5.60735 -3.5 
vt 5.60735 -3.5 
vt 5.60735 -3.60252 
vt 5.5 -3.60252 
vt 5.53006 -3.5 
vt 5.5 -3.5 
vt 5.53006 -3.60735 
vt 5.5 -3.60735 
vt 5.53006 -3.5 
vt 5.5 -3.5 
vt 5.53006 -3.64843 
vt 5.5 -3.64843 

usemtl Wedge1Mtl

f 633/633/633 634/634/634 635/635/635 
f 635/635/635 634/634/634 636/636/636 
f 637/637/637 638/638/638 639/639/639 
f 639/639/639 638/638/638 640/640/640 
f 641/641/641 642/642/642 643/643/643 
f 643/643/643 642/642/642 644/644/644 
f 645/645/645 646/646/646 647/647/647 
f 647/647/647 646/646/646 648/648/648 
f 649/649/649 650/650/650 651/651/651 
f 651/651/651 650/650/650 652/652/652 

g Sign3

v -507.206 95.0004 -350.109 
v -507.313 95.0004 -350.109 
v -507.206 94.1631 -350.109 
v -507.313 94.1631 -350.109 
v -507.313 95.0004 -352.269 
v -507.313 95.0004 -350.109 
v -507.206 95.0004 -352.269 
v -507.206 95.0004 -350.109 
v -507.313 95.0004 -350.109 
v -507.313 95.0004 -352.269 
v -507.313 94.1631 -350.109 
v -507.313 94.1631 -352.269 
v -507.313 95.0004 -352.269 
v -507.206 95.0004 -352.269 
v -507.313 94.1631 -352.269 
v -507.206 94.1631 -352.269 
v -507.206 94.1631 -352.269 
v -507.206 94.1631 -350.109 
v -507.313 94.1631 -352.269 
v -507.313 94.1631 -350.109 
v -507.206 95.0004 -352.269 
v -507.206 95.0004 -350.109 
v -507.206 94.1631 -352.269 
v -507.206 94.1631 -350.109 

vn 0 0 1 
vn 0 0 1 
vn 0 0 1 
vn 0 0 1 
vn 0 1 0 
vn 0 1 0 
vn 0 1 0 
vn 0 1 0 
vn -1 0 0 
vn -1 0 0 
vn -1 0 0 
vn -1 0 0 
vn 0 0 -1 
vn 0 0 -1 
vn 0 0 -1 
vn 0 0 -1 
vn 0 -1 0 
vn 0 -1 0 
vn 0 -1 0 
vn 0 -1 0 
vn 1 0 0 
vn 1 0 0 
vn 1 0 0 
vn 1 0 0 

vt 7.01342 -6.25 
vt 7 -6.25 
vt 7.01342 -6.35466 
vt 7 -6.35466 
vt 7.26998 -6.25 
vt 7 -6.25 
vt 7.26998 -6.26342 
vt 7 -6.26342 
vt 7.26998 -6.25 
vt 7 -6.25 
vt 7.26998 -6.35466 
vt 7 -6.35466 
vt 7.01342 -6.25 
vt 7 -6.25 
vt 7.01342 -6.35466 
vt 7 -6.35466 
vt 7.26998 -6.25 
vt 7 -6.25 
vt 7.26998 -6.26342 
vt 7 -6.26342 
vt 7.26998 -6.25 
vt 7 -6.25 
vt 7.26998 -6.35466 
vt 7 -6.35466 

usemtl Sign1Mtl

f 653/653/653 654/654/654 655/655/655 
f 655/655/655 654/654/654 656/656/656 
f 657/657/657 658/658/658 659/659/659 
f 659/659/659 658/658/658 660/660/660 
f 661/661/661 662/662/662 663/663/663 
f 663/663/663 662/662/662 664/664/664 
f 665/665/665 666/666/666 667/667/667 
f 667/667/667 666/666/666 668/668/668 
f 669/669/669 670/670/670 671/671/671 
f 671/671/671 670/670/670 672/672/672 
f 673/673/673 674/674/674 675/675/675 
f 675/675/675 674/674/674 676/676/676 

g Wedge6

v -507.189 95.477 -352.26 
v -507.189 95.477 -352.26 
v -507.189 94.6139 -353.119 
v -507.189 94.6139 -352.26 
v -507.189 95.477 -352.26 
v -507.429 95.477 -352.26 
v -507.189 94.6139 -352.26 
v -507.429 94.6139 -352.26 
v -507.429 95.477 -352.26 
v -507.429 95.477 -352.26 
v -507.429 94.6139 -352.26 
v -507.429 94.6139 -353.119 
v -507.429 94.6139 -353.119 
v -507.189 94.6139 -353.119 
v -507.429 94.6139 -352.26 
v -507.189 94.6139 -352.26 
v -507.429 95.477 -352.26 
v -507.189 95.477 -352.26 
v -507.429 94.6139 -353.119 
v -507.189 94.6139 -353.119 

vn 1 0 0 
vn 1 0 0 
vn 1 0 0 
vn 1 0 0 
vn 0 0 1 
vn 0 0 1 
vn 0 0 1 
vn 0 0 1 
vn -1 0 0 
vn -1 0 0 
vn -1 0 0 
vn -1 0 0 
vn 0 -1 0 
vn 0 -1 0 
vn 0 -1 0 
vn 0 -1 0 
vn 0 0.708661 -0.708661 
vn 0 0.708661 -0.708661 
vn 0 0.708661 -0.708661 
vn 0 0.708661 -0.708661 

vt 0.5 -6.75 
vt 0.5 -6.75 
vt 0.607347 -6.85788 
vt 0.5 -6.85788 
vt 0.530057 -6.75 
vt 0.5 -6.75 
vt 0.530057 -6.85788 
vt 0.5 -6.85788 
vt 0.607347 -6.75 
vt 0.607347 -6.75 
vt 0.607347 -6.85788 
vt 0.5 -6.85788 
vt 0.530057 -6.75 
vt 0.5 -6.75 
vt 0.530057 -6.85735 
vt 0.5 -6.85735 
vt 0.530057 -6.75 
vt 0.5 -6.75 
vt 0.530057 -6.90219 
vt 0.5 -6.90219 

usemtl Wedge1Mtl

f 677/677/677 678/678/678 679/679/679 
f 679/679/679 678/678/678 680/680/680 
f 681/681/681 682/682/682 683/683/683 
f 683/683/683 682/682/682 684/684/684 
f 685/685/685 686/686/686 687/687/687 
f 687/687/687 686/686/686 688/688/688 
f 689/689/689 690/690/690 691/691/691 
f 691/691/691 690/690/690 692/692/692 
f 693/693/693 694/694/694 695/695/695 
f 695/695/695 694/694/694 696/696/696 

g Spawn1

v -524.225 89.8266 -243.275 
v -524.225 89.8266 -238.275 
v -524.225 88.8266 -243.275 
v -524.225 88.8266 -238.275 
v -529.225 89.8266 -238.275 
v -524.225 89.8266 -238.275 
v -529.225 89.8266 -243.275 
v -524.225 89.8266 -243.275 
v -524.225 89.8266 -238.275 
v -529.225 89.8266 -238.275 
v -524.225 88.8266 -238.275 
v -529.225 88.8266 -238.275 
v -529.225 89.8266 -238.275 
v -529.225 89.8266 -243.275 
v -529.225 88.8266 -238.275 
v -529.225 88.8266 -243.275 
v -529.225 88.8266 -243.275 
v -524.225 88.8266 -243.275 
v -529.225 88.8266 -238.275 
v -524.225 88.8266 -238.275 
v -529.225 89.8266 -243.275 
v -524.225 89.8266 -243.275 
v -529.225 88.8266 -243.275 
v -524.225 88.8266 -243.275 

vn 1 0 0 
vn 1 0 0 
vn 1 0 0 
vn 1 0 0 
vn 0 1 0 
vn 0 1 0 
vn 0 1 0 
vn 0 1 0 
vn 0 0 1 
vn 0 0 1 
vn 0 0 1 
vn 0 0 1 
vn -1 0 0 
vn -1 0 0 
vn -1 0 0 
vn -1 0 0 
vn 0 -1 0 
vn 0 -1 0 
vn 0 -1 0 
vn 0 -1 0 
vn 0 0 -1 
vn 0 0 -1 
vn 0 0 -1 
vn 0 0 -1 

vt 0.0330295 1.3706 
vt -0.591971 1.3706 
vt 0.0330295 1.2456 
vt -0.591971 1.2456 
vt 0.0330295 1.3706 
vt -0.591971 1.3706 
vt 0.0330295 0.7456 
vt -0.591971 0.7456 
vt 0.0330295 1.3706 
vt -0.591971 1.3706 
vt 0.0330295 1.2456 
vt -0.591971 1.2456 
vt 0.0330295 1.3706 
vt -0.591971 1.3706 
vt 0.0330295 1.2456 
vt -0.591971 1.2456 
vt 0.0330295 1.3706 
vt -0.591971 1.3706 
vt 0.0330295 0.7456 
vt -0.591971 0.7456 
vt 0.0330295 1.3706 
vt -0.591971 1.3706 
vt 0.0330295 1.2456 
vt -0.591971 1.2456 

usemtl Spawn1Mtl

f 697/697/697 698/698/698 699/699/699 
f 699/699/699 698/698/698 700/700/700 
f 701/701/701 702/702/702 703/703/703 
f 703/703/703 702/702/702 704/704/704 
f 705/705/705 706/706/706 707/707/707 
f 707/707/707 706/706/706 708/708/708 
f 709/709/709 710/710/710 711/711/711 
f 711/711/711 710/710/710 712/712/712 
f 713/713/713 714/714/714 715/715/715 
f 715/715/715 714/714/714 716/716/716 
f 717/717/717 718/718/718 719/719/719 
f 719/719/719 718/718/718 720/720/720 

g Part22

v -497.172 88.8266 -349.603 
v -497.172 102.48 -349.603 
v -497.172 88.8266 -366.806 
v -497.172 102.48 -366.806 
v -493.69 102.48 -349.603 
v -497.172 102.48 -349.603 
v -493.69 88.8266 -349.603 
v -497.172 88.8266 -349.603 
v -497.172 102.48 -349.603 
v -493.69 102.48 -349.603 
v -497.172 102.48 -366.806 
v -493.69 102.48 -366.806 
v -493.69 102.48 -349.603 
v -493.69 88.8266 -349.603 
v -493.69 102.48 -366.806 
v -493.69 88.8266 -366.806 
v -493.69 88.8266 -366.806 
v -497.172 88.8266 -366.806 
v -493.69 102.48 -366.806 
v -497.172 102.48 -366.806 
v -493.69 88.8266 -349.603 
v -497.172 88.8266 -349.603 
v -493.69 88.8266 -366.806 
v -497.172 88.8266 -366.806 

vn -1 0 0 
vn -1 0 0 
vn -1 0 0 
vn -1 0 0 
vn 0 0 1 
vn 0 0 1 
vn 0 0 1 
vn 0 0 1 
vn 0 1 0 
vn 0 1 0 
vn 0 1 0 
vn 0 1 0 
vn 1 0 0 
vn 1 0 0 
vn 1 0 0 
vn 1 0 0 
vn 0 0 -1 
vn 0 0 -1 
vn 0 0 -1 
vn 0 0 -1 
vn 0 -1 0 
vn 0 -1 0 
vn 0 -1 0 
vn 0 -1 0 

vt 3.01608 2.25499 
vt 1.30944 2.25499 
vt 3.01608 0.104625 
vt 1.30944 0.104625 
vt 1.74464 2.25499 
vt 1.30944 2.25499 
vt 1.74464 0.548352 
vt 1.30944 0.548352 
vt 1.74464 2.25499 
vt 1.30944 2.25499 
vt 1.74464 0.104625 
vt 1.30944 0.104625 
vt 3.01608 2.25499 
vt 1.30944 2.25499 
vt 3.01608 0.104625 
vt 1.30944 0.104625 
vt 1.74464 2.25499 
vt 1.30944 2.25499 
vt 1.74464 0.548352 
vt 1.30944 0.548352 
vt 1.74464 2.25499 
vt 1.30944 2.25499 
vt 1.74464 0.104625 
vt 1.30944 0.104625 

usemtl Part1Mtl

f 721/721/721 722/722/722 723/723/723 
f 723/723/723 722/722/722 724/724/724 
f 725/725/725 726/726/726 727/727/727 
f 727/727/727 726/726/726 728/728/728 
f 729/729/729 730/730/730 731/731/731 
f 731/731/731 730/730/730 732/732/732 
f 733/733/733 734/734/734 735/735/735 
f 735/735/735 734/734/734 736/736/736 
f 737/737/737 738/738/738 739/739/739 
f 739/739/739 738/738/738 740/740/740 
f 741/741/741 742/742/742 743/743/743 
f 743/743/743 742/742/742 744/744/744 

g Part23

v -483.503 88.8266 -363.291 
v -483.503 102.48 -363.291 
v -493.706 88.8266 -363.291 
v -493.706 102.48 -363.291 
v -483.503 102.48 -366.772 
v -483.503 102.48 -363.291 
v -483.503 88.8266 -366.772 
v -483.503 88.8266 -363.291 
v -483.503 102.48 -363.291 
v -483.503 102.48 -366.772 
v -493.706 102.48 -363.291 
v -493.706 102.48 -366.772 
v -483.503 102.48 -366.772 
v -483.503 88.8266 -366.772 
v -493.706 102.48 -366.772 
v -493.706 88.8266 -366.772 
v -493.706 88.8266 -366.772 
v -493.706 88.8266 -363.291 
v -493.706 102.48 -366.772 
v -493.706 102.48 -363.291 
v -483.503 88.8266 -366.772 
v -483.503 88.8266 -363.291 
v -493.706 88.8266 -366.772 
v -493.706 88.8266 -363.291 

vn 0 0 1 
vn 0 0 1 
vn 0 0 1 
vn 0 0 1 
vn 1 0 0 
vn 1 0 0 
vn 1 0 0 
vn 1 0 0 
vn 0 1 0 
vn 0 1 0 
vn 0 1 0 
vn 0 1 0 
vn 0 0 -1 
vn 0 0 -1 
vn 0 0 -1 
vn 0 0 -1 
vn -1 0 0 
vn -1 0 0 
vn -1 0 0 
vn -1 0 0 
vn 0 -1 0 
vn 0 -1 0 
vn 0 -1 0 
vn 0 -1 0 

vt 1.83349 1.15389 
vt 0.126853 1.15389 
vt 1.83349 -0.12148 
vt 0.126853 -0.12148 
vt 0.562047 1.15389 
vt 0.126853 1.15389 
vt 0.562047 -0.552754 
vt 0.126853 -0.552754 
vt 0.562047 1.15389 
vt 0.126853 1.15389 
vt 0.562047 -0.12148 
vt 0.126853 -0.12148 
vt 1.83349 1.15389 
vt 0.126853 1.15389 
vt 1.83349 -0.12148 
vt 0.126853 -0.12148 
vt 0.562047 1.15389 
vt 0.126853 1.15389 
vt 0.562047 -0.552754 
vt 0.126853 -0.552754 
vt 0.562047 1.15389 
vt 0.126853 1.15389 
vt 0.562047 -0.12148 
vt 0.126853 -0.12148 

usemtl Part1Mtl

f 745/745/745 746/746/746 747/747/747 
f 747/747/747 746/746/746 748/748/748 
f 749/749/749 750/750/750 751/751/751 
f 751/751/751 750/750/750 752/752/752 
f 753/753/753 754/754/754 755/755/755 
f 755/755/755 754/754/754 756/756/756 
f 757/757/757 758/758/758 759/759/759 
f 759/759/759 758/758/758 760/760/760 
f 761/761/761 762/762/762 763/763/763 
f 763/763/763 762/762/762 764/764/764 
f 765/765/765 766/766/766 767/767/767 
f 767/767/767 766/766/766 768/768/768 

g Part24

v -473.176 88.8266 -390.597 
v -473.176 102.48 -390.597 
v -510.859 88.8266 -390.597 
v -510.859 102.48 -390.597 
v -473.176 102.48 -394.078 
v -473.176 102.48 -390.597 
v -473.176 88.8266 -394.078 
v -473.176 88.8266 -390.597 
v -473.176 102.48 -390.597 
v -473.176 102.48 -394.078 
v -510.859 102.48 -390.597 
v -510.859 102.48 -394.078 
v -473.176 102.48 -394.078 
v -473.176 88.8266 -394.078 
v -510.859 102.48 -394.078 
v -510.859 88.8266 -394.078 
v -510.859 88.8266 -394.078 
v -510.859 88.8266 -390.597 
v -510.859 102.48 -394.078 
v -510.859 102.48 -390.597 
v -473.176 88.8266 -394.078 
v -473.176 88.8266 -390.597 
v -510.859 88.8266 -394.078 
v -510.859 88.8266 -390.597 

vn 0 0 1 
vn 0 0 1 
vn 0 0 1 
vn 0 0 1 
vn 1 0 0 
vn 1 0 0 
vn 1 0 0 
vn 1 0 0 
vn 0 1 0 
vn 0 1 0 
vn 0 1 0 
vn 0 1 0 
vn 0 0 -1 
vn 0 0 -1 
vn 0 0 -1 
vn 0 0 -1 
vn -1 0 0 
vn -1 0 0 
vn -1 0 0 
vn -1 0 0 
vn 0 -1 0 
vn 0 -1 0 
vn 0 -1 0 
vn 0 -1 0 

vt 3.02354 1.90775 
vt 1.3169 1.90775 
vt 3.02354 -2.80258 
vt 1.3169 -2.80258 
vt 1.75209 1.90775 
vt 1.3169 1.90775 
vt 1.75209 0.201106 
vt 1.3169 0.201106 
vt 1.75209 1.90775 
vt 1.3169 1.90775 
vt 1.75209 -2.80258 
vt 1.3169 -2.80258 
vt 3.02354 1.90775 
vt 1.3169 1.90775 
vt 3.02354 -2.80258 
vt 1.3169 -2.80258 
vt 1.75209 1.90775 
vt 1.3169 1.90775 
vt 1.75209 0.201106 
vt 1.3169 0.201106 
vt 1.75209 1.90775 
vt 1.3169 1.90775 
vt 1.75209 -2.80258 
vt 1.3169 -2.80258 

usemtl Part1Mtl

f 769/769/769 770/770/770 771/771/771 
f 771/771/771 770/770/770 772/772/772 
f 773/773/773 774/774/774 775/775/775 
f 775/775/775 774/774/774 776/776/776 
f 777/777/777 778/778/778 779/779/779 
f 779/779/779 778/778/778 780/780/780 
f 781/781/781 782/782/782 783/783/783 
f 783/783/783 782/782/782 784/784/784 
f 785/785/785 786/786/786 787/787/787 
f 787/787/787 786/786/786 788/788/788 
f 789/789/789 790/790/790 791/791/791 
f 791/791/791 790/790/790 792/792/792 

g Part25

v -497.172 88.8266 -376.91 
v -497.172 102.48 -376.91 
v -497.172 88.8266 -428.245 
v -497.172 102.48 -428.245 
v -493.69 102.48 -376.91 
v -497.172 102.48 -376.91 
v -493.69 88.8266 -376.91 
v -497.172 88.8266 -376.91 
v -497.172 102.48 -376.91 
v -493.69 102.48 -376.91 
v -497.172 102.48 -428.245 
v -493.69 102.48 -428.245 
v -493.69 102.48 -376.91 
v -493.69 88.8266 -376.91 
v -493.69 102.48 -428.245 
v -493.69 88.8266 -428.245 
v -493.69 88.8266 -428.245 
v -497.172 88.8266 -428.245 
v -493.69 102.48 -428.245 
v -497.172 102.48 -428.245 
v -493.69 88.8266 -376.91 
v -497.172 88.8266 -376.91 
v -493.69 88.8266 -428.245 
v -497.172 88.8266 -428.245 

vn -1 0 0 
vn -1 0 0 
vn -1 0 0 
vn -1 0 0 
vn 0 0 1 
vn 0 0 1 
vn 0 0 1 
vn 0 0 1 
vn 0 1 0 
vn 0 1 0 
vn 0 1 0 
vn 0 1 0 
vn 1 0 0 
vn 1 0 0 
vn 1 0 0 
vn 1 0 0 
vn 0 0 -1 
vn 0 0 -1 
vn 0 0 -1 
vn 0 0 -1 
vn 0 -1 0 
vn 0 -1 0 
vn 0 -1 0 
vn 0 -1 0 

vt -2.11741 -2.03594 
vt -3.82405 -2.03594 
vt -2.11741 -8.45291 
vt -3.82405 -8.45291 
vt -3.38885 -2.03594 
vt -3.82405 -2.03594 
vt -3.38885 -3.74258 
vt -3.82405 -3.74258 
vt -3.38885 -2.03594 
vt -3.82405 -2.03594 
vt -3.38885 -8.45291 
vt -3.82405 -8.45291 
vt -2.11741 -2.03594 
vt -3.82405 -2.03594 
vt -2.11741 -8.45291 
vt -3.82405 -8.45291 
vt -3.38885 -2.03594 
vt -3.82405 -2.03594 
vt -3.38885 -3.74258 
vt -3.82405 -3.74258 
vt -3.38885 -2.03594 
vt -3.82405 -2.03594 
vt -3.38885 -8.45291 
vt -3.82405 -8.45291 

usemtl Part1Mtl

f 793/793/793 794/794/794 795/795/795 
f 795/795/795 794/794/794 796/796/796 
f 797/797/797 798/798/798 799/799/799 
f 799/799/799 798/798/798 800/800/800 
f 801/801/801 802/802/802 803/803/803 
f 803/803/803 802/802/802 804/804/804 
f 805/805/805 806/806/806 807/807/807 
f 807/807/807 806/806/806 808/808/808 
f 809/809/809 810/810/810 811/811/811 
f 811/811/811 810/810/810 812/812/812 
f 813/813/813 814/814/814 815/815/815 
f 815/815/815 814/814/814 816/816/816 

g Part26

v -483.518 88.8266 -394.063 
v -483.518 102.48 -394.063 
v -483.518 88.8266 -424.745 
v -483.518 102.48 -424.745 
v -480.037 102.48 -394.063 
v -483.518 102.48 -394.063 
v -480.037 88.8266 -394.063 
v -483.518 88.8266 -394.063 
v -483.518 102.48 -394.063 
v -480.037 102.48 -394.063 
v -483.518 102.48 -424.745 
v -480.037 102.48 -424.745 
v -480.037 102.48 -394.063 
v -480.037 88.8266 -394.063 
v -480.037 102.48 -424.745 
v -480.037 88.8266 -424.745 
v -480.037 88.8266 -424.745 
v -483.518 88.8266 -424.745 
v -480.037 102.48 -424.745 
v -483.518 102.48 -424.745 
v -480.037 88.8266 -394.063 
v -483.518 88.8266 -394.063 
v -480.037 88.8266 -424.745 
v -483.518 88.8266 -424.745 

vn -1 0 0 
vn -1 0 0 
vn -1 0 0 
vn -1 0 0 
vn 0 0 1 
vn 0 0 1 
vn 0 0 1 
vn 0 0 1 
vn 0 1 0 
vn 0 1 0 
vn 0 1 0 
vn 0 1 0 
vn 1 0 0 
vn 1 0 0 
vn 1 0 0 
vn 1 0 0 
vn 0 0 -1 
vn 0 0 -1 
vn 0 0 -1 
vn 0 0 -1 
vn 0 -1 0 
vn 0 -1 0 
vn 0 -1 0 
vn 0 -1 0 

vt 0.937368 1.76927 
vt -0.769273 1.76927 
vt 0.937368 -2.06605 
vt -0.769273 -2.06605 
vt -0.334079 1.76927 
vt -0.769273 1.76927 
vt -0.334079 0.0626322 
vt -0.769273 0.0626322 
vt -0.334079 1.76927 
vt -0.769273 1.76927 
vt -0.334079 -2.06605 
vt -0.769273 -2.06605 
vt 0.937368 1.76927 
vt -0.769273 1.76927 
vt 0.937368 -2.06605 
vt -0.769273 -2.06605 
vt -0.334079 1.76927 
vt -0.769273 1.76927 
vt -0.334079 0.0626322 
vt -0.769273 0.0626322 
vt -0.334079 1.76927 
vt -0.769273 1.76927 
vt -0.334079 -2.06605 
vt -0.769273 -2.06605 

usemtl Part1Mtl

f 817/817/817 818/818/818 819/819/819 
f 819/819/819 818/818/818 820/820/820 
f 821/821/821 822/822/822 823/823/823 
f 823/823/823 822/822/822 824/824/824 
f 825/825/825 826/826/826 827/827/827 
f 827/827/827 826/826/826 828/828/828 
f 829/829/829 830/830/830 831/831/831 
f 831/831/831 830/830/830 832/832/832 
f 833/833/833 834/834/834 835/835/835 
f 835/835/835 834/834/834 836/836/836 
f 837/837/837 838/838/838 839/839/839 
f 839/839/839 838/838/838 840/840/840 

g Part27

v -509.459 88.8266 -290.212 
v -509.459 102.48 -290.212 
v -509.459 88.8266 -341.548 
v -509.459 102.48 -341.548 
v -505.978 102.48 -290.212 
v -509.459 102.48 -290.212 
v -505.978 88.8266 -290.212 
v -509.459 88.8266 -290.212 
v -509.459 102.48 -290.212 
v -505.978 102.48 -290.212 
v -509.459 102.48 -341.548 
v -505.978 102.48 -341.548 
v -505.978 102.48 -290.212 
v -505.978 88.8266 -290.212 
v -505.978 102.48 -341.548 
v -505.978 88.8266 -341.548 
v -505.978 88.8266 -341.548 
v -509.459 88.8266 -341.548 
v -505.978 102.48 -341.548 
v -509.459 102.48 -341.548 
v -505.978 88.8266 -290.212 
v -509.459 88.8266 -290.212 
v -505.978 88.8266 -341.548 
v -509.459 88.8266 -341.548 

vn -1 0 0 
vn -1 0 0 
vn -1 0 0 
vn -1 0 0 
vn 0 0 1 
vn 0 0 1 
vn 0 0 1 
vn 0 0 1 
vn 0 1 0 
vn 0 1 0 
vn 0 1 0 
vn 0 1 0 
vn 1 0 0 
vn 1 0 0 
vn 1 0 0 
vn 1 0 0 
vn 0 0 -1 
vn 0 0 -1 
vn 0 0 -1 
vn 0 0 -1 
vn 0 -1 0 
vn 0 -1 0 
vn 0 -1 0 
vn 0 -1 0 

vt 0.0731932 1.65109 
vt -1.63345 1.65109 
vt 0.0731932 -4.76588 
vt -1.63345 -4.76588 
vt -1.19825 1.65109 
vt -1.63345 1.65109 
vt -1.19825 -0.0555551 
vt -1.63345 -0.0555551 
vt -1.19825 1.65109 
vt -1.63345 1.65109 
vt -1.19825 -4.76588 
vt -1.63345 -4.76588 
vt 0.0731932 1.65109 
vt -1.63345 1.65109 
vt 0.0731932 -4.76588 
vt -1.63345 -4.76588 
vt -1.19825 1.65109 
vt -1.63345 1.65109 
vt -1.19825 -0.0555551 
vt -1.63345 -0.0555551 
vt -1.19825 1.65109 
vt -1.63345 1.65109 
vt -1.19825 -4.76588 
vt -1.63345 -4.76588 

usemtl Part1Mtl

f 841/841/841 842/842/842 843/843/843 
f 843/843/843 842/842/842 844/844/844 
f 845/845/845 846/846/846 847/847/847 
f 847/847/847 846/846/846 848/848/848 
f 849/849/849 850/850/850 851/851/851 
f 851/851/851 850/850/850 852/852/852 
f 853/853/853 854/854/854 855/855/855 
f 855/855/855 854/854/854 856/856/856 
f 857/857/857 858/858/858 859/859/859 
f 859/859/859 858/858/858 860/860/860 
f 861/861/861 862/862/862 863/863/863 
f 863/863/863 862/862/862 864/864/864 

g Part28

v -510.825 88.8266 -264.358 
v -510.825 102.48 -264.358 
v -510.825 88.8266 -278.061 
v -510.825 102.48 -278.061 
v -507.343 102.48 -264.358 
v -510.825 102.48 -264.358 
v -507.343 88.8266 -264.358 
v -510.825 88.8266 -264.358 
v -510.825 102.48 -264.358 
v -507.343 102.48 -264.358 
v -510.825 102.48 -278.061 
v -507.343 102.48 -278.061 
v -507.343 102.48 -264.358 
v -507.343 88.8266 -264.358 
v -507.343 102.48 -278.061 
v -507.343 88.8266 -278.061 
v -507.343 88.8266 -278.061 
v -510.825 88.8266 -278.061 
v -507.343 102.48 -278.061 
v -510.825 102.48 -278.061 
v -507.343 88.8266 -264.358 
v -510.825 88.8266 -264.358 
v -507.343 88.8266 -278.061 
v -510.825 88.8266 -278.061 

vn -1 0 0 
vn -1 0 0 
vn -1 0 0 
vn -1 0 0 
vn 0 0 1 
vn 0 0 1 
vn 0 0 1 
vn 0 0 1 
vn 0 1 0 
vn 0 1 0 
vn 0 1 0 
vn 0 1 0 
vn 1 0 0 
vn 1 0 0 
vn 1 0 0 
vn 1 0 0 
vn 0 0 -1 
vn 0 0 -1 
vn 0 0 -1 
vn 0 0 -1 
vn 0 -1 0 
vn 0 -1 0 
vn 0 -1 0 
vn 0 -1 0 

vt 1.97343 0.514774 
vt 0.266792 0.514774 
vt 1.97343 -1.19809 
vt 0.266792 -1.19809 
vt 0.701985 0.514774 
vt 0.266792 0.514774 
vt 0.701985 -1.19187 
vt 0.266792 -1.19187 
vt 0.701985 0.514774 
vt 0.266792 0.514774 
vt 0.701985 -1.19809 
vt 0.266792 -1.19809 
vt 1.97343 0.514774 
vt 0.266792 0.514774 
vt 1.97343 -1.19809 
vt 0.266792 -1.19809 
vt 0.701985 0.514774 
vt 0.266792 0.514774 
vt 0.701985 -1.19187 
vt 0.266792 -1.19187 
vt 0.701985 0.514774 
vt 0.266792 0.514774 
vt 0.701985 -1.19809 
vt 0.266792 -1.19809 

usemtl Part1Mtl

f 865/865/865 866/866/866 867/867/867 
f 867/867/867 866/866/866 868/868/868 
f 869/869/869 870/870/870 871/871/871 
f 871/871/871 870/870/870 872/872/872 
f 873/873/873 874/874/874 875/875/875 
f 875/875/875 874/874/874 876/876/876 
f 877/877/877 878/878/878 879/879/879 
f 879/879/879 878/878/878 880/880/880 
f 881/881/881 882/882/882 883/883/883 
f 883/883/883 882/882/882 884/884/884 
f 885/885/885 886/886/886 887/887/887 
f 887/887/887 886/886/886 888/888/888 

g Part29

v -473.595 82 -441.378 
v -473.595 83 -441.378 
v -473.595 82 -441.888 
v -473.595 83 -441.888 
v -473.34 83 -441.378 
v -473.595 83 -441.378 
v -473.34 82 -441.378 
v -473.595 82 -441.378 
v -473.595 83 -441.378 
v -473.34 83 -441.378 
v -473.595 83 -441.888 
v -473.34 83 -441.888 
v -473.34 83 -441.378 
v -473.34 82 -441.378 
v -473.34 83 -441.888 
v -473.34 82 -441.888 
v -473.34 82 -441.888 
v -473.595 82 -441.888 
v -473.34 83 -441.888 
v -473.595 83 -441.888 
v -473.34 82 -441.378 
v -473.595 82 -441.378 
v -473.34 82 -441.888 
v -473.595 82 -441.888 

vn -1 0 0 
vn -1 0 0 
vn -1 0 0 
vn -1 0 0 
vn 0 0 1 
vn 0 0 1 
vn 0 0 1 
vn 0 0 1 
vn 0 1 0 
vn 0 1 0 
vn 0 1 0 
vn 0 1 0 
vn 1 0 0 
vn 1 0 0 
vn 1 0 0 
vn 1 0 0 
vn 0 0 -1 
vn 0 0 -1 
vn 0 0 -1 
vn 0 0 -1 
vn 0 -1 0 
vn 0 -1 0 
vn 0 -1 0 
vn 0 -1 0 

vt 0.109111 1.1099 
vt -0.015889 1.1099 
vt 0.109111 1.04615 
vt -0.015889 1.04615 
vt 0.015986 1.1099 
vt -0.015889 1.1099 
vt 0.015986 0.984897 
vt -0.015889 0.984897 
vt 0.015986 1.1099 
vt -0.015889 1.1099 
vt 0.015986 1.04615 
vt -0.015889 1.04615 
vt 0.109111 1.1099 
vt -0.015889 1.1099 
vt 0.109111 1.04615 
vt -0.015889 1.04615 
vt 0.015986 1.1099 
vt -0.015889 1.1099 
vt 0.015986 0.984897 
vt -0.015889 0.984897 
vt 0.015986 1.1099 
vt -0.015889 1.1099 
vt 0.015986 1.04615 
vt -0.015889 1.04615 

usemtl Part1Mtl

f 889/889/889 890/890/890 891/891/891 
f 891/891/891 890/890/890 892/892/892 
f 893/893/893 894/894/894 895/895/895 
f 895/895/895 894/894/894 896/896/896 
f 897/897/897 898/898/898 899/899/899 
f 899/899/899 898/898/898 900/900/900 
f 901/901/901 902/902/902 903/903/903 
f 903/903/903 902/902/902 904/904/904 
f 905/905/905 906/906/906 907/907/907 
f 907/907/907 906/906/906 908/908/908 
f 909/909/909 910/910/910 911/911/911 
f 911/911/911 910/910/910 912/912/912 

g Wedge7

v -491.701 92.8766 -289.844 
v -491.701 92.8766 -289.844 
v -489.701 94.7866 -289.844 
v -491.701 94.7866 -289.844 
v -491.701 92.8766 -289.844 
v -491.701 92.8766 -289.284 
v -491.701 94.7866 -289.844 
v -491.701 94.7866 -289.284 
v -491.701 92.8766 -289.284 
v -491.701 92.8766 -289.284 
v -491.701 94.7866 -289.284 
v -489.701 94.7866 -289.284 
v -489.701 94.7866 -289.284 
v -489.701 94.7866 -289.844 
v -491.701 94.7866 -289.284 
v -491.701 94.7866 -289.844 
v -491.701 92.8766 -289.284 
v -491.701 92.8766 -289.844 
v -489.701 94.7866 -289.284 
v -489.701 94.7866 -289.844 

vn 0 0 -1 
vn 0 0 -1 
vn 0 0 -1 
vn 0 0 -1 
vn -1 0 0 
vn -1 0 0 
vn -1 0 0 
vn -1 0 0 
vn 0 0 1 
vn 0 0 1 
vn 0 0 1 
vn 0 0 1 
vn 0 1 0 
vn 0 1 0 
vn 0 1 0 
vn 0 1 0 
vn 0.692913 -0.724409 0 
vn 0.692913 -0.724409 0 
vn 0.692913 -0.724409 0 
vn 0.692913 -0.724409 0 

vt 7.75 1 
vt 7.75 1 
vt 8 0.76125 
vt 7.75 0.76125 
vt 7.82 1 
vt 7.75 1 
vt 7.82 0.76125 
vt 7.75 0.76125 
vt 8 1 
vt 8 1 
vt 8 0.76125 
vt 7.75 0.76125 
vt 7.82 1 
vt 7.75 1 
vt 7.82 0.75 
vt 7.75 0.75 
vt 7.82 1 
vt 7.75 1 
vt 7.82 0.65431 
vt 7.75 0.65431 

usemtl Wedge1Mtl

f 913/913/913 914/914/914 915/915/915 
f 915/915/915 914/914/914 916/916/916 
f 917/917/917 918/918/918 919/919/919 
f 919/919/919 918/918/918 920/920/920 
f 921/921/921 922/922/922 923/923/923 
f 923/923/923 922/922/922 924/924/924 
f 925/925/925 926/926/926 927/927/927 
f 927/927/927 926/926/926 928/928/928 
f 929/929/929 930/930/930 931/931/931 
f 931/931/931 930/930/930 932/932/932 

g Sign4

v -496.711 95.6665 -289.324 
v -496.711 95.6665 -289.574 
v -496.711 93.7165 -289.324 
v -496.711 93.7165 -289.574 
v -491.681 95.6665 -289.574 
v -496.711 95.6665 -289.574 
v -491.681 95.6665 -289.324 
v -496.711 95.6665 -289.324 
v -496.711 95.6665 -289.574 
v -491.681 95.6665 -289.574 
v -496.711 93.7165 -289.574 
v -491.681 93.7165 -289.574 
v -491.681 95.6665 -289.574 
v -491.681 95.6665 -289.324 
v -491.681 93.7165 -289.574 
v -491.681 93.7165 -289.324 
v -491.681 93.7165 -289.324 
v -496.711 93.7165 -289.324 
v -491.681 93.7165 -289.574 
v -496.711 93.7165 -289.574 
v -491.681 95.6665 -289.324 
v -496.711 95.6665 -289.324 
v -491.681 93.7165 -289.324 
v -496.711 93.7165 -289.324 

vn -1 0 0 
vn -1 0 0 
vn -1 0 0 
vn -1 0 0 
vn 0 1 0 
vn 0 1 0 
vn 0 1 0 
vn 0 1 0 
vn 0 0 -1 
vn 0 0 -1 
vn 0 0 -1 
vn 0 0 -1 
vn 1 0 0 
vn 1 0 0 
vn 1 0 0 
vn 1 0 0 
vn 0 -1 0 
vn 0 -1 0 
vn 0 -1 0 
vn 0 -1 0 
vn 0 0 1 
vn 0 0 1 
vn 0 0 1 
vn 0 0 1 

vt 7.53125 -5.75 
vt 7.5 -5.75 
vt 7.53125 -5.99375 
vt 7.5 -5.99375 
vt 8.12875 -5.75 
vt 7.5 -5.75 
vt 8.12875 -5.78125 
vt 7.5 -5.78125 
vt 8.12875 -5.75 
vt 7.5 -5.75 
vt 8.12875 -5.99375 
vt 7.5 -5.99375 
vt 7.53125 -5.75 
vt 7.5 -5.75 
vt 7.53125 -5.99375 
vt 7.5 -5.99375 
vt 8.12875 -5.75 
vt 7.5 -5.75 
vt 8.12875 -5.78125 
vt 7.5 -5.78125 
vt 8.12875 -5.75 
vt 7.5 -5.75 
vt 8.12875 -5.99375 
vt 7.5 -5.99375 

usemtl Sign1Mtl

f 933/933/933 934/934/934 935/935/935 
f 935/935/935 934/934/934 936/936/936 
f 937/937/937 938/938/938 939/939/939 
f 939/939/939 938/938/938 940/940/940 
f 941/941/941 942/942/942 943/943/943 
f 943/943/943 942/942/942 944/944/944 
f 945/945/945 946/946/946 947/947/947 
f 947/947/947 946/946/946 948/948/948 
f 949/949/949 950/950/950 951/951/951 
f 951/951/951 950/950/950 952/952/952 
f 953/953/953 954/954/954 955/955/955 
f 955/955/955 954/954/954 956/956/956 

g Wedge8

v -491.701 96.7766 -289.284 
v -491.701 96.7766 -289.284 
v -489.701 94.7666 -289.284 
v -491.701 94.7666 -289.284 
v -491.701 96.7766 -289.284 
v -491.701 96.7766 -289.844 
v -491.701 94.7666 -289.284 
v -491.701 94.7666 -289.844 
v -491.701 96.7766 -289.844 
v -491.701 96.7766 -289.844 
v -491.701 94.7666 -289.844 
v -489.701 94.7666 -289.844 
v -489.701 94.7666 -289.844 
v -489.701 94.7666 -289.284 
v -491.701 94.7666 -289.844 
v -491.701 94.7666 -289.284 
v -491.701 96.7766 -289.844 
v -491.701 96.7766 -289.284 
v -489.701 94.7666 -289.844 
v -489.701 94.7666 -289.284 

vn 0 0 1 
vn 0 0 1 
vn 0 0 1 
vn 0 0 1 
vn -1 0 0 
vn -1 0 0 
vn -1 0 0 
vn -1 0 0 
vn 0 0 -1 
vn 0 0 -1 
vn 0 0 -1 
vn 0 0 -1 
vn 0 -1 0 
vn 0 -1 0 
vn 0 -1 0 
vn 0 -1 0 
vn 0.708661 0.708661 0 
vn 0.708661 0.708661 0 
vn 0.708661 0.708661 0 
vn 0.708661 0.708661 0 

vt 4.5 0.5 
vt 4.5 0.5 
vt 4.75 0.24875 
vt 4.5 0.24875 
vt 4.57 0.5 
vt 4.5 0.5 
vt 4.57 0.24875 
vt 4.5 0.24875 
vt 4.75 0.5 
vt 4.75 0.5 
vt 4.75 0.24875 
vt 4.5 0.24875 
vt 4.57 0.5 
vt 4.5 0.5 
vt 4.57 0.25 
vt 4.5 0.25 
vt 4.57 0.5 
vt 4.5 0.5 
vt 4.57 0.145562 
vt 4.5 0.145562 

usemtl Wedge1Mtl

f 957/957/957 958/958/958 959/959/959 
f 959/959/959 958/958/958 960/960/960 
f 961/961/961 962/962/962 963/963/963 
f 963/963/963 962/962/962 964/964/964 
f 965/965/965 966/966/966 967/967/967 
f 967/967/967 966/966/966 968/968/968 
f 969/969/969 970/970/970 971/971/971 
f 971/971/971 970/970/970 972/972/972 
f 973/973/973 974/974/974 975/975/975 
f 975/975/975 974/974/974 976/976/976 

g Part30

v -473.176 88.8266 -260.892 
v -473.176 102.48 -260.892 
v -510.859 88.8266 -260.892 
v -510.859 102.48 -260.892 
v -473.176 102.48 -264.374 
v -473.176 102.48 -260.892 
v -473.176 88.8266 -264.374 
v -473.176 88.8266 -260.892 
v -473.176 102.48 -260.892 
v -473.176 102.48 -264.374 
v -510.859 102.48 -260.892 
v -510.859 102.48 -264.374 
v -473.176 102.48 -264.374 
v -473.176 88.8266 -264.374 
v -510.859 102.48 -264.374 
v -510.859 88.8266 -264.374 
v -510.859 88.8266 -264.374 
v -510.859 88.8266 -260.892 
v -510.859 102.48 -264.374 
v -510.859 102.48 -260.892 
v -473.176 88.8266 -264.374 
v -473.176 88.8266 -260.892 
v -510.859 88.8266 -264.374 
v -510.859 88.8266 -260.892 

vn 0 0 1 
vn 0 0 1 
vn 0 0 1 
vn 0 0 1 
vn 1 0 0 
vn 1 0 0 
vn 1 0 0 
vn 1 0 0 
vn 0 1 0 
vn 0 1 0 
vn 0 1 0 
vn 0 1 0 
vn 0 0 -1 
vn 0 0 -1 
vn 0 0 -1 
vn 0 0 -1 
vn -1 0 0 
vn -1 0 0 
vn -1 0 0 
vn -1 0 0 
vn 0 -1 0 
vn 0 -1 0 
vn 0 -1 0 
vn 0 -1 0 

vt 1.88812 2.96307 
vt 0.18148 2.96307 
vt 1.88812 -1.74726 
vt 0.18148 -1.74726 
vt 0.616673 2.96307 
vt 0.18148 2.96307 
vt 0.616673 1.25643 
vt 0.18148 1.25643 
vt 0.616673 2.96307 
vt 0.18148 2.96307 
vt 0.616673 -1.74726 
vt 0.18148 -1.74726 
vt 1.88812 2.96307 
vt 0.18148 2.96307 
vt 1.88812 -1.74726 
vt 0.18148 -1.74726 
vt 0.616673 2.96307 
vt 0.18148 2.96307 
vt 0.616673 1.25643 
vt 0.18148 1.25643 
vt 0.616673 2.96307 
vt 0.18148 2.96307 
vt 0.616673 -1.74726 
vt 0.18148 -1.74726 

usemtl Part1Mtl

f 977/977/977 978/978/978 979/979/979 
f 979/979/979 978/978/978 980/980/980 
f 981/981/981 982/982/982 983/983/983 
f 983/983/983 982/982/982 984/984/984 
f 985/985/985 986/986/986 987/987/987 
f 987/987/987 986/986/986 988/988/988 
f 989/989/989 990/990/990 991/991/991 
f 991/991/991 990/990/990 992/992/992 
f 993/993/993 994/994/994 995/995/995 
f 995/995/995 994/994/994 996/996/996 
f 997/997/997 998/998/998 999/999/999 
f 999/999/999 998/998/998 1000/1000/1000 

g Part31

v -340.775 88.8266 -234.371 
v -340.775 102.48 -234.371 
v -340.775 88.8266 -230.275 
v -340.775 102.48 -230.275 
v -531.782 102.48 -234.371 
v -340.775 102.48 -234.371 
v -531.782 88.8266 -234.371 
v -340.775 88.8266 -234.371 
v -340.775 102.48 -234.371 
v -531.782 102.48 -234.371 
v -340.775 102.48 -230.275 
v -531.782 102.48 -230.275 
v -531.782 102.48 -234.371 
v -531.782 88.8266 -234.371 
v -531.782 102.48 -230.275 
v -531.782 88.8266 -230.275 
v -531.782 88.8266 -230.275 
v -340.775 88.8266 -230.275 
v -531.782 102.48 -230.275 
v -340.775 102.48 -230.275 
v -531.782 88.8266 -234.371 
v -340.775 88.8266 -234.371 
v -531.782 88.8266 -230.275 
v -340.775 88.8266 -230.275 

vn 1 0 0 
vn 1 0 0 
vn 1 0 0 
vn 1 0 0 
vn 0 0 -1 
vn 0 0 -1 
vn 0 0 -1 
vn 0 0 -1 
vn 0 1 0 
vn 0 1 0 
vn 0 1 0 
vn 0 1 0 
vn -1 0 0 
vn -1 0 0 
vn -1 0 0 
vn -1 0 0 
vn 0 0 1 
vn 0 0 1 
vn 0 0 1 
vn 0 0 1 
vn 0 -1 0 
vn 0 -1 0 
vn 0 -1 0 
vn 0 -1 0 

vt 10.2308 -0.331395 
vt 8.52415 -0.331395 
vt 10.2308 -0.843387 
vt 8.52415 -0.843387 
vt 32.4 -0.331395 
vt 8.52415 -0.331395 
vt 32.4 -2.03804 
vt 8.52415 -2.03804 
vt 32.4 -0.331395 
vt 8.52415 -0.331395 
vt 32.4 -0.843387 
vt 8.52415 -0.843387 
vt 10.2308 -0.331395 
vt 8.52415 -0.331395 
vt 10.2308 -0.843387 
vt 8.52415 -0.843387 
vt 32.4 -0.331395 
vt 8.52415 -0.331395 
vt 32.4 -2.03804 
vt 8.52415 -2.03804 
vt 32.4 -0.331395 
vt 8.52415 -0.331395 
vt 32.4 -0.843387 
vt 8.52415 -0.843387 

usemtl Part1Mtl

f 1001/1001/1001 1002/1002/1002 1003/1003/1003 
f 1003/1003/1003 1002/1002/1002 1004/1004/1004 
f 1005/1005/1005 1006/1006/1006 1007/1007/1007 
f 1007/1007/1007 1006/1006/1006 1008/1008/1008 
f 1009/1009/1009 1010/1010/1010 1011/1011/1011 
f 1011/1011/1011 1010/1010/1010 1012/1012/1012 
f 1013/1013/1013 1014/1014/1014 1015/1015/1015 
f 1015/1015/1015 1014/1014/1014 1016/1016/1016 
f 1017/1017/1017 1018/1018/1018 1019/1019/1019 
f 1019/1019/1019 1018/1018/1018 1020/1020/1020 
f 1021/1021/1021 1022/1022/1022 1023/1023/1023 
f 1023/1023/1023 1022/1022/1022 1024/1024/1024 

g Part32

v -476.692 88.8266 -233.552 
v -476.692 102.48 -233.552 
v -476.692 88.8266 -243.928 
v -476.692 102.48 -243.928 
v -473.21 102.48 -233.552 
v -476.692 102.48 -233.552 
v -473.21 88.8266 -233.552 
v -476.692 88.8266 -233.552 
v -476.692 102.48 -233.552 
v -473.21 102.48 -233.552 
v -476.692 102.48 -243.928 
v -473.21 102.48 -243.928 
v -473.21 102.48 -233.552 
v -473.21 88.8266 -233.552 
v -473.21 102.48 -243.928 
v -473.21 88.8266 -243.928 
v -473.21 88.8266 -243.928 
v -476.692 88.8266 -243.928 
v -473.21 102.48 -243.928 
v -476.692 102.48 -243.928 
v -473.21 88.8266 -233.552 
v -476.692 88.8266 -233.552 
v -473.21 88.8266 -243.928 
v -476.692 88.8266 -243.928 

vn -1 0 0 
vn -1 0 0 
vn -1 0 0 
vn -1 0 0 
vn 0 0 1 
vn 0 0 1 
vn 0 0 1 
vn 0 0 1 
vn 0 1 0 
vn 0 1 0 
vn 0 1 0 
vn 0 1 0 
vn 1 0 0 
vn 1 0 0 
vn 1 0 0 
vn 1 0 0 
vn 0 0 -1 
vn 0 0 -1 
vn 0 0 -1 
vn 0 0 -1 
vn 0 -1 0 
vn 0 -1 0 
vn 0 -1 0 
vn 0 -1 0 

vt 0.679595 2.34684 
vt -1.02705 2.34684 
vt 0.679595 1.04979 
vt -1.02705 1.04979 
vt -0.591852 2.34684 
vt -1.02705 2.34684 
vt -0.591852 0.640197 
vt -1.02705 0.640197 
vt -0.591852 2.34684 
vt -1.02705 2.34684 
vt -0.591852 1.04979 
vt -1.02705 1.04979 
vt 0.679595 2.34684 
vt -1.02705 2.34684 
vt 0.679595 1.04979 
vt -1.02705 1.04979 
vt -0.591852 2.34684 
vt -1.02705 2.34684 
vt -0.591852 0.640197 
vt -1.02705 0.640197 
vt -0.591852 2.34684 
vt -1.02705 2.34684 
vt -0.591852 1.04979 
vt -1.02705 1.04979 

usemtl Part1Mtl

f 1025/1025/1025 1026/1026/1026 1027/1027/1027 
f 1027/1027/1027 1026/1026/1026 1028/1028/1028 
f 1029/1029/1029 1030/1030/1030 1031/1031/1031 
f 1031/1031/1031 1030/1030/1030 1032/1032/1032 
f 1033/1033/1033 1034/1034/1034 1035/1035/1035 
f 1035/1035/1035 1034/1034/1034 1036/1036/1036 
f 1037/1037/1037 1038/1038/1038 1039/1039/1039 
f 1039/1039/1039 1038/1038/1038 1040/1040/1040 
f 1041/1041/1041 1042/1042/1042 1043/1043/1043 
f 1043/1043/1043 1042/1042/1042 1044/1044/1044 
f 1045/1045/1045 1046/1046/1046 1047/1047/1047 
f 1047/1047/1047 1046/1046/1046 1048/1048/1048 

g Part33

v -459.625 88.8266 -424.695 
v -459.625 102.48 -424.695 
v -459.625 88.8266 -448.725 
v -459.625 102.48 -448.725 
v -456.144 102.48 -424.695 
v -459.625 102.48 -424.695 
v -456.144 88.8266 -424.695 
v -459.625 88.8266 -424.695 
v -459.625 102.48 -424.695 
v -456.144 102.48 -424.695 
v -459.625 102.48 -448.725 
v -456.144 102.48 -448.725 
v -456.144 102.48 -424.695 
v -456.144 88.8266 -424.695 
v -456.144 102.48 -448.725 
v -456.144 88.8266 -448.725 
v -456.144 88.8266 -448.725 
v -459.625 88.8266 -448.725 
v -456.144 102.48 -448.725 
v -459.625 102.48 -448.725 
v -456.144 88.8266 -424.695 
v -459.625 88.8266 -424.695 
v -456.144 88.8266 -448.725 
v -459.625 88.8266 -448.725 

vn -1 0 0 
vn -1 0 0 
vn -1 0 0 
vn -1 0 0 
vn 0 0 1 
vn 0 0 1 
vn 0 0 1 
vn 0 0 1 
vn 0 1 0 
vn 0 1 0 
vn 0 1 0 
vn 0 1 0 
vn 1 0 0 
vn 1 0 0 
vn 1 0 0 
vn 1 0 0 
vn 0 0 -1 
vn 0 0 -1 
vn 0 0 -1 
vn 0 0 -1 
vn 0 -1 0 
vn 0 -1 0 
vn 0 -1 0 
vn 0 -1 0 

vt -0.50863 -0.206995 
vt -2.21527 -0.206995 
vt -0.50863 -3.21068 
vt -2.21527 -3.21068 
vt -1.78008 -0.206995 
vt -2.21527 -0.206995 
vt -1.78008 -1.91364 
vt -2.21527 -1.91364 
vt -1.78008 -0.206995 
vt -2.21527 -0.206995 
vt -1.78008 -3.21068 
vt -2.21527 -3.21068 
vt -0.50863 -0.206995 
vt -2.21527 -0.206995 
vt -0.50863 -3.21068 
vt -2.21527 -3.21068 
vt -1.78008 -0.206995 
vt -2.21527 -0.206995 
vt -1.78008 -1.91364 
vt -2.21527 -1.91364 
vt -1.78008 -0.206995 
vt -2.21527 -0.206995 
vt -1.78008 -3.21068 
vt -2.21527 -3.21068 

usemtl Part1Mtl

f 1049/1049/1049 1050/1050/1050 1051/1051/1051 
f 1051/1051/1051 1050/1050/1050 1052/1052/1052 
f 1053/1053/1053 1054/1054/1054 1055/1055/1055 
f 1055/1055/1055 1054/1054/1054 1056/1056/1056 
f 1057/1057/1057 1058/1058/1058 1059/1059/1059 
f 1059/1059/1059 1058/1058/1058 1060/1060/1060 
f 1061/1061/1061 1062/1062/1062 1063/1063/1063 
f 1063/1063/1063 1062/1062/1062 1064/1064/1064 
f 1065/1065/1065 1066/1066/1066 1067/1067/1067 
f 1067/1067/1067 1066/1066/1066 1068/1068/1068 
f 1069/1069/1069 1070/1070/1070 1071/1071/1071 
f 1071/1071/1071 1070/1070/1070 1072/1072/1072 

g Part34

v -459.523 88.8266 -424.73 
v -459.523 102.48 -424.73 
v -483.553 88.8266 -424.73 
v -483.553 102.48 -424.73 
v -459.523 102.48 -428.211 
v -459.523 102.48 -424.73 
v -459.523 88.8266 -428.211 
v -459.523 88.8266 -424.73 
v -459.523 102.48 -424.73 
v -459.523 102.48 -428.211 
v -483.553 102.48 -424.73 
v -483.553 102.48 -428.211 
v -459.523 102.48 -428.211 
v -459.523 88.8266 -428.211 
v -483.553 102.48 -428.211 
v -483.553 88.8266 -428.211 
v -483.553 88.8266 -428.211 
v -483.553 88.8266 -424.73 
v -483.553 102.48 -428.211 
v -483.553 102.48 -424.73 
v -459.523 88.8266 -428.211 
v -459.523 88.8266 -424.73 
v -483.553 88.8266 -428.211 
v -483.553 88.8266 -424.73 

vn 0 0 1 
vn 0 0 1 
vn 0 0 1 
vn 0 0 1 
vn 1 0 0 
vn 1 0 0 
vn 1 0 0 
vn 1 0 0 
vn 0 1 0 
vn 0 1 0 
vn 0 1 0 
vn 0 1 0 
vn 0 0 -1 
vn 0 0 -1 
vn 0 0 -1 
vn 0 0 -1 
vn -1 0 0 
vn -1 0 0 
vn -1 0 0 
vn -1 0 0 
vn 0 -1 0 
vn 0 -1 0 
vn 0 -1 0 
vn 0 -1 0 

vt 3.49751 -0.206995 
vt 1.79087 -0.206995 
vt 3.49751 -3.21068 
vt 1.79087 -3.21068 
vt 2.22607 -0.206995 
vt 1.79087 -0.206995 
vt 2.22607 -1.91364 
vt 1.79087 -1.91364 
vt 2.22607 -0.206995 
vt 1.79087 -0.206995 
vt 2.22607 -3.21068 
vt 1.79087 -3.21068 
vt 3.49751 -0.206995 
vt 1.79087 -0.206995 
vt 3.49751 -3.21068 
vt 1.79087 -3.21068 
vt 2.22607 -0.206995 
vt 1.79087 -0.206995 
vt 2.22607 -1.91364 
vt 1.79087 -1.91364 
vt 2.22607 -0.206995 
vt 1.79087 -0.206995 
vt 2.22607 -3.21068 
vt 1.79087 -3.21068 

usemtl Part1Mtl

f 1073/1073/1073 1074/1074/1074 1075/1075/1075 
f 1075/1075/1075 1074/1074/1074 1076/1076/1076 
f 1077/1077/1077 1078/1078/1078 1079/1079/1079 
f 1079/1079/1079 1078/1078/1078 1080/1080/1080 
f 1081/1081/1081 1082/1082/1082 1083/1083/1083 
f 1083/1083/1083 1082/1082/1082 1084/1084/1084 
f 1085/1085/1085 1086/1086/1086 1087/1087/1087 
f 1087/1087/1087 1086/1086/1086 1088/1088/1088 
f 1089/1089/1089 1090/1090/1090 1091/1091/1091 
f 1091/1091/1091 1090/1090/1090 1092/1092/1092 
f 1093/1093/1093 1094/1094/1094 1095/1095/1095 
f 1095/1095/1095 1094/1094/1094 1096/1096/1096 

g Part35

v -480.037 88.8266 -366.806 
v -480.037 102.48 -366.806 
v -480.037 88.8266 -356.43 
v -480.037 102.48 -356.43 
v -483.518 102.48 -366.806 
v -480.037 102.48 -366.806 
v -483.518 88.8266 -366.806 
v -480.037 88.8266 -366.806 
v -480.037 102.48 -366.806 
v -483.518 102.48 -366.806 
v -480.037 102.48 -356.43 
v -483.518 102.48 -356.43 
v -483.518 102.48 -366.806 
v -483.518 88.8266 -366.806 
v -483.518 102.48 -356.43 
v -483.518 88.8266 -356.43 
v -483.518 88.8266 -356.43 
v -480.037 88.8266 -356.43 
v -483.518 102.48 -356.43 
v -480.037 102.48 -356.43 
v -483.518 88.8266 -366.806 
v -480.037 88.8266 -366.806 
v -483.518 88.8266 -356.43 
v -480.037 88.8266 -356.43 

vn 1 0 0 
vn 1 0 0 
vn 1 0 0 
vn 1 0 0 
vn 0 0 -1 
vn 0 0 -1 
vn 0 0 -1 
vn 0 0 -1 
vn 0 1 0 
vn 0 1 0 
vn 0 1 0 
vn 0 1 0 
vn -1 0 0 
vn -1 0 0 
vn -1 0 0 
vn -1 0 0 
vn 0 0 1 
vn 0 0 1 
vn 0 0 1 
vn 0 0 1 
vn 0 -1 0 
vn 0 -1 0 
vn 0 -1 0 
vn 0 -1 0 

vt 2.72995 1.24766 
vt 1.02331 1.24766 
vt 2.72995 -0.0493854 
vt 1.02331 -0.0493854 
vt 1.4585 1.24766 
vt 1.02331 1.24766 
vt 1.4585 -0.458979 
vt 1.02331 -0.458979 
vt 1.4585 1.24766 
vt 1.02331 1.24766 
vt 1.4585 -0.0493854 
vt 1.02331 -0.0493854 
vt 2.72995 1.24766 
vt 1.02331 1.24766 
vt 2.72995 -0.0493854 
vt 1.02331 -0.0493854 
vt 1.4585 1.24766 
vt 1.02331 1.24766 
vt 1.4585 -0.458979 
vt 1.02331 -0.458979 
vt 1.4585 1.24766 
vt 1.02331 1.24766 
vt 1.4585 -0.0493854 
vt 1.02331 -0.0493854 

usemtl Part1Mtl

f 1097/1097/1097 1098/1098/1098 1099/1099/1099 
f 1099/1099/1099 1098/1098/1098 1100/1100/1100 
f 1101/1101/1101 1102/1102/1102 1103/1103/1103 
f 1103/1103/1103 1102/1102/1102 1104/1104/1104 
f 1105/1105/1105 1106/1106/1106 1107/1107/1107 
f 1107/1107/1107 1106/1106/1106 1108/1108/1108 
f 1109/1109/1109 1110/1110/1110 1111/1111/1111 
f 1111/1111/1111 1110/1110/1110 1112/1112/1112 
f 1113/1113/1113 1114/1114/1114 1115/1115/1115 
f 1115/1115/1115 1114/1114/1114 1116/1116/1116 
f 1117/1117/1117 1118/1118/1118 1119/1119/1119 
f 1119/1119/1119 1118/1118/1118 1120/1120/1120 

g Part36

v -483.109 88.8266 -403.328 
v -483.109 102.48 -403.328 
v -483.109 88.8266 -407.424 
v -483.109 102.48 -407.424 
v -444.197 102.48 -403.328 
v -483.109 102.48 -403.328 
v -444.197 88.8266 -403.328 
v -483.109 88.8266 -403.328 
v -483.109 102.48 -403.328 
v -444.197 102.48 -403.328 
v -483.109 102.48 -407.424 
v -444.197 102.48 -407.424 
v -444.197 102.48 -403.328 
v -444.197 88.8266 -403.328 
v -444.197 102.48 -407.424 
v -444.197 88.8266 -407.424 
v -444.197 88.8266 -407.424 
v -483.109 88.8266 -407.424 
v -444.197 102.48 -407.424 
v -483.109 102.48 -407.424 
v -444.197 88.8266 -403.328 
v -483.109 88.8266 -403.328 
v -444.197 88.8266 -407.424 
v -483.109 88.8266 -407.424 

vn -1 0 0 
vn -1 0 0 
vn -1 0 0 
vn -1 0 0 
vn 0 0 1 
vn 0 0 1 
vn 0 0 1 
vn 0 0 1 
vn 0 1 0 
vn 0 1 0 
vn 0 1 0 
vn 0 1 0 
vn 1 0 0 
vn 1 0 0 
vn 1 0 0 
vn 1 0 0 
vn 0 0 -1 
vn 0 0 -1 
vn 0 0 -1 
vn 0 0 -1 
vn 0 -1 0 
vn 0 -1 0 
vn 0 -1 0 
vn 0 -1 0 

vt 3.1735 -0.66137 
vt 1.46686 -0.66137 
vt 3.1735 -1.17336 
vt 1.46686 -1.17336 
vt 6.33079 -0.66137 
vt 1.46686 -0.66137 
vt 6.33079 -2.36801 
vt 1.46686 -2.36801 
vt 6.33079 -0.66137 
vt 1.46686 -0.66137 
vt 6.33079 -1.17336 
vt 1.46686 -1.17336 
vt 3.1735 -0.66137 
vt 1.46686 -0.66137 
vt 3.1735 -1.17336 
vt 1.46686 -1.17336 
vt 6.33079 -0.66137 
vt 1.46686 -0.66137 
vt 6.33079 -2.36801 
vt 1.46686 -2.36801 
vt 6.33079 -0.66137 
vt 1.46686 -0.66137 
vt 6.33079 -1.17336 
vt 1.46686 -1.17336 

usemtl Part1Mtl

f 1121/1121/1121 1122/1122/1122 1123/1123/1123 
f 1123/1123/1123 1122/1122/1122 1124/1124/1124 
f 1125/1125/1125 1126/1126/1126 1127/1127/1127 
f 1127/1127/1127 1126/1126/1126 1128/1128/1128 
f 1129/1129/1129 1130/1130/1130 1131/1131/1131 
f 1131/1131/1131 1130/1130/1130 1132/1132/1132 
f 1133/1133/1133 1134/1134/1134 1135/1135/1135 
f 1135/1135/1135 1134/1134/1134 1136/1136/1136 
f 1137/1137/1137 1138/1138/1138 1139/1139/1139 
f 1139/1139/1139 1138/1138/1138 1140/1140/1140 
f 1141/1141/1141 1142/1142/1142 1143/1143/1143 
f 1143/1143/1143 1142/1142/1142 1144/1144/1144 

g Part37

v -460.206 88.8266 -289.564 
v -460.206 102.48 -289.564 
v -532.772 88.8266 -289.564 
v -532.772 102.48 -289.564 
v -460.206 102.48 -293.045 
v -460.206 102.48 -289.564 
v -460.206 88.8266 -293.045 
v -460.206 88.8266 -289.564 
v -460.206 102.48 -289.564 
v -460.206 102.48 -293.045 
v -532.772 102.48 -289.564 
v -532.772 102.48 -293.045 
v -460.206 102.48 -293.045 
v -460.206 88.8266 -293.045 
v -532.772 102.48 -293.045 
v -532.772 88.8266 -293.045 
v -532.772 88.8266 -293.045 
v -532.772 88.8266 -289.564 
v -532.772 102.48 -293.045 
v -532.772 102.48 -289.564 
v -460.206 88.8266 -293.045 
v -460.206 88.8266 -289.564 
v -532.772 88.8266 -293.045 
v -532.772 88.8266 -289.564 

vn 0 0 1 
vn 0 0 1 
vn 0 0 1 
vn 0 0 1 
vn 1 0 0 
vn 1 0 0 
vn 1 0 0 
vn 1 0 0 
vn 0 1 0 
vn 0 1 0 
vn 0 1 0 
vn 0 1 0 
vn 0 0 -1 
vn 0 0 -1 
vn 0 0 -1 
vn 0 0 -1 
vn -1 0 0 
vn -1 0 0 
vn -1 0 0 
vn -1 0 0 
vn 0 -1 0 
vn 0 -1 0 
vn 0 -1 0 
vn 0 -1 0 

vt 4.02888 2.80108 
vt 2.32224 2.80108 
vt 4.02888 -6.26971 
vt 2.32224 -6.26971 
vt 2.75743 2.80108 
vt 2.32224 2.80108 
vt 2.75743 1.09444 
vt 2.32224 1.09444 
vt 2.75743 2.80108 
vt 2.32224 2.80108 
vt 2.75743 -6.26971 
vt 2.32224 -6.26971 
vt 4.02888 2.80108 
vt 2.32224 2.80108 
vt 4.02888 -6.26971 
vt 2.32224 -6.26971 
vt 2.75743 2.80108 
vt 2.32224 2.80108 
vt 2.75743 1.09444 
vt 2.32224 1.09444 
vt 2.75743 2.80108 
vt 2.32224 2.80108 
vt 2.75743 -6.26971 
vt 2.32224 -6.26971 

usemtl Part1Mtl

f 1145/1145/1145 1146/1146/1146 1147/1147/1147 
f 1147/1147/1147 1146/1146/1146 1148/1148/1148 
f 1149/1149/1149 1150/1150/1150 1151/1151/1151 
f 1151/1151/1151 1150/1150/1150 1152/1152/1152 
f 1153/1153/1153 1154/1154/1154 1155/1155/1155 
f 1155/1155/1155 1154/1154/1154 1156/1156/1156 
f 1157/1157/1157 1158/1158/1158 1159/1159/1159 
f 1159/1159/1159 1158/1158/1158 1160/1160/1160 
f 1161/1161/1161 1162/1162/1162 1163/1163/1163 
f 1163/1163/1163 1162/1162/1162 1164/1164/1164 
f 1165/1165/1165 1166/1166/1166 1167/1167/1167 
f 1167/1167/1167 1166/1166/1166 1168/1168/1168 

g Part38

v -497.172 88.8266 -308.644 
v -497.172 102.48 -308.644 
v -497.172 88.8266 -339.5 
v -497.172 102.48 -339.5 
v -493.69 102.48 -308.644 
v -497.172 102.48 -308.644 
v -493.69 88.8266 -308.644 
v -497.172 88.8266 -308.644 
v -497.172 102.48 -308.644 
v -493.69 102.48 -308.644 
v -497.172 102.48 -339.5 
v -493.69 102.48 -339.5 
v -493.69 102.48 -308.644 
v -493.69 88.8266 -308.644 
v -493.69 102.48 -339.5 
v -493.69 88.8266 -339.5 
v -493.69 88.8266 -339.5 
v -497.172 88.8266 -339.5 
v -493.69 102.48 -339.5 
v -497.172 102.48 -339.5 
v -493.69 88.8266 -308.644 
v -497.172 88.8266 -308.644 
v -493.69 88.8266 -339.5 
v -497.172 88.8266 -339.5 

vn -1 0 0 
vn -1 0 0 
vn -1 0 0 
vn -1 0 0 
vn 0 0 1 
vn 0 0 1 
vn 0 0 1 
vn 0 0 1 
vn 0 1 0 
vn 0 1 0 
vn 0 1 0 
vn 0 1 0 
vn 1 0 0 
vn 1 0 0 
vn 1 0 0 
vn 1 0 0 
vn 0 0 -1 
vn 0 0 -1 
vn 0 0 -1 
vn 0 0 -1 
vn 0 -1 0 
vn 0 -1 0 
vn 0 -1 0 
vn 0 -1 0 

vt 3.47615 -0.242414 
vt 1.76951 -0.242414 
vt 3.47615 -4.09942 
vt 1.76951 -4.09942 
vt 2.20471 -0.242414 
vt 1.76951 -0.242414 
vt 2.20471 -1.94905 
vt 1.76951 -1.94905 
vt 2.20471 -0.242414 
vt 1.76951 -0.242414 
vt 2.20471 -4.09942 
vt 1.76951 -4.09942 
vt 3.47615 -0.242414 
vt 1.76951 -0.242414 
vt 3.47615 -4.09942 
vt 1.76951 -4.09942 
vt 2.20471 -0.242414 
vt 1.76951 -0.242414 
vt 2.20471 -1.94905 
vt 1.76951 -1.94905 
vt 2.20471 -0.242414 
vt 1.76951 -0.242414 
vt 2.20471 -4.09942 
vt 1.76951 -4.09942 

usemtl Part1Mtl

f 1169/1169/1169 1170/1170/1170 1171/1171/1171 
f 1171/1171/1171 1170/1170/1170 1172/1172/1172 
f 1173/1173/1173 1174/1174/1174 1175/1175/1175 
f 1175/1175/1175 1174/1174/1174 1176/1176/1176 
f 1177/1177/1177 1178/1178/1178 1179/1179/1179 
f 1179/1179/1179 1178/1178/1178 1180/1180/1180 
f 1181/1181/1181 1182/1182/1182 1183/1183/1183 
f 1183/1183/1183 1182/1182/1182 1184/1184/1184 
f 1185/1185/1185 1186/1186/1186 1187/1187/1187 
f 1187/1187/1187 1186/1186/1186 1188/1188/1188 
f 1189/1189/1189 1190/1190/1190 1191/1191/1191 
f 1191/1191/1191 1190/1190/1190 1192/1192/1192 

g Part39

v -483.518 88.8266 -292.943 
v -483.518 102.48 -292.943 
v -483.518 88.8266 -330.625 
v -483.518 102.48 -330.625 
v -480.037 102.48 -292.943 
v -483.518 102.48 -292.943 
v -480.037 88.8266 -292.943 
v -483.518 88.8266 -292.943 
v -483.518 102.48 -292.943 
v -480.037 102.48 -292.943 
v -483.518 102.48 -330.625 
v -480.037 102.48 -330.625 
v -480.037 102.48 -292.943 
v -480.037 88.8266 -292.943 
v -480.037 102.48 -330.625 
v -480.037 88.8266 -330.625 
v -480.037 88.8266 -330.625 
v -483.518 88.8266 -330.625 
v -480.037 102.48 -330.625 
v -483.518 102.48 -330.625 
v -480.037 88.8266 -292.943 
v -483.518 88.8266 -292.943 
v -480.037 88.8266 -330.625 
v -483.518 88.8266 -330.625 

vn -1 0 0 
vn -1 0 0 
vn -1 0 0 
vn -1 0 0 
vn 0 0 1 
vn 0 0 1 
vn 0 0 1 
vn 0 0 1 
vn 0 1 0 
vn 0 1 0 
vn 0 1 0 
vn 0 1 0 
vn 1 0 0 
vn 1 0 0 
vn 1 0 0 
vn 1 0 0 
vn 0 0 -1 
vn 0 0 -1 
vn 0 0 -1 
vn 0 0 -1 
vn 0 -1 0 
vn 0 -1 0 
vn 0 -1 0 
vn 0 -1 0 

vt 3.94499 -0.235232 
vt 2.23835 -0.235232 
vt 3.94499 -4.94556 
vt 2.23835 -4.94556 
vt 2.67355 -0.235232 
vt 2.23835 -0.235232 
vt 2.67355 -1.94187 
vt 2.23835 -1.94187 
vt 2.67355 -0.235232 
vt 2.23835 -0.235232 
vt 2.67355 -4.94556 
vt 2.23835 -4.94556 
vt 3.94499 -0.235232 
vt 2.23835 -0.235232 
vt 3.94499 -4.94556 
vt 2.23835 -4.94556 
vt 2.67355 -0.235232 
vt 2.23835 -0.235232 
vt 2.67355 -1.94187 
vt 2.23835 -1.94187 
vt 2.67355 -0.235232 
vt 2.23835 -0.235232 
vt 2.67355 -4.94556 
vt 2.23835 -4.94556 

usemtl Part1Mtl

f 1193/1193/1193 1194/1194/1194 1195/1195/1195 
f 1195/1195/1195 1194/1194/1194 1196/1196/1196 
f 1197/1197/1197 1198/1198/1198 1199/1199/1199 
f 1199/1199/1199 1198/1198/1198 1200/1200/1200 
f 1201/1201/1201 1202/1202/1202 1203/1203/1203 
f 1203/1203/1203 1202/1202/1202 1204/1204/1204 
f 1205/1205/1205 1206/1206/1206 1207/1207/1207 
f 1207/1207/1207 1206/1206/1206 1208/1208/1208 
f 1209/1209/1209 1210/1210/1210 1211/1211/1211 
f 1211/1211/1211 1210/1210/1210 1212/1212/1212 
f 1213/1213/1213 1214/1214/1214 1215/1215/1215 
f 1215/1215/1215 1214/1214/1214 1216/1216/1216 

g Part40

v -363.775 88.8266 -448.725 
v -363.775 102.48 -448.725 
v -363.775 88.8266 -444.629 
v -363.775 102.48 -444.629 
v -555.266 102.48 -448.725 
v -363.775 102.48 -448.725 
v -555.266 88.8266 -448.725 
v -363.775 88.8266 -448.725 
v -363.775 102.48 -448.725 
v -555.266 102.48 -448.725 
v -363.775 102.48 -444.629 
v -555.266 102.48 -444.629 
v -555.266 102.48 -448.725 
v -555.266 88.8266 -448.725 
v -555.266 102.48 -444.629 
v -555.266 88.8266 -444.629 
v -555.266 88.8266 -444.629 
v -363.775 88.8266 -444.629 
v -555.266 102.48 -444.629 
v -363.775 102.48 -444.629 
v -555.266 88.8266 -448.725 
v -363.775 88.8266 -448.725 
v -555.266 88.8266 -444.629 
v -363.775 88.8266 -444.629 

vn 1 0 0 
vn 1 0 0 
vn 1 0 0 
vn 1 0 0 
vn 0 0 -1 
vn 0 0 -1 
vn 0 0 -1 
vn 0 0 -1 
vn 0 1 0 
vn 0 1 0 
vn 0 1 0 
vn 0 1 0 
vn -1 0 0 
vn -1 0 0 
vn -1 0 0 
vn -1 0 0 
vn 0 0 1 
vn 0 0 1 
vn 0 0 1 
vn 0 0 1 
vn 0 -1 0 
vn 0 -1 0 
vn 0 -1 0 
vn 0 -1 0 

vt -8.53695 5.99167 
vt -10.2436 5.99167 
vt -8.53695 5.47968 
vt -10.2436 5.47968 
vt 13.6927 5.99167 
vt -10.2436 5.99167 
vt 13.6927 4.28503 
vt -10.2436 4.28503 
vt 13.6927 5.99167 
vt -10.2436 5.99167 
vt 13.6927 5.47968 
vt -10.2436 5.47968 
vt -8.53695 5.99167 
vt -10.2436 5.99167 
vt -8.53695 5.47968 
vt -10.2436 5.47968 
vt 13.6927 5.99167 
vt -10.2436 5.99167 
vt 13.6927 4.28503 
vt -10.2436 4.28503 
vt 13.6927 5.99167 
vt -10.2436 5.99167 
vt 13.6927 5.47968 
vt -10.2436 5.47968 

usemtl Part1Mtl

f 1217/1217/1217 1218/1218/1218 1219/1219/1219 
f 1219/1219/1219 1218/1218/1218 1220/1220/1220 
f 1221/1221/1221 1222/1222/1222 1223/1223/1223 
f 1223/1223/1223 1222/1222/1222 1224/1224/1224 
f 1225/1225/1225 1226/1226/1226 1227/1227/1227 
f 1227/1227/1227 1226/1226/1226 1228/1228/1228 
f 1229/1229/1229 1230/1230/1230 1231/1231/1231 
f 1231/1231/1231 1230/1230/1230 1232/1232/1232 
f 1233/1233/1233 1234/1234/1234 1235/1235/1235 
f 1235/1235/1235 1234/1234/1234 1236/1236/1236 
f 1237/1237/1237 1238/1238/1238 1239/1239/1239 
f 1239/1239/1239 1238/1238/1238 1240/1240/1240 

g Part41

v -459.523 88.8266 -247.239 
v -459.523 102.48 -247.239 
v -510.859 88.8266 -247.239 
v -510.859 102.48 -247.239 
v -459.523 102.48 -250.721 
v -459.523 102.48 -247.239 
v -459.523 88.8266 -250.721 
v -459.523 88.8266 -247.239 
v -459.523 102.48 -247.239 
v -459.523 102.48 -250.721 
v -510.859 102.48 -247.239 
v -510.859 102.48 -250.721 
v -459.523 102.48 -250.721 
v -459.523 88.8266 -250.721 
v -510.859 102.48 -250.721 
v -510.859 88.8266 -250.721 
v -510.859 88.8266 -250.721 
v -510.859 88.8266 -247.239 
v -510.859 102.48 -250.721 
v -510.859 102.48 -247.239 
v -459.523 88.8266 -250.721 
v -459.523 88.8266 -247.239 
v -510.859 88.8266 -250.721 
v -510.859 88.8266 -247.239 

vn 0 0 1 
vn 0 0 1 
vn 0 0 1 
vn 0 0 1 
vn 1 0 0 
vn 1 0 0 
vn 1 0 0 
vn 1 0 0 
vn 0 1 0 
vn 0 1 0 
vn 0 1 0 
vn 0 1 0 
vn 0 0 -1 
vn 0 0 -1 
vn 0 0 -1 
vn 0 0 -1 
vn -1 0 0 
vn -1 0 0 
vn -1 0 0 
vn -1 0 0 
vn 0 -1 0 
vn 0 -1 0 
vn 0 -1 0 
vn 0 -1 0 

vt -0.473321 -0.644891 
vt -2.17996 -0.644891 
vt -0.473321 -7.06186 
vt -2.17996 -7.06186 
vt -1.74477 -0.644891 
vt -2.17996 -0.644891 
vt -1.74477 -2.35153 
vt -2.17996 -2.35153 
vt -1.74477 -0.644891 
vt -2.17996 -0.644891 
vt -1.74477 -7.06186 
vt -2.17996 -7.06186 
vt -0.473321 -0.644891 
vt -2.17996 -0.644891 
vt -0.473321 -7.06186 
vt -2.17996 -7.06186 
vt -1.74477 -0.644891 
vt -2.17996 -0.644891 
vt -1.74477 -2.35153 
vt -2.17996 -2.35153 
vt -1.74477 -0.644891 
vt -2.17996 -0.644891 
vt -1.74477 -7.06186 
vt -2.17996 -7.06186 

usemtl Part1Mtl

f 1241/1241/1241 1242/1242/1242 1243/1243/1243 
f 1243/1243/1243 1242/1242/1242 1244/1244/1244 
f 1245/1245/1245 1246/1246/1246 1247/1247/1247 
f 1247/1247/1247 1246/1246/1246 1248/1248/1248 
f 1249/1249/1249 1250/1250/1250 1251/1251/1251 
f 1251/1251/1251 1250/1250/1250 1252/1252/1252 
f 1253/1253/1253 1254/1254/1254 1255/1255/1255 
f 1255/1255/1255 1254/1254/1254 1256/1256/1256 
f 1257/1257/1257 1258/1258/1258 1259/1259/1259 
f 1259/1259/1259 1258/1258/1258 1260/1260/1260 
f 1261/1261/1261 1262/1262/1262 1263/1263/1263 
f 1263/1263/1263 1262/1262/1262 1264/1264/1264 

g Part42

v -384.431 88.8266 -247.239 
v -384.431 102.48 -247.239 
v -442.593 88.8266 -247.239 
v -442.593 102.48 -247.239 
v -384.431 102.48 -250.721 
v -384.431 102.48 -247.239 
v -384.431 88.8266 -250.721 
v -384.431 88.8266 -247.239 
v -384.431 102.48 -247.239 
v -384.431 102.48 -250.721 
v -442.593 102.48 -247.239 
v -442.593 102.48 -250.721 
v -384.431 102.48 -250.721 
v -384.431 88.8266 -250.721 
v -442.593 102.48 -250.721 
v -442.593 88.8266 -250.721 
v -442.593 88.8266 -250.721 
v -442.593 88.8266 -247.239 
v -442.593 102.48 -250.721 
v -442.593 102.48 -247.239 
v -384.431 88.8266 -250.721 
v -384.431 88.8266 -247.239 
v -442.593 88.8266 -250.721 
v -442.593 88.8266 -247.239 

vn 0 0 1 
vn 0 0 1 
vn 0 0 1 
vn 0 0 1 
vn 1 0 0 
vn 1 0 0 
vn 1 0 0 
vn 1 0 0 
vn 0 1 0 
vn 0 1 0 
vn 0 1 0 
vn 0 1 0 
vn 0 0 -1 
vn 0 0 -1 
vn 0 0 -1 
vn 0 0 -1 
vn -1 0 0 
vn -1 0 0 
vn -1 0 0 
vn -1 0 0 
vn 0 -1 0 
vn 0 -1 0 
vn 0 -1 0 
vn 0 -1 0 

vt 3.65598 -2.0808 
vt 1.94933 -2.0808 
vt 3.65598 -9.35109 
vt 1.94933 -9.35109 
vt 2.38453 -2.0808 
vt 1.94933 -2.0808 
vt 2.38453 -3.78744 
vt 1.94933 -3.78744 
vt 2.38453 -2.0808 
vt 1.94933 -2.0808 
vt 2.38453 -9.35109 
vt 1.94933 -9.35109 
vt 3.65598 -2.0808 
vt 1.94933 -2.0808 
vt 3.65598 -9.35109 
vt 1.94933 -9.35109 
vt 2.38453 -2.0808 
vt 1.94933 -2.0808 
vt 2.38453 -3.78744 
vt 1.94933 -3.78744 
vt 2.38453 -2.0808 
vt 1.94933 -2.0808 
vt 2.38453 -9.35109 
vt 1.94933 -9.35109 

usemtl Part1Mtl

f 1265/1265/1265 1266/1266/1266 1267/1267/1267 
f 1267/1267/1267 1266/1266/1266 1268/1268/1268 
f 1269/1269/1269 1270/1270/1270 1271/1271/1271 
f 1271/1271/1271 1270/1270/1270 1272/1272/1272 
f 1273/1273/1273 1274/1274/1274 1275/1275/1275 
f 1275/1275/1275 1274/1274/1274 1276/1276/1276 
f 1277/1277/1277 1278/1278/1278 1279/1279/1279 
f 1279/1279/1279 1278/1278/1278 1280/1280/1280 
f 1281/1281/1281 1282/1282/1282 1283/1283/1283 
f 1283/1283/1283 1282/1282/1282 1284/1284/1284 
f 1285/1285/1285 1286/1286/1286 1287/1287/1287 
f 1287/1287/1287 1286/1286/1286 1288/1288/1288 

g Part43

v -432.319 88.8266 -404.216 
v -432.319 102.48 -404.216 
v -432.319 88.8266 -414.592 
v -432.319 102.48 -414.592 
v -428.838 102.48 -404.216 
v -432.319 102.48 -404.216 
v -428.838 88.8266 -404.216 
v -432.319 88.8266 -404.216 
v -432.319 102.48 -404.216 
v -428.838 102.48 -404.216 
v -432.319 102.48 -414.592 
v -428.838 102.48 -414.592 
v -428.838 102.48 -404.216 
v -428.838 88.8266 -404.216 
v -428.838 102.48 -414.592 
v -428.838 88.8266 -414.592 
v -428.838 88.8266 -414.592 
v -432.319 88.8266 -414.592 
v -428.838 102.48 -414.592 
v -432.319 102.48 -414.592 
v -428.838 88.8266 -404.216 
v -432.319 88.8266 -404.216 
v -428.838 88.8266 -414.592 
v -432.319 88.8266 -414.592 

vn -1 0 0 
vn -1 0 0 
vn -1 0 0 
vn -1 0 0 
vn 0 0 1 
vn 0 0 1 
vn 0 0 1 
vn 0 0 1 
vn 0 1 0 
vn 0 1 0 
vn 0 1 0 
vn 0 1 0 
vn 1 0 0 
vn 1 0 0 
vn 1 0 0 
vn 1 0 0 
vn 0 0 -1 
vn 0 0 -1 
vn 0 0 -1 
vn 0 0 -1 
vn 0 -1 0 
vn 0 -1 0 
vn 0 -1 0 
vn 0 -1 0 

vt 1.44504 1.65631 
vt -0.261603 1.65631 
vt 1.44504 0.359264 
vt -0.261603 0.359264 
vt 0.173591 1.65631 
vt -0.261603 1.65631 
vt 0.173591 -0.05033 
vt -0.261603 -0.05033 
vt 0.173591 1.65631 
vt -0.261603 1.65631 
vt 0.173591 0.359264 
vt -0.261603 0.359264 
vt 1.44504 1.65631 
vt -0.261603 1.65631 
vt 1.44504 0.359264 
vt -0.261603 0.359264 
vt 0.173591 1.65631 
vt -0.261603 1.65631 
vt 0.173591 -0.05033 
vt -0.261603 -0.05033 
vt 0.173591 1.65631 
vt -0.261603 1.65631 
vt 0.173591 0.359264 
vt -0.261603 0.359264 

usemtl Part1Mtl

f 1289/1289/1289 1290/1290/1290 1291/1291/1291 
f 1291/1291/1291 1290/1290/1290 1292/1292/1292 
f 1293/1293/1293 1294/1294/1294 1295/1295/1295 
f 1295/1295/1295 1294/1294/1294 1296/1296/1296 
f 1297/1297/1297 1298/1298/1298 1299/1299/1299 
f 1299/1299/1299 1298/1298/1298 1300/1300/1300 
f 1301/1301/1301 1302/1302/1302 1303/1303/1303 
f 1303/1303/1303 1302/1302/1302 1304/1304/1304 
f 1305/1305/1305 1306/1306/1306 1307/1307/1307 
f 1307/1307/1307 1306/1306/1306 1308/1308/1308 
f 1309/1309/1309 1310/1310/1310 1311/1311/1311 
f 1311/1311/1311 1310/1310/1310 1312/1312/1312 

g Part44

v -448.635 88.8266 -407.766 
v -448.635 102.48 -407.766 
v -444.539 88.8266 -407.766 
v -444.539 102.48 -407.766 
v -448.635 102.48 -388.681 
v -448.635 102.48 -407.766 
v -448.635 88.8266 -388.681 
v -448.635 88.8266 -407.766 
v -448.635 102.48 -407.766 
v -448.635 102.48 -388.681 
v -444.539 102.48 -407.766 
v -444.539 102.48 -388.681 
v -448.635 102.48 -388.681 
v -448.635 88.8266 -388.681 
v -444.539 102.48 -388.681 
v -444.539 88.8266 -388.681 
v -444.539 88.8266 -388.681 
v -444.539 88.8266 -407.766 
v -444.539 102.48 -388.681 
v -444.539 102.48 -407.766 
v -448.635 88.8266 -388.681 
v -448.635 88.8266 -407.766 
v -444.539 88.8266 -388.681 
v -444.539 88.8266 -407.766 

vn 0 0 -1 
vn 0 0 -1 
vn 0 0 -1 
vn 0 0 -1 
vn -1 0 0 
vn -1 0 0 
vn -1 0 0 
vn -1 0 0 
vn 0 1 0 
vn 0 1 0 
vn 0 1 0 
vn 0 1 0 
vn 0 0 1 
vn 0 0 1 
vn 0 0 1 
vn 0 0 1 
vn 1 0 0 
vn 1 0 0 
vn 1 0 0 
vn 1 0 0 
vn 0 -1 0 
vn 0 -1 0 
vn 0 -1 0 
vn 0 -1 0 

vt 0.697912 1.60995 
vt -1.00873 1.60995 
vt 0.697912 1.09796 
vt -1.00873 1.09796 
vt 1.37688 1.60995 
vt -1.00873 1.60995 
vt 1.37688 -0.0966895 
vt -1.00873 -0.0966895 
vt 1.37688 1.60995 
vt -1.00873 1.60995 
vt 1.37688 1.09796 
vt -1.00873 1.09796 
vt 0.697912 1.60995 
vt -1.00873 1.60995 
vt 0.697912 1.09796 
vt -1.00873 1.09796 
vt 1.37688 1.60995 
vt -1.00873 1.60995 
vt 1.37688 -0.0966895 
vt -1.00873 -0.0966895 
vt 1.37688 1.60995 
vt -1.00873 1.60995 
vt 1.37688 1.09796 
vt -1.00873 1.09796 

usemtl Part1Mtl

f 1313/1313/1313 1314/1314/1314 1315/1315/1315 
f 1315/1315/1315 1314/1314/1314 1316/1316/1316 
f 1317/1317/1317 1318/1318/1318 1319/1319/1319 
f 1319/1319/1319 1318/1318/1318 1320/1320/1320 
f 1321/1321/1321 1322/1322/1322 1323/1323/1323 
f 1323/1323/1323 1322/1322/1322 1324/1324/1324 
f 1325/1325/1325 1326/1326/1326 1327/1327/1327 
f 1327/1327/1327 1326/1326/1326 1328/1328/1328 
f 1329/1329/1329 1330/1330/1330 1331/1331/1331 
f 1331/1331/1331 1330/1330/1330 1332/1332/1332 
f 1333/1333/1333 1334/1334/1334 1335/1335/1335 
f 1335/1335/1335 1334/1334/1334 1336/1336/1336 

g Part45

v -469.865 88.8266 -322.297 
v -469.865 102.48 -322.297 
v -469.865 88.8266 -339.5 
v -469.865 102.48 -339.5 
v -466.384 102.48 -322.297 
v -469.865 102.48 -322.297 
v -466.384 88.8266 -322.297 
v -469.865 88.8266 -322.297 
v -469.865 102.48 -322.297 
v -466.384 102.48 -322.297 
v -469.865 102.48 -339.5 
v -466.384 102.48 -339.5 
v -466.384 102.48 -322.297 
v -466.384 88.8266 -322.297 
v -466.384 102.48 -339.5 
v -466.384 88.8266 -339.5 
v -466.384 88.8266 -339.5 
v -469.865 88.8266 -339.5 
v -466.384 102.48 -339.5 
v -469.865 102.48 -339.5 
v -466.384 88.8266 -322.297 
v -469.865 88.8266 -322.297 
v -466.384 88.8266 -339.5 
v -469.865 88.8266 -339.5 

vn -1 0 0 
vn -1 0 0 
vn -1 0 0 
vn -1 0 0 
vn 0 0 1 
vn 0 0 1 
vn 0 0 1 
vn 0 0 1 
vn 0 1 0 
vn 0 1 0 
vn 0 1 0 
vn 0 1 0 
vn 1 0 0 
vn 1 0 0 
vn 1 0 0 
vn 1 0 0 
vn 0 0 -1 
vn 0 0 -1 
vn 0 0 -1 
vn 0 0 -1 
vn 0 -1 0 
vn 0 -1 0 
vn 0 -1 0 
vn 0 -1 0 

vt 3.84021 -1.13357 
vt 2.13357 -1.13357 
vt 3.84021 -3.28393 
vt 2.13357 -3.28393 
vt 2.56876 -1.13357 
vt 2.13357 -1.13357 
vt 2.56876 -2.84021 
vt 2.13357 -2.84021 
vt 2.56876 -1.13357 
vt 2.13357 -1.13357 
vt 2.56876 -3.28393 
vt 2.13357 -3.28393 
vt 3.84021 -1.13357 
vt 2.13357 -1.13357 
vt 3.84021 -3.28393 
vt 2.13357 -3.28393 
vt 2.56876 -1.13357 
vt 2.13357 -1.13357 
vt 2.56876 -2.84021 
vt 2.13357 -2.84021 
vt 2.56876 -1.13357 
vt 2.13357 -1.13357 
vt 2.56876 -3.28393 
vt 2.13357 -3.28393 

usemtl Part1Mtl

f 1337/1337/1337 1338/1338/1338 1339/1339/1339 
f 1339/1339/1339 1338/1338/1338 1340/1340/1340 
f 1341/1341/1341 1342/1342/1342 1343/1343/1343 
f 1343/1343/1343 1342/1342/1342 1344/1344/1344 
f 1345/1345/1345 1346/1346/1346 1347/1347/1347 
f 1347/1347/1347 1346/1346/1346 1348/1348/1348 
f 1349/1349/1349 1350/1350/1350 1351/1351/1351 
f 1351/1351/1351 1350/1350/1350 1352/1352/1352 
f 1353/1353/1353 1354/1354/1354 1355/1355/1355 
f 1355/1355/1355 1354/1354/1354 1356/1356/1356 
f 1357/1357/1357 1358/1358/1358 1359/1359/1359 
f 1359/1359/1359 1358/1358/1358 1360/1360/1360 

g Part46

v -418.564 88.8266 -353.051 
v -418.564 102.48 -353.051 
v -483.553 88.8266 -353.051 
v -483.553 102.48 -353.051 
v -418.564 102.48 -356.532 
v -418.564 102.48 -353.051 
v -418.564 88.8266 -356.532 
v -418.564 88.8266 -353.051 
v -418.564 102.48 -353.051 
v -418.564 102.48 -356.532 
v -483.553 102.48 -353.051 
v -483.553 102.48 -356.532 
v -418.564 102.48 -356.532 
v -418.564 88.8266 -356.532 
v -483.553 102.48 -356.532 
v -483.553 88.8266 -356.532 
v -483.553 88.8266 -356.532 
v -483.553 88.8266 -353.051 
v -483.553 102.48 -356.532 
v -483.553 102.48 -353.051 
v -418.564 88.8266 -356.532 
v -418.564 88.8266 -353.051 
v -483.553 88.8266 -356.532 
v -483.553 88.8266 -353.051 

vn 0 0 1 
vn 0 0 1 
vn 0 0 1 
vn 0 0 1 
vn 1 0 0 
vn 1 0 0 
vn 1 0 0 
vn 1 0 0 
vn 0 1 0 
vn 0 1 0 
vn 0 1 0 
vn 0 1 0 
vn 0 0 -1 
vn 0 0 -1 
vn 0 0 -1 
vn 0 0 -1 
vn -1 0 0 
vn -1 0 0 
vn -1 0 0 
vn -1 0 0 
vn 0 -1 0 
vn 0 -1 0 
vn 0 -1 0 
vn 0 -1 0 

vt -1.11198 -2.36012 
vt -2.81862 -2.36012 
vt -1.11198 -10.4837 
vt -2.81862 -10.4837 
vt -2.38343 -2.36012 
vt -2.81862 -2.36012 
vt -2.38343 -4.06676 
vt -2.81862 -4.06676 
vt -2.38343 -2.36012 
vt -2.81862 -2.36012 
vt -2.38343 -10.4837 
vt -2.81862 -10.4837 
vt -1.11198 -2.36012 
vt -2.81862 -2.36012 
vt -1.11198 -10.4837 
vt -2.81862 -10.4837 
vt -2.38343 -2.36012 
vt -2.81862 -2.36012 
vt -2.38343 -4.06676 
vt -2.81862 -4.06676 
vt -2.38343 -2.36012 
vt -2.81862 -2.36012 
vt -2.38343 -10.4837 
vt -2.81862 -10.4837 

usemtl Part1Mtl

f 1361/1361/1361 1362/1362/1362 1363/1363/1363 
f 1363/1363/1363 1362/1362/1362 1364/1364/1364 
f 1365/1365/1365 1366/1366/1366 1367/1367/1367 
f 1367/1367/1367 1366/1366/1366 1368/1368/1368 
f 1369/1369/1369 1370/1370/1370 1371/1371/1371 
f 1371/1371/1371 1370/1370/1370 1372/1372/1372 
f 1373/1373/1373 1374/1374/1374 1375/1375/1375 
f 1375/1375/1375 1374/1374/1374 1376/1376/1376 
f 1377/1377/1377 1378/1378/1378 1379/1379/1379 
f 1379/1379/1379 1378/1378/1378 1380/1380/1380 
f 1381/1381/1381 1382/1382/1382 1383/1383/1383 
f 1383/1383/1383 1382/1382/1382 1384/1384/1384 

g Floor1

v -340.775 88.8266 -448.725 
v -340.775 88.8266 -230.275 
v -340.775 87.5 -448.725 
v -340.775 87.5 -230.275 
v -559.225 88.8266 -230.275 
v -340.775 88.8266 -230.275 
v -559.225 88.8266 -448.725 
v -340.775 88.8266 -448.725 
v -340.775 88.8266 -230.275 
v -559.225 88.8266 -230.275 
v -340.775 87.5 -230.275 
v -559.225 87.5 -230.275 
v -559.225 88.8266 -230.275 
v -559.225 88.8266 -448.725 
v -559.225 87.5 -230.275 
v -559.225 87.5 -448.725 
v -559.225 87.5 -448.725 
v -340.775 87.5 -448.725 
v -559.225 87.5 -230.275 
v -340.775 87.5 -230.275 
v -559.225 88.8266 -448.725 
v -340.775 88.8266 -448.725 
v -559.225 87.5 -448.725 
v -340.775 87.5 -448.725 

vn 1 0 0 
vn 1 0 0 
vn 1 0 0 
vn 1 0 0 
vn 0 1 0 
vn 0 1 0 
vn 0 1 0 
vn 0 1 0 
vn 0 0 1 
vn 0 0 1 
vn 0 0 1 
vn 0 0 1 
vn -1 0 0 
vn -1 0 0 
vn -1 0 0 
vn -1 0 0 
vn 0 -1 0 
vn 0 -1 0 
vn 0 -1 0 
vn 0 -1 0 
vn 0 0 -1 
vn 0 0 -1 
vn 0 0 -1 
vn 0 0 -1 

vt 53.038 -18.0153 
vt 25.7317 -18.0153 
vt 53.038 -18.1811 
vt 25.7317 -18.1811 
vt 53.038 -18.0153 
vt 25.7317 -18.0153 
vt 53.038 -45.3215 
vt 25.7317 -45.3215 
vt 53.038 -18.0153 
vt 25.7317 -18.0153 
vt 53.038 -18.1811 
vt 25.7317 -18.1811 
vt 53.038 -18.0153 
vt 25.7317 -18.0153 
vt 53.038 -18.1811 
vt 25.7317 -18.1811 
vt 53.038 -18.0153 
vt 25.7317 -18.0153 
vt 53.038 -45.3215 
vt 25.7317 -45.3215 
vt 53.038 -18.0153 
vt 25.7317 -18.0153 
vt 53.038 -18.1811 
vt 25.7317 -18.1811 

usemtl Floor1Mtl

f 1385/1385/1385 1386/1386/1386 1387/1387/1387 
f 1387/1387/1387 1386/1386/1386 1388/1388/1388 
f 1389/1389/1389 1390/1390/1390 1391/1391/1391 
f 1391/1391/1391 1390/1390/1390 1392/1392/1392 
f 1393/1393/1393 1394/1394/1394 1395/1395/1395 
f 1395/1395/1395 1394/1394/1394 1396/1396/1396 
f 1397/1397/1397 1398/1398/1398 1399/1399/1399 
f 1399/1399/1399 1398/1398/1398 1400/1400/1400 
f 1401/1401/1401 1402/1402/1402 1403/1403/1403 
f 1403/1403/1403 1402/1402/1402 1404/1404/1404 
f 1405/1405/1405 1406/1406/1406 1407/1407/1407 
f 1407/1407/1407 1406/1406/1406 1408/1408/1408 

g Part47

v -340.775 103.806 -448.725 
v -340.775 103.806 -230.275 
v -340.775 102.48 -448.725 
v -340.775 102.48 -230.275 
v -559.225 103.806 -230.275 
v -340.775 103.806 -230.275 
v -559.225 103.806 -448.725 
v -340.775 103.806 -448.725 
v -340.775 103.806 -230.275 
v -559.225 103.806 -230.275 
v -340.775 102.48 -230.275 
v -559.225 102.48 -230.275 
v -559.225 103.806 -230.275 
v -559.225 103.806 -448.725 
v -559.225 102.48 -230.275 
v -559.225 102.48 -448.725 
v -559.225 102.48 -448.725 
v -340.775 102.48 -448.725 
v -559.225 102.48 -230.275 
v -340.775 102.48 -230.275 
v -559.225 103.806 -448.725 
v -340.775 103.806 -448.725 
v -559.225 102.48 -448.725 
v -340.775 102.48 -448.725 

vn 1 0 0 
vn 1 0 0 
vn 1 0 0 
vn 1 0 0 
vn 0 1 0 
vn 0 1 0 
vn 0 1 0 
vn 0 1 0 
vn 0 0 1 
vn 0 0 1 
vn 0 0 1 
vn 0 0 1 
vn -1 0 0 
vn -1 0 0 
vn -1 0 0 
vn -1 0 0 
vn 0 -1 0 
vn 0 -1 0 
vn 0 -1 0 
vn 0 -1 0 
vn 0 0 -1 
vn 0 0 -1 
vn 0 0 -1 
vn 0 0 -1 

vt 34.3904 -21.8017 
vt 7.0842 -21.8017 
vt 34.3904 -21.9675 
vt 7.0842 -21.9675 
vt 34.3904 -21.8017 
vt 7.0842 -21.8017 
vt 34.3904 -49.1079 
vt 7.0842 -49.1079 
vt 34.3904 -21.8017 
vt 7.0842 -21.8017 
vt 34.3904 -21.9675 
vt 7.0842 -21.9675 
vt 34.3904 -21.8017 
vt 7.0842 -21.8017 
vt 34.3904 -21.9675 
vt 7.0842 -21.9675 
vt 34.3904 -21.8017 
vt 7.0842 -21.8017 
vt 34.3904 -49.1079 
vt 7.0842 -49.1079 
vt 34.3904 -21.8017 
vt 7.0842 -21.8017 
vt 34.3904 -21.9675 
vt 7.0842 -21.9675 

usemtl Floor1Mtl

f 1409/1409/1409 1410/1410/1410 1411/1411/1411 
f 1411/1411/1411 1410/1410/1410 1412/1412/1412 
f 1413/1413/1413 1414/1414/1414 1415/1415/1415 
f 1415/1415/1415 1414/1414/1414 1416/1416/1416 
f 1417/1417/1417 1418/1418/1418 1419/1419/1419 
f 1419/1419/1419 1418/1418/1418 1420/1420/1420 
f 1421/1421/1421 1422/1422/1422 1423/1423/1423 
f 1423/1423/1423 1422/1422/1422 1424/1424/1424 
f 1425/1425/1425 1426/1426/1426 1427/1427/1427 
f 1427/1427/1427 1426/1426/1426 1428/1428/1428 
f 1429/1429/1429 1430/1430/1430 1431/1431/1431 
f 1431/1431/1431 1430/1430/1430 1432/1432/1432 

g Wedge9

v -404.03 98.3197 -444.349 
v -404.03 98.3197 -444.349 
v -402.03 96.4097 -444.349 
v -404.03 96.4097 -444.349 
v -404.03 98.3197 -444.349 
v -404.03 98.3197 -444.909 
v -404.03 96.4097 -444.349 
v -404.03 96.4097 -444.909 
v -404.03 98.3197 -444.909 
v -404.03 98.3197 -444.909 
v -404.03 96.4097 -444.909 
v -402.03 96.4097 -444.909 
v -402.03 96.4097 -444.909 
v -402.03 96.4097 -444.349 
v -404.03 96.4097 -444.909 
v -404.03 96.4097 -444.349 
v -404.03 98.3197 -444.909 
v -404.03 98.3197 -444.349 
v -402.03 96.4097 -444.909 
v -402.03 96.4097 -444.349 

vn 0 0 1 
vn 0 0 1 
vn 0 0 1 
vn 0 0 1 
vn -1 0 0 
vn -1 0 0 
vn -1 0 0 
vn -1 0 0 
vn 0 0 -1 
vn 0 0 -1 
vn 0 0 -1 
vn 0 0 -1 
vn 0 -1 0 
vn 0 -1 0 
vn 0 -1 0 
vn 0 -1 0 
vn 0.692913 0.724409 0 
vn 0.692913 0.724409 0 
vn 0.692913 0.724409 0 
vn 0.692913 0.724409 0 

vt 3 -1.75 
vt 3 -1.75 
vt 3.25 -1.98875 
vt 3 -1.98875 
vt 3.07 -1.75 
vt 3 -1.75 
vt 3.07 -1.98875 
vt 3 -1.98875 
vt 3.25 -1.75 
vt 3.25 -1.75 
vt 3.25 -1.98875 
vt 3 -1.98875 
vt 3.07 -1.75 
vt 3 -1.75 
vt 3.07 -2 
vt 3 -2 
vt 3.07 -1.75 
vt 3 -1.75 
vt 3.07 -2.09569 
vt 3 -2.09569 

usemtl Wedge1Mtl

f 1433/1433/1433 1434/1434/1434 1435/1435/1435 
f 1435/1435/1435 1434/1434/1434 1436/1436/1436 
f 1437/1437/1437 1438/1438/1438 1439/1439/1439 
f 1439/1439/1439 1438/1438/1438 1440/1440/1440 
f 1441/1441/1441 1442/1442/1442 1443/1443/1443 
f 1443/1443/1443 1442/1442/1442 1444/1444/1444 
f 1445/1445/1445 1446/1446/1446 1447/1447/1447 
f 1447/1447/1447 1446/1446/1446 1448/1448/1448 
f 1449/1449/1449 1450/1450/1450 1451/1451/1451 
f 1451/1451/1451 1450/1450/1450 1452/1452/1452 

g Sign5

v -409.04 95.5297 -444.869 
v -409.04 95.5297 -444.619 
v -409.04 97.4797 -444.869 
v -409.04 97.4797 -444.619 
v -404.01 95.5297 -444.619 
v -409.04 95.5297 -444.619 
v -404.01 95.5297 -444.869 
v -409.04 95.5297 -444.869 
v -409.04 95.5297 -444.619 
v -404.01 95.5297 -444.619 
v -409.04 97.4797 -444.619 
v -404.01 97.4797 -444.619 
v -404.01 95.5297 -444.619 
v -404.01 95.5297 -444.869 
v -404.01 97.4797 -444.619 
v -404.01 97.4797 -444.869 
v -404.01 97.4797 -444.869 
v -409.04 97.4797 -444.869 
v -404.01 97.4797 -444.619 
v -409.04 97.4797 -444.619 
v -404.01 95.5297 -444.869 
v -409.04 95.5297 -444.869 
v -404.01 97.4797 -444.869 
v -409.04 97.4797 -444.869 

vn -1 0 0 
vn -1 0 0 
vn -1 0 0 
vn -1 0 0 
vn 0 -1 0 
vn 0 -1 0 
vn 0 -1 0 
vn 0 -1 0 
vn 0 0 1 
vn 0 0 1 
vn 0 0 1 
vn 0 0 1 
vn 1 0 0 
vn 1 0 0 
vn 1 0 0 
vn 1 0 0 
vn 0 1 0 
vn 0 1 0 
vn 0 1 0 
vn 0 1 0 
vn 0 0 -1 
vn 0 0 -1 
vn 0 0 -1 
vn 0 0 -1 

vt 0.03125 -2 
vt 0 -2 
vt 0.03125 -2.24375 
vt 0 -2.24375 
vt 0.628751 -2 
vt 0 -2 
vt 0.628751 -2.03125 
vt 0 -2.03125 
vt 0.628751 -2 
vt 0 -2 
vt 0.628751 -2.24375 
vt 0 -2.24375 
vt 0.03125 -2 
vt 0 -2 
vt 0.03125 -2.24375 
vt 0 -2.24375 
vt 0.628751 -2 
vt 0 -2 
vt 0.628751 -2.03125 
vt 0 -2.03125 
vt 0.628751 -2 
vt 0 -2 
vt 0.628751 -2.24375 
vt 0 -2.24375 

usemtl Sign1Mtl

f 1453/1453/1453 1454/1454/1454 1455/1455/1455 
f 1455/1455/1455 1454/1454/1454 1456/1456/1456 
f 1457/1457/1457 1458/1458/1458 1459/1459/1459 
f 1459/1459/1459 1458/1458/1458 1460/1460/1460 
f 1461/1461/1461 1462/1462/1462 1463/1463/1463 
f 1463/1463/1463 1462/1462/1462 1464/1464/1464 
f 1465/1465/1465 1466/1466/1466 1467/1467/1467 
f 1467/1467/1467 1466/1466/1466 1468/1468/1468 
f 1469/1469/1469 1470/1470/1470 1471/1471/1471 
f 1471/1471/1471 1470/1470/1470 1472/1472/1472 
f 1473/1473/1473 1474/1474/1474 1475/1475/1475 
f 1475/1475/1475 1474/1474/1474 1476/1476/1476 

g Wedge10

v -404.03 94.4197 -444.909 
v -404.03 94.4197 -444.909 
v -402.03 96.4297 -444.909 
v -404.03 96.4297 -444.909 
v -404.03 94.4197 -444.909 
v -404.03 94.4197 -444.349 
v -404.03 96.4297 -444.909 
v -404.03 96.4297 -444.349 
v -404.03 94.4197 -444.349 
v -404.03 94.4197 -444.349 
v -404.03 96.4297 -444.349 
v -402.03 96.4297 -444.349 
v -402.03 96.4297 -444.349 
v -402.03 96.4297 -444.909 
v -404.03 96.4297 -444.349 
v -404.03 96.4297 -444.909 
v -404.03 94.4197 -444.349 
v -404.03 94.4197 -444.909 
v -402.03 96.4297 -444.349 
v -402.03 96.4297 -444.909 

vn 0 0 -1 
vn 0 0 -1 
vn 0 0 -1 
vn 0 0 -1 
vn -1 0 0 
vn -1 0 0 
vn -1 0 0 
vn -1 0 0 
vn 0 0 1 
vn 0 0 1 
vn 0 0 1 
vn 0 0 1 
vn 0 1 0 
vn 0 1 0 
vn 0 1 0 
vn 0 1 0 
vn 0.708661 -0.708661 0 
vn 0.708661 -0.708661 0 
vn 0.708661 -0.708661 0 
vn 0.708661 -0.708661 0 

vt 6.5 0.5 
vt 6.5 0.5 
vt 6.75 0.24875 
vt 6.5 0.24875 
vt 6.57 0.5 
vt 6.5 0.5 
vt 6.57 0.24875 
vt 6.5 0.24875 
vt 6.75 0.5 
vt 6.75 0.5 
vt 6.75 0.24875 
vt 6.5 0.24875 
vt 6.57 0.5 
vt 6.5 0.5 
vt 6.57 0.25 
vt 6.5 0.25 
vt 6.57 0.5 
vt 6.5 0.5 
vt 6.57 0.145562 
vt 6.5 0.145562 

usemtl Wedge1Mtl

f 1477/1477/1477 1478/1478/1478 1479/1479/1479 
f 1479/1479/1479 1478/1478/1478 1480/1480/1480 
f 1481/1481/1481 1482/1482/1482 1483/1483/1483 
f 1483/1483/1483 1482/1482/1482 1484/1484/1484 
f 1485/1485/1485 1486/1486/1486 1487/1487/1487 
f 1487/1487/1487 1486/1486/1486 1488/1488/1488 
f 1489/1489/1489 1490/1490/1490 1491/1491/1491 
f 1491/1491/1491 1490/1490/1490 1492/1492/1492 
f 1493/1493/1493 1494/1494/1494 1495/1495/1495 
f 1495/1495/1495 1494/1494/1494 1496/1496/1496 

g Wedge11

v -428.66 97.6031 -388.766 
v -428.66 97.6031 -388.766 
v -428.66 95.6931 -390.766 
v -428.66 95.6931 -388.766 
v -428.66 97.6031 -388.766 
v -429.22 97.6031 -388.766 
v -428.66 95.6931 -388.766 
v -429.22 95.6931 -388.766 
v -429.22 97.6031 -388.766 
v -429.22 97.6031 -388.766 
v -429.22 95.6931 -388.766 
v -429.22 95.6931 -390.766 
v -429.22 95.6931 -390.766 
v -428.66 95.6931 -390.766 
v -429.22 95.6931 -388.766 
v -428.66 95.6931 -388.766 
v -429.22 97.6031 -388.766 
v -428.66 97.6031 -388.766 
v -429.22 95.6931 -390.766 
v -428.66 95.6931 -390.766 

vn 1 0 0 
vn 1 0 0 
vn 1 0 0 
vn 1 0 0 
vn 0 0 1 
vn 0 0 1 
vn 0 0 1 
vn 0 0 1 
vn -1 0 0 
vn -1 0 0 
vn -1 0 0 
vn -1 0 0 
vn 0 -1 0 
vn 0 -1 0 
vn 0 -1 0 
vn 0 -1 0 
vn 0 0.724409 -0.692913 
vn 0 0.724409 -0.692913 
vn 0 0.724409 -0.692913 
vn 0 0.724409 -0.692913 

vt 3.5 -1 
vt 3.5 -1 
vt 3.75 -1.23875 
vt 3.5 -1.23875 
vt 3.57 -1 
vt 3.5 -1 
vt 3.57 -1.23875 
vt 3.5 -1.23875 
vt 3.75 -1 
vt 3.75 -1 
vt 3.75 -1.23875 
vt 3.5 -1.23875 
vt 3.57 -1 
vt 3.5 -1 
vt 3.57 -1.25 
vt 3.5 -1.25 
vt 3.57 -1 
vt 3.5 -1 
vt 3.57 -1.34569 
vt 3.5 -1.34569 

usemtl Wedge1Mtl

f 1497/1497/1497 1498/1498/1498 1499/1499/1499 
f 1499/1499/1499 1498/1498/1498 1500/1500/1500 
f 1501/1501/1501 1502/1502/1502 1503/1503/1503 
f 1503/1503/1503 1502/1502/1502 1504/1504/1504 
f 1505/1505/1505 1506/1506/1506 1507/1507/1507 
f 1507/1507/1507 1506/1506/1506 1508/1508/1508 
f 1509/1509/1509 1510/1510/1510 1511/1511/1511 
f 1511/1511/1511 1510/1510/1510 1512/1512/1512 
f 1513/1513/1513 1514/1514/1514 1515/1515/1515 
f 1515/1515/1515 1514/1514/1514 1516/1516/1516 

g Sign6

v -429.18 94.8131 -383.756 
v -428.93 94.8131 -383.756 
v -429.18 96.7631 -383.756 
v -428.93 96.7631 -383.756 
v -428.93 94.8131 -388.786 
v -428.93 94.8131 -383.756 
v -429.18 94.8131 -388.786 
v -429.18 94.8131 -383.756 
v -428.93 94.8131 -383.756 
v -428.93 94.8131 -388.786 
v -428.93 96.7631 -383.756 
v -428.93 96.7631 -388.786 
v -428.93 94.8131 -388.786 
v -429.18 94.8131 -388.786 
v -428.93 96.7631 -388.786 
v -429.18 96.7631 -388.786 
v -429.18 96.7631 -388.786 
v -429.18 96.7631 -383.756 
v -428.93 96.7631 -388.786 
v -428.93 96.7631 -383.756 
v -429.18 94.8131 -388.786 
v -429.18 94.8131 -383.756 
v -429.18 96.7631 -388.786 
v -429.18 96.7631 -383.756 

vn 0 0 1 
vn 0 0 1 
vn 0 0 1 
vn 0 0 1 
vn 0 -1 0 
vn 0 -1 0 
vn 0 -1 0 
vn 0 -1 0 
vn 1 0 0 
vn 1 0 0 
vn 1 0 0 
vn 1 0 0 
vn 0 0 -1 
vn 0 0 -1 
vn 0 0 -1 
vn 0 0 -1 
vn 0 1 0 
vn 0 1 0 
vn 0 1 0 
vn 0 1 0 
vn -1 0 0 
vn -1 0 0 
vn -1 0 0 
vn -1 0 0 

vt 2.28125 -5.25 
vt 2.25 -5.25 
vt 2.28125 -5.49375 
vt 2.25 -5.49375 
vt 2.87875 -5.25 
vt 2.25 -5.25 
vt 2.87875 -5.28125 
vt 2.25 -5.28125 
vt 2.87875 -5.25 
vt 2.25 -5.25 
vt 2.87875 -5.49375 
vt 2.25 -5.49375 
vt 2.28125 -5.25 
vt 2.25 -5.25 
vt 2.28125 -5.49375 
vt 2.25 -5.49375 
vt 2.87875 -5.25 
vt 2.25 -5.25 
vt 2.87875 -5.28125 
vt 2.25 -5.28125 
vt 2.87875 -5.25 
vt 2.25 -5.25 
vt 2.87875 -5.49375 
vt 2.25 -5.49375 

usemtl Sign1Mtl

f 1517/1517/1517 1518/1518/1518 1519/1519/1519 
f 1519/1519/1519 1518/1518/1518 1520/1520/1520 
f 1521/1521/1521 1522/1522/1522 1523/1523/1523 
f 1523/1523/1523 1522/1522/1522 1524/1524/1524 
f 1525/1525/1525 1526/1526/1526 1527/1527/1527 
f 1527/1527/1527 1526/1526/1526 1528/1528/1528 
f 1529/1529/1529 1530/1530/1530 1531/1531/1531 
f 1531/1531/1531 1530/1530/1530 1532/1532/1532 
f 1533/1533/1533 1534/1534/1534 1535/1535/1535 
f 1535/1535/1535 1534/1534/1534 1536/1536/1536 
f 1537/1537/1537 1538/1538/1538 1539/1539/1539 
f 1539/1539/1539 1538/1538/1538 1540/1540/1540 

g Wedge12

v -429.22 93.7031 -388.766 
v -429.22 93.7031 -388.766 
v -429.22 95.7131 -390.766 
v -429.22 95.7131 -388.766 
v -429.22 93.7031 -388.766 
v -428.66 93.7031 -388.766 
v -429.22 95.7131 -388.766 
v -428.66 95.7131 -388.766 
v -428.66 93.7031 -388.766 
v -428.66 93.7031 -388.766 
v -428.66 95.7131 -388.766 
v -428.66 95.7131 -390.766 
v -428.66 95.7131 -390.766 
v -429.22 95.7131 -390.766 
v -428.66 95.7131 -388.766 
v -429.22 95.7131 -388.766 
v -428.66 93.7031 -388.766 
v -429.22 93.7031 -388.766 
v -428.66 95.7131 -390.766 
v -429.22 95.7131 -390.766 

vn -1 0 0 
vn -1 0 0 
vn -1 0 0 
vn -1 0 0 
vn 0 0 1 
vn 0 0 1 
vn 0 0 1 
vn 0 0 1 
vn 1 0 0 
vn 1 0 0 
vn 1 0 0 
vn 1 0 0 
vn 0 1 0 
vn 0 1 0 
vn 0 1 0 
vn 0 1 0 
vn 0 -0.708661 -0.708661 
vn 0 -0.708661 -0.708661 
vn 0 -0.708661 -0.708661 
vn 0 -0.708661 -0.708661 

vt 4.75 -3.5 
vt 4.75 -3.5 
vt 5 -3.75125 
vt 4.75 -3.75125 
vt 4.82 -3.5 
vt 4.75 -3.5 
vt 4.82 -3.75125 
vt 4.75 -3.75125 
vt 5 -3.5 
vt 5 -3.5 
vt 5 -3.75125 
vt 4.75 -3.75125 
vt 4.82 -3.5 
vt 4.75 -3.5 
vt 4.82 -3.75 
vt 4.75 -3.75 
vt 4.82 -3.5 
vt 4.75 -3.5 
vt 4.82 -3.85444 
vt 4.75 -3.85444 

usemtl Wedge1Mtl

f 1541/1541/1541 1542/1542/1542 1543/1543/1543 
f 1543/1543/1543 1542/1542/1542 1544/1544/1544 
f 1545/1545/1545 1546/1546/1546 1547/1547/1547 
f 1547/1547/1547 1546/1546/1546 1548/1548/1548 
f 1549/1549/1549 1550/1550/1550 1551/1551/1551 
f 1551/1551/1551 1550/1550/1550 1552/1552/1552 
f 1553/1553/1553 1554/1554/1554 1555/1555/1555 
f 1555/1555/1555 1554/1554/1554 1556/1556/1556 
f 1557/1557/1557 1558/1558/1558 1559/1559/1559 
f 1559/1559/1559 1558/1558/1558 1560/1560/1560 

g Part48

v -439.043 88.8266 -274.545 
v -439.043 102.48 -274.545 
v -497.206 88.8266 -274.545 
v -497.206 102.48 -274.545 
v -439.043 102.48 -278.027 
v -439.043 102.48 -274.545 
v -439.043 88.8266 -278.027 
v -439.043 88.8266 -274.545 
v -439.043 102.48 -274.545 
v -439.043 102.48 -278.027 
v -497.206 102.48 -274.545 
v -497.206 102.48 -278.027 
v -439.043 102.48 -278.027 
v -439.043 88.8266 -278.027 
v -497.206 102.48 -278.027 
v -497.206 88.8266 -278.027 
v -497.206 88.8266 -278.027 
v -497.206 88.8266 -274.545 
v -497.206 102.48 -278.027 
v -497.206 102.48 -274.545 
v -439.043 88.8266 -278.027 
v -439.043 88.8266 -274.545 
v -497.206 88.8266 -278.027 
v -497.206 88.8266 -274.545 

vn 0 0 1 
vn 0 0 1 
vn 0 0 1 
vn 0 0 1 
vn 1 0 0 
vn 1 0 0 
vn 1 0 0 
vn 1 0 0 
vn 0 1 0 
vn 0 1 0 
vn 0 1 0 
vn 0 1 0 
vn 0 0 -1 
vn 0 0 -1 
vn 0 0 -1 
vn 0 0 -1 
vn -1 0 0 
vn -1 0 0 
vn -1 0 0 
vn -1 0 0 
vn 0 -1 0 
vn 0 -1 0 
vn 0 -1 0 
vn 0 -1 0 

vt 1.0288 3.11135 
vt -0.677842 3.11135 
vt 1.0288 -4.15894 
vt -0.677842 -4.15894 
vt -0.242649 3.11135 
vt -0.677842 3.11135 
vt -0.242649 1.40471 
vt -0.677842 1.40471 
vt -0.242649 3.11135 
vt -0.677842 3.11135 
vt -0.242649 -4.15894 
vt -0.677842 -4.15894 
vt 1.0288 3.11135 
vt -0.677842 3.11135 
vt 1.0288 -4.15894 
vt -0.677842 -4.15894 
vt -0.242649 3.11135 
vt -0.677842 3.11135 
vt -0.242649 1.40471 
vt -0.677842 1.40471 
vt -0.242649 3.11135 
vt -0.677842 3.11135 
vt -0.242649 -4.15894 
vt -0.677842 -4.15894 

usemtl Part1Mtl

f 1561/1561/1561 1562/1562/1562 1563/1563/1563 
f 1563/1563/1563 1562/1562/1562 1564/1564/1564 
f 1565/1565/1565 1566/1566/1566 1567/1567/1567 
f 1567/1567/1567 1566/1566/1566 1568/1568/1568 
f 1569/1569/1569 1570/1570/1570 1571/1571/1571 
f 1571/1571/1571 1570/1570/1570 1572/1572/1572 
f 1573/1573/1573 1574/1574/1574 1575/1575/1575 
f 1575/1575/1575 1574/1574/1574 1576/1576/1576 
f 1577/1577/1577 1578/1578/1578 1579/1579/1579 
f 1579/1579/1579 1578/1578/1578 1580/1580/1580 
f 1581/1581/1581 1582/1582/1582 1583/1583/1583 
f 1583/1583/1583 1582/1582/1582 1584/1584/1584 

g Part49

v -442.543 88.8266 -260.892 
v -442.543 102.48 -260.892 
v -456.246 88.8266 -260.892 
v -456.246 102.48 -260.892 
v -442.543 102.48 -264.374 
v -442.543 102.48 -260.892 
v -442.543 88.8266 -264.374 
v -442.543 88.8266 -260.892 
v -442.543 102.48 -260.892 
v -442.543 102.48 -264.374 
v -456.246 102.48 -260.892 
v -456.246 102.48 -264.374 
v -442.543 102.48 -264.374 
v -442.543 88.8266 -264.374 
v -456.246 102.48 -264.374 
v -456.246 88.8266 -264.374 
v -456.246 88.8266 -264.374 
v -456.246 88.8266 -260.892 
v -456.246 102.48 -264.374 
v -456.246 102.48 -260.892 
v -442.543 88.8266 -264.374 
v -442.543 88.8266 -260.892 
v -456.246 88.8266 -264.374 
v -456.246 88.8266 -260.892 

vn 0 0 1 
vn 0 0 1 
vn 0 0 1 
vn 0 0 1 
vn 1 0 0 
vn 1 0 0 
vn 1 0 0 
vn 1 0 0 
vn 0 1 0 
vn 0 1 0 
vn 0 1 0 
vn 0 1 0 
vn 0 0 -1 
vn 0 0 -1 
vn 0 0 -1 
vn 0 0 -1 
vn -1 0 0 
vn -1 0 0 
vn -1 0 0 
vn -1 0 0 
vn 0 -1 0 
vn 0 -1 0 
vn 0 -1 0 
vn 0 -1 0 

vt 3.48414 0.0722929 
vt 1.7775 0.0722929 
vt 3.48414 -1.64057 
vt 1.7775 -1.64057 
vt 2.2127 0.0722929 
vt 1.7775 0.0722929 
vt 2.2127 -1.63435 
vt 1.7775 -1.63435 
vt 2.2127 0.0722929 
vt 1.7775 0.0722929 
vt 2.2127 -1.64057 
vt 1.7775 -1.64057 
vt 3.48414 0.0722929 
vt 1.7775 0.0722929 
vt 3.48414 -1.64057 
vt 1.7775 -1.64057 
vt 2.2127 0.0722929 
vt 1.7775 0.0722929 
vt 2.2127 -1.63435 
vt 1.7775 -1.63435 
vt 2.2127 0.0722929 
vt 1.7775 0.0722929 
vt 2.2127 -1.64057 
vt 1.7775 -1.64057 

usemtl Part1Mtl

f 1585/1585/1585 1586/1586/1586 1587/1587/1587 
f 1587/1587/1587 1586/1586/1586 1588/1588/1588 
f 1589/1589/1589 1590/1590/1590 1591/1591/1591 
f 1591/1591/1591 1590/1590/1590 1592/1592/1592 
f 1593/1593/1593 1594/1594/1594 1595/1595/1595 
f 1595/1595/1595 1594/1594/1594 1596/1596/1596 
f 1597/1597/1597 1598/1598/1598 1599/1599/1599 
f 1599/1599/1599 1598/1598/1598 1600/1600/1600 
f 1601/1601/1601 1602/1602/1602 1603/1603/1603 
f 1603/1603/1603 1602/1602/1602 1604/1604/1604 
f 1605/1605/1605 1606/1606/1606 1607/1607/1607 
f 1607/1607/1607 1606/1606/1606 1608/1608/1608 

g Part50

v -411.737 88.8266 -390.597 
v -411.737 102.48 -390.597 
v -428.94 88.8266 -390.597 
v -428.94 102.48 -390.597 
v -411.737 102.48 -394.078 
v -411.737 102.48 -390.597 
v -411.737 88.8266 -394.078 
v -411.737 88.8266 -390.597 
v -411.737 102.48 -390.597 
v -411.737 102.48 -394.078 
v -428.94 102.48 -390.597 
v -428.94 102.48 -394.078 
v -411.737 102.48 -394.078 
v -411.737 88.8266 -394.078 
v -428.94 102.48 -394.078 
v -428.94 88.8266 -394.078 
v -428.94 88.8266 -394.078 
v -428.94 88.8266 -390.597 
v -428.94 102.48 -394.078 
v -428.94 102.48 -390.597 
v -411.737 88.8266 -394.078 
v -411.737 88.8266 -390.597 
v -428.94 88.8266 -394.078 
v -428.94 88.8266 -390.597 

vn 0 0 1 
vn 0 0 1 
vn 0 0 1 
vn 0 0 1 
vn 1 0 0 
vn 1 0 0 
vn 1 0 0 
vn 1 0 0 
vn 0 1 0 
vn 0 1 0 
vn 0 1 0 
vn 0 1 0 
vn 0 0 -1 
vn 0 0 -1 
vn 0 0 -1 
vn 0 0 -1 
vn -1 0 0 
vn -1 0 0 
vn -1 0 0 
vn -1 0 0 
vn 0 -1 0 
vn 0 -1 0 
vn 0 -1 0 
vn 0 -1 0 

vt 0.0255998 2.25499 
vt -1.68104 2.25499 
vt 0.0255998 0.104625 
vt -1.68104 0.104625 
vt -1.24585 2.25499 
vt -1.68104 2.25499 
vt -1.24585 0.548352 
vt -1.68104 0.548352 
vt -1.24585 2.25499 
vt -1.68104 2.25499 
vt -1.24585 0.104625 
vt -1.68104 0.104625 
vt 0.0255998 2.25499 
vt -1.68104 2.25499 
vt 0.0255998 0.104625 
vt -1.68104 0.104625 
vt -1.24585 2.25499 
vt -1.68104 2.25499 
vt -1.24585 0.548352 
vt -1.68104 0.548352 
vt -1.24585 2.25499 
vt -1.68104 2.25499 
vt -1.24585 0.104625 
vt -1.68104 0.104625 

usemtl Part1Mtl

f 1609/1609/1609 1610/1610/1610 1611/1611/1611 
f 1611/1611/1611 1610/1610/1610 1612/1612/1612 
f 1613/1613/1613 1614/1614/1614 1615/1615/1615 
f 1615/1615/1615 1614/1614/1614 1616/1616/1616 
f 1617/1617/1617 1618/1618/1618 1619/1619/1619 
f 1619/1619/1619 1618/1618/1618 1620/1620/1620 
f 1621/1621/1621 1622/1622/1622 1623/1623/1623 
f 1623/1623/1623 1622/1622/1622 1624/1624/1624 
f 1625/1625/1625 1626/1626/1626 1627/1627/1627 
f 1627/1627/1627 1626/1626/1626 1628/1628/1628 
f 1629/1629/1629 1630/1630/1630 1631/1631/1631 
f 1631/1631/1631 1630/1630/1630 1632/1632/1632 

g Part51

v -425.424 88.8266 -394.113 
v -425.424 102.48 -394.113 
v -425.424 88.8266 -380.41 
v -425.424 102.48 -380.41 
v -428.906 102.48 -394.113 
v -425.424 102.48 -394.113 
v -428.906 88.8266 -394.113 
v -425.424 88.8266 -394.113 
v -425.424 102.48 -394.113 
v -428.906 102.48 -394.113 
v -425.424 102.48 -380.41 
v -428.906 102.48 -380.41 
v -428.906 102.48 -394.113 
v -428.906 88.8266 -394.113 
v -428.906 102.48 -380.41 
v -428.906 88.8266 -380.41 
v -428.906 88.8266 -380.41 
v -425.424 88.8266 -380.41 
v -428.906 102.48 -380.41 
v -425.424 102.48 -380.41 
v -428.906 88.8266 -394.113 
v -425.424 88.8266 -394.113 
v -428.906 88.8266 -380.41 
v -425.424 88.8266 -380.41 

vn 1 0 0 
vn 1 0 0 
vn 1 0 0 
vn 1 0 0 
vn 0 0 -1 
vn 0 0 -1 
vn 0 0 -1 
vn 0 0 -1 
vn 0 1 0 
vn 0 1 0 
vn 0 1 0 
vn 0 1 0 
vn -1 0 0 
vn -1 0 0 
vn -1 0 0 
vn -1 0 0 
vn 0 0 1 
vn 0 0 1 
vn 0 0 1 
vn 0 0 1 
vn 0 -1 0 
vn 0 -1 0 
vn 0 -1 0 
vn 0 -1 0 

vt 2.96583 0.206622 
vt 1.25919 0.206622 
vt 2.96583 -1.50625 
vt 1.25919 -1.50625 
vt 1.69439 0.206622 
vt 1.25919 0.206622 
vt 1.69439 -1.50002 
vt 1.25919 -1.50002 
vt 1.69439 0.206622 
vt 1.25919 0.206622 
vt 1.69439 -1.50625 
vt 1.25919 -1.50625 
vt 2.96583 0.206622 
vt 1.25919 0.206622 
vt 2.96583 -1.50625 
vt 1.25919 -1.50625 
vt 1.69439 0.206622 
vt 1.25919 0.206622 
vt 1.69439 -1.50002 
vt 1.25919 -1.50002 
vt 1.69439 0.206622 
vt 1.25919 0.206622 
vt 1.69439 -1.50625 
vt 1.25919 -1.50625 

usemtl Part1Mtl

f 1633/1633/1633 1634/1634/1634 1635/1635/1635 
f 1635/1635/1635 1634/1634/1634 1636/1636/1636 
f 1637/1637/1637 1638/1638/1638 1639/1639/1639 
f 1639/1639/1639 1638/1638/1638 1640/1640/1640 
f 1641/1641/1641 1642/1642/1642 1643/1643/1643 
f 1643/1643/1643 1642/1642/1642 1644/1644/1644 
f 1645/1645/1645 1646/1646/1646 1647/1647/1647 
f 1647/1647/1647 1646/1646/1646 1648/1648/1648 
f 1649/1649/1649 1650/1650/1650 1651/1651/1651 
f 1651/1651/1651 1650/1650/1650 1652/1652/1652 
f 1653/1653/1653 1654/1654/1654 1655/1655/1655 
f 1655/1655/1655 1654/1654/1654 1656/1656/1656 

g Part52

v -482.767 88.8266 -380.459 
v -482.767 102.48 -380.459 
v -387.1 88.8266 -380.459 
v -387.1 102.48 -380.459 
v -482.767 102.48 -375.681 
v -482.767 102.48 -380.459 
v -482.767 88.8266 -375.681 
v -482.767 88.8266 -380.459 
v -482.767 102.48 -380.459 
v -482.767 102.48 -375.681 
v -387.1 102.48 -380.459 
v -387.1 102.48 -375.681 
v -482.767 102.48 -375.681 
v -482.767 88.8266 -375.681 
v -387.1 102.48 -375.681 
v -387.1 88.8266 -375.681 
v -387.1 88.8266 -375.681 
v -387.1 88.8266 -380.459 
v -387.1 102.48 -375.681 
v -387.1 102.48 -380.459 
v -482.767 88.8266 -375.681 
v -482.767 88.8266 -380.459 
v -387.1 88.8266 -375.681 
v -387.1 88.8266 -380.459 

vn 0 0 -1 
vn 0 0 -1 
vn 0 0 -1 
vn 0 0 -1 
vn -1 0 0 
vn -1 0 0 
vn -1 0 0 
vn -1 0 0 
vn 0 1 0 
vn 0 1 0 
vn 0 1 0 
vn 0 1 0 
vn 0 0 1 
vn 0 0 1 
vn 0 0 1 
vn 0 0 1 
vn 1 0 0 
vn 1 0 0 
vn 1 0 0 
vn 1 0 0 
vn 0 -1 0 
vn 0 -1 0 
vn 0 -1 0 
vn 0 -1 0 

vt 4.66052 -1.57108 
vt 2.95388 -1.57108 
vt 4.66052 -13.5296 
vt 2.95388 -13.5296 
vt 3.5512 -1.57108 
vt 2.95388 -1.57108 
vt 3.5512 -3.27772 
vt 2.95388 -3.27772 
vt 3.5512 -1.57108 
vt 2.95388 -1.57108 
vt 3.5512 -13.5296 
vt 2.95388 -13.5296 
vt 4.66052 -1.57108 
vt 2.95388 -1.57108 
vt 4.66052 -13.5296 
vt 2.95388 -13.5296 
vt 3.5512 -1.57108 
vt 2.95388 -1.57108 
vt 3.5512 -3.27772 
vt 2.95388 -3.27772 
vt 3.5512 -1.57108 
vt 2.95388 -1.57108 
vt 3.5512 -13.5296 
vt 2.95388 -13.5296 

usemtl Part1Mtl

f 1657/1657/1657 1658/1658/1658 1659/1659/1659 
f 1659/1659/1659 1658/1658/1658 1660/1660/1660 
f 1661/1661/1661 1662/1662/1662 1663/1663/1663 
f 1663/1663/1663 1662/1662/1662 1664/1664/1664 
f 1665/1665/1665 1666/1666/1666 1667/1667/1667 
f 1667/1667/1667 1666/1666/1666 1668/1668/1668 
f 1669/1669/1669 1670/1670/1670 1671/1671/1671 
f 1671/1671/1671 1670/1670/1670 1672/1672/1672 
f 1673/1673/1673 1674/1674/1674 1675/1675/1675 
f 1675/1675/1675 1674/1674/1674 1676/1676/1676 
f 1677/1677/1677 1678/1678/1678 1679/1679/1679 
f 1679/1679/1679 1678/1678/1678 1680/1680/1680 

g Part53

v -432.319 88.8266 -342.777 
v -432.319 102.48 -342.777 
v -432.319 88.8266 -353.153 
v -432.319 102.48 -353.153 
v -428.838 102.48 -342.777 
v -432.319 102.48 -342.777 
v -428.838 88.8266 -342.777 
v -432.319 88.8266 -342.777 
v -432.319 102.48 -342.777 
v -428.838 102.48 -342.777 
v -432.319 102.48 -353.153 
v -428.838 102.48 -353.153 
v -428.838 102.48 -342.777 
v -428.838 88.8266 -342.777 
v -428.838 102.48 -353.153 
v -428.838 88.8266 -353.153 
v -428.838 88.8266 -353.153 
v -432.319 88.8266 -353.153 
v -428.838 102.48 -353.153 
v -432.319 102.48 -353.153 
v -428.838 88.8266 -342.777 
v -432.319 88.8266 -342.777 
v -428.838 88.8266 -353.153 
v -432.319 88.8266 -353.153 

vn -1 0 0 
vn -1 0 0 
vn -1 0 0 
vn -1 0 0 
vn 0 0 1 
vn 0 0 1 
vn 0 0 1 
vn 0 0 1 
vn 0 1 0 
vn 0 1 0 
vn 0 1 0 
vn 0 1 0 
vn 1 0 0 
vn 1 0 0 
vn 1 0 0 
vn 1 0 0 
vn 0 0 -1 
vn 0 0 -1 
vn 0 0 -1 
vn 0 0 -1 
vn 0 -1 0 
vn 0 -1 0 
vn 0 -1 0 
vn 0 -1 0 

vt 1.26405 -0.657991 
vt -0.442591 -0.657991 
vt 1.26405 -1.95504 
vt -0.442591 -1.95504 
vt -0.00739756 -0.657991 
vt -0.442591 -0.657991 
vt -0.00739756 -2.36463 
vt -0.442591 -2.36463 
vt -0.00739756 -0.657991 
vt -0.442591 -0.657991 
vt -0.00739756 -1.95504 
vt -0.442591 -1.95504 
vt 1.26405 -0.657991 
vt -0.442591 -0.657991 
vt 1.26405 -1.95504 
vt -0.442591 -1.95504 
vt -0.00739756 -0.657991 
vt -0.442591 -0.657991 
vt -0.00739756 -2.36463 
vt -0.442591 -2.36463 
vt -0.00739756 -0.657991 
vt -0.442591 -0.657991 
vt -0.00739756 -1.95504 
vt -0.442591 -1.95504 

usemtl Part1Mtl

f 1681/1681/1681 1682/1682/1682 1683/1683/1683 
f 1683/1683/1683 1682/1682/1682 1684/1684/1684 
f 1685/1685/1685 1686/1686/1686 1687/1687/1687 
f 1687/1687/1687 1686/1686/1686 1688/1688/1688 
f 1689/1689/1689 1690/1690/1690 1691/1691/1691 
f 1691/1691/1691 1690/1690/1690 1692/1692/1692 
f 1693/1693/1693 1694/1694/1694 1695/1695/1695 
f 1695/1695/1695 1694/1694/1694 1696/1696/1696 
f 1697/1697/1697 1698/1698/1698 1699/1699/1699 
f 1699/1699/1699 1698/1698/1698 1700/1700/1700 
f 1701/1701/1701 1702/1702/1702 1703/1703/1703 
f 1703/1703/1703 1702/1702/1702 1704/1704/1704 

g Part54

v -415.253 88.8266 -250.705 
v -415.253 102.48 -250.705 
v -415.253 88.8266 -264.408 
v -415.253 102.48 -264.408 
v -411.771 102.48 -250.705 
v -415.253 102.48 -250.705 
v -411.771 88.8266 -250.705 
v -415.253 88.8266 -250.705 
v -415.253 102.48 -250.705 
v -411.771 102.48 -250.705 
v -415.253 102.48 -264.408 
v -411.771 102.48 -264.408 
v -411.771 102.48 -250.705 
v -411.771 88.8266 -250.705 
v -411.771 102.48 -264.408 
v -411.771 88.8266 -264.408 
v -411.771 88.8266 -264.408 
v -415.253 88.8266 -264.408 
v -411.771 102.48 -264.408 
v -415.253 102.48 -264.408 
v -411.771 88.8266 -250.705 
v -415.253 88.8266 -250.705 
v -411.771 88.8266 -264.408 
v -415.253 88.8266 -264.408 

vn -1 0 0 
vn -1 0 0 
vn -1 0 0 
vn -1 0 0 
vn 0 0 1 
vn 0 0 1 
vn 0 0 1 
vn 0 0 1 
vn 0 1 0 
vn 0 1 0 
vn 0 1 0 
vn 0 1 0 
vn 1 0 0 
vn 1 0 0 
vn 1 0 0 
vn 1 0 0 
vn 0 0 -1 
vn 0 0 -1 
vn 0 0 -1 
vn 0 0 -1 
vn 0 -1 0 
vn 0 -1 0 
vn 0 -1 0 
vn 0 -1 0 

vt 3.31117 2.72227 
vt 1.60453 2.72227 
vt 3.31117 1.0094 
vt 1.60453 1.0094 
vt 2.03973 2.72227 
vt 1.60453 2.72227 
vt 2.03973 1.01563 
vt 1.60453 1.01563 
vt 2.03973 2.72227 
vt 1.60453 2.72227 
vt 2.03973 1.0094 
vt 1.60453 1.0094 
vt 3.31117 2.72227 
vt 1.60453 2.72227 
vt 3.31117 1.0094 
vt 1.60453 1.0094 
vt 2.03973 2.72227 
vt 1.60453 2.72227 
vt 2.03973 1.01563 
vt 1.60453 1.01563 
vt 2.03973 2.72227 
vt 1.60453 2.72227 
vt 2.03973 1.0094 
vt 1.60453 1.0094 

usemtl Part1Mtl

f 1705/1705/1705 1706/1706/1706 1707/1707/1707 
f 1707/1707/1707 1706/1706/1706 1708/1708/1708 
f 1709/1709/1709 1710/1710/1710 1711/1711/1711 
f 1711/1711/1711 1710/1710/1710 1712/1712/1712 
f 1713/1713/1713 1714/1714/1714 1715/1715/1715 
f 1715/1715/1715 1714/1714/1714 1716/1716/1716 
f 1717/1717/1717 1718/1718/1718 1719/1719/1719 
f 1719/1719/1719 1718/1718/1718 1720/1720/1720 
f 1721/1721/1721 1722/1722/1722 1723/1723/1723 
f 1723/1723/1723 1722/1722/1722 1724/1724/1724 
f 1725/1725/1725 1726/1726/1726 1727/1727/1727 
f 1727/1727/1727 1726/1726/1726 1728/1728/1728 

g Part55

v -398.084 88.8266 -260.892 
v -398.084 102.48 -260.892 
v -411.787 88.8266 -260.892 
v -411.787 102.48 -260.892 
v -398.084 102.48 -264.374 
v -398.084 102.48 -260.892 
v -398.084 88.8266 -264.374 
v -398.084 88.8266 -260.892 
v -398.084 102.48 -260.892 
v -398.084 102.48 -264.374 
v -411.787 102.48 -260.892 
v -411.787 102.48 -264.374 
v -398.084 102.48 -264.374 
v -398.084 88.8266 -264.374 
v -411.787 102.48 -264.374 
v -411.787 88.8266 -264.374 
v -411.787 88.8266 -264.374 
v -411.787 88.8266 -260.892 
v -411.787 102.48 -264.374 
v -411.787 102.48 -260.892 
v -398.084 88.8266 -264.374 
v -398.084 88.8266 -260.892 
v -411.787 88.8266 -264.374 
v -411.787 88.8266 -260.892 

vn 0 0 1 
vn 0 0 1 
vn 0 0 1 
vn 0 0 1 
vn 1 0 0 
vn 1 0 0 
vn 1 0 0 
vn 1 0 0 
vn 0 1 0 
vn 0 1 0 
vn 0 1 0 
vn 0 1 0 
vn 0 0 -1 
vn 0 0 -1 
vn 0 0 -1 
vn 0 0 -1 
vn -1 0 0 
vn -1 0 0 
vn -1 0 0 
vn -1 0 0 
vn 0 -1 0 
vn 0 -1 0 
vn 0 -1 0 
vn 0 -1 0 

vt 3.43295 0.229754 
vt 1.72631 0.229754 
vt 3.43295 -1.48311 
vt 1.72631 -1.48311 
vt 2.1615 0.229754 
vt 1.72631 0.229754 
vt 2.1615 -1.47689 
vt 1.72631 -1.47689 
vt 2.1615 0.229754 
vt 1.72631 0.229754 
vt 2.1615 -1.48311 
vt 1.72631 -1.48311 
vt 3.43295 0.229754 
vt 1.72631 0.229754 
vt 3.43295 -1.48311 
vt 1.72631 -1.48311 
vt 2.1615 0.229754 
vt 1.72631 0.229754 
vt 2.1615 -1.47689 
vt 1.72631 -1.47689 
vt 2.1615 0.229754 
vt 1.72631 0.229754 
vt 2.1615 -1.48311 
vt 1.72631 -1.48311 

usemtl Part1Mtl

f 1729/1729/1729 1730/1730/1730 1731/1731/1731 
f 1731/1731/1731 1730/1730/1730 1732/1732/1732 
f 1733/1733/1733 1734/1734/1734 1735/1735/1735 
f 1735/1735/1735 1734/1734/1734 1736/1736/1736 
f 1737/1737/1737 1738/1738/1738 1739/1739/1739 
f 1739/1739/1739 1738/1738/1738 1740/1740/1740 
f 1741/1741/1741 1742/1742/1742 1743/1743/1743 
f 1743/1743/1743 1742/1742/1742 1744/1744/1744 
f 1745/1745/1745 1746/1746/1746 1747/1747/1747 
f 1747/1747/1747 1746/1746/1746 1748/1748/1748 
f 1749/1749/1749 1750/1750/1750 1751/1751/1751 
f 1751/1751/1751 1750/1750/1750 1752/1752/1752 

g Part56

v -425.39 88.8266 -308.678 
v -425.39 102.48 -308.678 
v -483.553 88.8266 -308.678 
v -483.553 102.48 -308.678 
v -425.39 102.48 -312.16 
v -425.39 102.48 -308.678 
v -425.39 88.8266 -312.16 
v -425.39 88.8266 -308.678 
v -425.39 102.48 -308.678 
v -425.39 102.48 -312.16 
v -483.553 102.48 -308.678 
v -483.553 102.48 -312.16 
v -425.39 102.48 -312.16 
v -425.39 88.8266 -312.16 
v -483.553 102.48 -312.16 
v -483.553 88.8266 -312.16 
v -483.553 88.8266 -312.16 
v -483.553 88.8266 -308.678 
v -483.553 102.48 -312.16 
v -483.553 102.48 -308.678 
v -425.39 88.8266 -312.16 
v -425.39 88.8266 -308.678 
v -483.553 88.8266 -312.16 
v -483.553 88.8266 -308.678 

vn 0 0 1 
vn 0 0 1 
vn 0 0 1 
vn 0 0 1 
vn 1 0 0 
vn 1 0 0 
vn 1 0 0 
vn 1 0 0 
vn 0 1 0 
vn 0 1 0 
vn 0 1 0 
vn 0 1 0 
vn 0 0 -1 
vn 0 0 -1 
vn 0 0 -1 
vn 0 0 -1 
vn -1 0 0 
vn -1 0 0 
vn -1 0 0 
vn -1 0 0 
vn 0 -1 0 
vn 0 -1 0 
vn 0 -1 0 
vn 0 -1 0 

vt -1.37883 -2.9148 
vt -3.08547 -2.9148 
vt -1.37883 -10.1851 
vt -3.08547 -10.1851 
vt -2.65028 -2.9148 
vt -3.08547 -2.9148 
vt -2.65028 -4.62144 
vt -3.08547 -4.62144 
vt -2.65028 -2.9148 
vt -3.08547 -2.9148 
vt -2.65028 -10.1851 
vt -3.08547 -10.1851 
vt -1.37883 -2.9148 
vt -3.08547 -2.9148 
vt -1.37883 -10.1851 
vt -3.08547 -10.1851 
vt -2.65028 -2.9148 
vt -3.08547 -2.9148 
vt -2.65028 -4.62144 
vt -3.08547 -4.62144 
vt -2.65028 -2.9148 
vt -3.08547 -2.9148 
vt -2.65028 -10.1851 
vt -3.08547 -10.1851 

usemtl Part1Mtl

f 1753/1753/1753 1754/1754/1754 1755/1755/1755 
f 1755/1755/1755 1754/1754/1754 1756/1756/1756 
f 1757/1757/1757 1758/1758/1758 1759/1759/1759 
f 1759/1759/1759 1758/1758/1758 1760/1760/1760 
f 1761/1761/1761 1762/1762/1762 1763/1763/1763 
f 1763/1763/1763 1762/1762/1762 1764/1764/1764 
f 1765/1765/1765 1766/1766/1766 1767/1767/1767 
f 1767/1767/1767 1766/1766/1766 1768/1768/1768 
f 1769/1769/1769 1770/1770/1770 1771/1771/1771 
f 1771/1771/1771 1770/1770/1770 1772/1772/1772 
f 1773/1773/1773 1774/1774/1774 1775/1775/1775 
f 1775/1775/1775 1774/1774/1774 1776/1776/1776 

g Part57

v -374.293 88.8266 -233.552 
v -374.293 102.48 -233.552 
v -374.293 88.8266 -278.061 
v -374.293 102.48 -278.061 
v -370.812 102.48 -233.552 
v -374.293 102.48 -233.552 
v -370.812 88.8266 -233.552 
v -374.293 88.8266 -233.552 
v -374.293 102.48 -233.552 
v -370.812 102.48 -233.552 
v -374.293 102.48 -278.061 
v -370.812 102.48 -278.061 
v -370.812 102.48 -233.552 
v -370.812 88.8266 -233.552 
v -370.812 102.48 -278.061 
v -370.812 88.8266 -278.061 
v -370.812 88.8266 -278.061 
v -374.293 88.8266 -278.061 
v -370.812 102.48 -278.061 
v -374.293 102.48 -278.061 
v -370.812 88.8266 -233.552 
v -374.293 88.8266 -233.552 
v -370.812 88.8266 -278.061 
v -374.293 88.8266 -278.061 

vn -1 0 0 
vn -1 0 0 
vn -1 0 0 
vn -1 0 0 
vn 0 0 1 
vn 0 0 1 
vn 0 0 1 
vn 0 0 1 
vn 0 1 0 
vn 0 1 0 
vn 0 1 0 
vn 0 1 0 
vn 1 0 0 
vn 1 0 0 
vn 1 0 0 
vn 1 0 0 
vn 0 0 -1 
vn 0 0 -1 
vn 0 0 -1 
vn 0 0 -1 
vn 0 -1 0 
vn 0 -1 0 
vn 0 -1 0 
vn 0 -1 0 

vt 0.714929 4.83824 
vt -0.991711 4.83824 
vt 0.714929 -0.725409 
vt -0.991711 -0.725409 
vt -0.556518 4.83824 
vt -0.991711 4.83824 
vt -0.556518 3.1316 
vt -0.991711 3.1316 
vt -0.556518 4.83824 
vt -0.991711 4.83824 
vt -0.556518 -0.725409 
vt -0.991711 -0.725409 
vt 0.714929 4.83824 
vt -0.991711 4.83824 
vt 0.714929 -0.725409 
vt -0.991711 -0.725409 
vt -0.556518 4.83824 
vt -0.991711 4.83824 
vt -0.556518 3.1316 
vt -0.991711 3.1316 
vt -0.556518 4.83824 
vt -0.991711 4.83824 
vt -0.556518 -0.725409 
vt -0.991711 -0.725409 

usemtl Part1Mtl

f 1777/1777/1777 1778/1778/1778 1779/1779/1779 
f 1779/1779/1779 1778/1778/1778 1780/1780/1780 
f 1781/1781/1781 1782/1782/1782 1783/1783/1783 
f 1783/1783/1783 1782/1782/1782 1784/1784/1784 
f 1785/1785/1785 1786/1786/1786 1787/1787/1787 
f 1787/1787/1787 1786/1786/1786 1788/1788/1788 
f 1789/1789/1789 1790/1790/1790 1791/1791/1791 
f 1791/1791/1791 1790/1790/1790 1792/1792/1792 
f 1793/1793/1793 1794/1794/1794 1795/1795/1795 
f 1795/1795/1795 1794/1794/1794 1796/1796/1796 
f 1797/1797/1797 1798/1798/1798 1799/1799/1799 
f 1799/1799/1799 1798/1798/1798 1800/1800/1800 

g Part58

v -377.604 88.8266 -431.556 
v -377.604 102.48 -431.556 
v -428.94 88.8266 -431.556 
v -428.94 102.48 -431.556 
v -377.604 102.48 -435.038 
v -377.604 102.48 -431.556 
v -377.604 88.8266 -435.038 
v -377.604 88.8266 -431.556 
v -377.604 102.48 -431.556 
v -377.604 102.48 -435.038 
v -428.94 102.48 -431.556 
v -428.94 102.48 -435.038 
v -377.604 102.48 -435.038 
v -377.604 88.8266 -435.038 
v -428.94 102.48 -435.038 
v -428.94 88.8266 -435.038 
v -428.94 88.8266 -435.038 
v -428.94 88.8266 -431.556 
v -428.94 102.48 -435.038 
v -428.94 102.48 -431.556 
v -377.604 88.8266 -435.038 
v -377.604 88.8266 -431.556 
v -428.94 88.8266 -435.038 
v -428.94 88.8266 -431.556 

vn 0 0 1 
vn 0 0 1 
vn 0 0 1 
vn 0 0 1 
vn 1 0 0 
vn 1 0 0 
vn 1 0 0 
vn 1 0 0 
vn 0 1 0 
vn 0 1 0 
vn 0 1 0 
vn 0 1 0 
vn 0 0 -1 
vn 0 0 -1 
vn 0 0 -1 
vn 0 0 -1 
vn -1 0 0 
vn -1 0 0 
vn -1 0 0 
vn -1 0 0 
vn 0 -1 0 
vn 0 -1 0 
vn 0 -1 0 
vn 0 -1 0 

vt 0.553188 2.63345 
vt -1.15345 2.63345 
vt 0.553188 -3.78352 
vt -1.15345 -3.78352 
vt -0.718259 2.63345 
vt -1.15345 2.63345 
vt -0.718259 0.926807 
vt -1.15345 0.926807 
vt -0.718259 2.63345 
vt -1.15345 2.63345 
vt -0.718259 -3.78352 
vt -1.15345 -3.78352 
vt 0.553188 2.63345 
vt -1.15345 2.63345 
vt 0.553188 -3.78352 
vt -1.15345 -3.78352 
vt -0.718259 2.63345 
vt -1.15345 2.63345 
vt -0.718259 0.926807 
vt -1.15345 0.926807 
vt -0.718259 2.63345 
vt -1.15345 2.63345 
vt -0.718259 -3.78352 
vt -1.15345 -3.78352 

usemtl Part1Mtl

f 1801/1801/1801 1802/1802/1802 1803/1803/1803 
f 1803/1803/1803 1802/1802/1802 1804/1804/1804 
f 1805/1805/1805 1806/1806/1806 1807/1807/1807 
f 1807/1807/1807 1806/1806/1806 1808/1808/1808 
f 1809/1809/1809 1810/1810/1810 1811/1811/1811 
f 1811/1811/1811 1810/1810/1810 1812/1812/1812 
f 1813/1813/1813 1814/1814/1814 1815/1815/1815 
f 1815/1815/1815 1814/1814/1814 1816/1816/1816 
f 1817/1817/1817 1818/1818/1818 1819/1819/1819 
f 1819/1819/1819 1818/1818/1818 1820/1820/1820 
f 1821/1821/1821 1822/1822/1822 1823/1823/1823 
f 1823/1823/1823 1822/1822/1822 1824/1824/1824 

g Part59

v -418.666 88.8266 -417.869 
v -418.666 102.48 -417.869 
v -418.666 88.8266 -435.072 
v -418.666 102.48 -435.072 
v -415.185 102.48 -417.869 
v -418.666 102.48 -417.869 
v -415.185 88.8266 -417.869 
v -418.666 88.8266 -417.869 
v -418.666 102.48 -417.869 
v -415.185 102.48 -417.869 
v -418.666 102.48 -435.072 
v -415.185 102.48 -435.072 
v -415.185 102.48 -417.869 
v -415.185 88.8266 -417.869 
v -415.185 102.48 -435.072 
v -415.185 88.8266 -435.072 
v -415.185 88.8266 -435.072 
v -418.666 88.8266 -435.072 
v -415.185 102.48 -435.072 
v -418.666 102.48 -435.072 
v -415.185 88.8266 -417.869 
v -418.666 88.8266 -417.869 
v -415.185 88.8266 -435.072 
v -418.666 88.8266 -435.072 

vn -1 0 0 
vn -1 0 0 
vn -1 0 0 
vn -1 0 0 
vn 0 0 1 
vn 0 0 1 
vn 0 0 1 
vn 0 0 1 
vn 0 1 0 
vn 0 1 0 
vn 0 1 0 
vn 0 1 0 
vn 1 0 0 
vn 1 0 0 
vn 1 0 0 
vn 1 0 0 
vn 0 0 -1 
vn 0 0 -1 
vn 0 0 -1 
vn 0 0 -1 
vn 0 -1 0 
vn 0 -1 0 
vn 0 -1 0 
vn 0 -1 0 

vt 3.49329 1.55241 
vt 1.78665 1.55241 
vt 3.49329 -0.597952 
vt 1.78665 -0.597952 
vt 2.22184 1.55241 
vt 1.78665 1.55241 
vt 2.22184 -0.154226 
vt 1.78665 -0.154226 
vt 2.22184 1.55241 
vt 1.78665 1.55241 
vt 2.22184 -0.597952 
vt 1.78665 -0.597952 
vt 3.49329 1.55241 
vt 1.78665 1.55241 
vt 3.49329 -0.597952 
vt 1.78665 -0.597952 
vt 2.22184 1.55241 
vt 1.78665 1.55241 
vt 2.22184 -0.154226 
vt 1.78665 -0.154226 
vt 2.22184 1.55241 
vt 1.78665 1.55241 
vt 2.22184 -0.597952 
vt 1.78665 -0.597952 

usemtl Part1Mtl

f 1825/1825/1825 1826/1826/1826 1827/1827/1827 
f 1827/1827/1827 1826/1826/1826 1828/1828/1828 
f 1829/1829/1829 1830/1830/1830 1831/1831/1831 
f 1831/1831/1831 1830/1830/1830 1832/1832/1832 
f 1833/1833/1833 1834/1834/1834 1835/1835/1835 
f 1835/1835/1835 1834/1834/1834 1836/1836/1836 
f 1837/1837/1837 1838/1838/1838 1839/1839/1839 
f 1839/1839/1839 1838/1838/1838 1840/1840/1840 
f 1841/1841/1841 1842/1842/1842 1843/1843/1843 
f 1843/1843/1843 1842/1842/1842 1844/1844/1844 
f 1845/1845/1845 1846/1846/1846 1847/1847/1847 
f 1847/1847/1847 1846/1846/1846 1848/1848/1848 

g Part60

v -432.353 88.8266 -421.385 
v -432.353 102.48 -421.385 
v -415.15 88.8266 -421.385 
v -415.15 102.48 -421.385 
v -432.353 102.48 -417.903 
v -432.353 102.48 -421.385 
v -432.353 88.8266 -417.903 
v -432.353 88.8266 -421.385 
v -432.353 102.48 -421.385 
v -432.353 102.48 -417.903 
v -415.15 102.48 -421.385 
v -415.15 102.48 -417.903 
v -432.353 102.48 -417.903 
v -432.353 88.8266 -417.903 
v -415.15 102.48 -417.903 
v -415.15 88.8266 -417.903 
v -415.15 88.8266 -417.903 
v -415.15 88.8266 -421.385 
v -415.15 102.48 -417.903 
v -415.15 102.48 -421.385 
v -432.353 88.8266 -417.903 
v -432.353 88.8266 -421.385 
v -415.15 88.8266 -417.903 
v -415.15 88.8266 -421.385 

vn 0 0 -1 
vn 0 0 -1 
vn 0 0 -1 
vn 0 0 -1 
vn -1 0 0 
vn -1 0 0 
vn -1 0 0 
vn -1 0 0 
vn 0 1 0 
vn 0 1 0 
vn 0 1 0 
vn 0 1 0 
vn 0 0 1 
vn 0 0 1 
vn 0 0 1 
vn 0 0 1 
vn 1 0 0 
vn 1 0 0 
vn 1 0 0 
vn 1 0 0 
vn 0 -1 0 
vn 0 -1 0 
vn 0 -1 0 
vn 0 -1 0 

vt -0.231073 2.17853 
vt -1.93771 2.17853 
vt -0.231073 0.0281599 
vt -1.93771 0.0281599 
vt -1.50252 2.17853 
vt -1.93771 2.17853 
vt -1.50252 0.471886 
vt -1.93771 0.471886 
vt -1.50252 2.17853 
vt -1.93771 2.17853 
vt -1.50252 0.0281599 
vt -1.93771 0.0281599 
vt -0.231073 2.17853 
vt -1.93771 2.17853 
vt -0.231073 0.0281599 
vt -1.93771 0.0281599 
vt -1.50252 2.17853 
vt -1.93771 2.17853 
vt -1.50252 0.471886 
vt -1.93771 0.471886 
vt -1.50252 2.17853 
vt -1.93771 2.17853 
vt -1.50252 0.0281599 
vt -1.93771 0.0281599 

usemtl Part1Mtl

f 1849/1849/1849 1850/1850/1850 1851/1851/1851 
f 1851/1851/1851 1850/1850/1850 1852/1852/1852 
f 1853/1853/1853 1854/1854/1854 1855/1855/1855 
f 1855/1855/1855 1854/1854/1854 1856/1856/1856 
f 1857/1857/1857 1858/1858/1858 1859/1859/1859 
f 1859/1859/1859 1858/1858/1858 1860/1860/1860 
f 1861/1861/1861 1862/1862/1862 1863/1863/1863 
f 1863/1863/1863 1862/1862/1862 1864/1864/1864 
f 1865/1865/1865 1866/1866/1866 1867/1867/1867 
f 1867/1867/1867 1866/1866/1866 1868/1868/1868 
f 1869/1869/1869 1870/1870/1870 1871/1871/1871 
f 1871/1871/1871 1870/1870/1870 1872/1872/1872 

g Part61

v -398.084 88.8266 -411.077 
v -398.084 102.48 -411.077 
v -428.94 88.8266 -411.077 
v -428.94 102.48 -411.077 
v -398.084 102.48 -414.558 
v -398.084 102.48 -411.077 
v -398.084 88.8266 -414.558 
v -398.084 88.8266 -411.077 
v -398.084 102.48 -411.077 
v -398.084 102.48 -414.558 
v -428.94 102.48 -411.077 
v -428.94 102.48 -414.558 
v -398.084 102.48 -414.558 
v -398.084 88.8266 -414.558 
v -428.94 102.48 -414.558 
v -428.94 88.8266 -414.558 
v -428.94 88.8266 -414.558 
v -428.94 88.8266 -411.077 
v -428.94 102.48 -414.558 
v -428.94 102.48 -411.077 
v -398.084 88.8266 -414.558 
v -398.084 88.8266 -411.077 
v -428.94 88.8266 -414.558 
v -428.94 88.8266 -411.077 

vn 0 0 1 
vn 0 0 1 
vn 0 0 1 
vn 0 0 1 
vn 1 0 0 
vn 1 0 0 
vn 1 0 0 
vn 1 0 0 
vn 0 1 0 
vn 0 1 0 
vn 0 1 0 
vn 0 1 0 
vn 0 0 -1 
vn 0 0 -1 
vn 0 0 -1 
vn 0 0 -1 
vn -1 0 0 
vn -1 0 0 
vn -1 0 0 
vn -1 0 0 
vn 0 -1 0 
vn 0 -1 0 
vn 0 -1 0 
vn 0 -1 0 

vt 3.66625 -0.785081 
vt 1.95961 -0.785081 
vt 3.66625 -4.64209 
vt 1.95961 -4.64209 
vt 2.3948 -0.785081 
vt 1.95961 -0.785081 
vt 2.3948 -2.49172 
vt 1.95961 -2.49172 
vt 2.3948 -0.785081 
vt 1.95961 -0.785081 
vt 2.3948 -4.64209 
vt 1.95961 -4.64209 
vt 3.66625 -0.785081 
vt 1.95961 -0.785081 
vt 3.66625 -4.64209 
vt 1.95961 -4.64209 
vt 2.3948 -0.785081 
vt 1.95961 -0.785081 
vt 2.3948 -2.49172 
vt 1.95961 -2.49172 
vt 2.3948 -0.785081 
vt 1.95961 -0.785081 
vt 2.3948 -4.64209 
vt 1.95961 -4.64209 

usemtl Part1Mtl

f 1873/1873/1873 1874/1874/1874 1875/1875/1875 
f 1875/1875/1875 1874/1874/1874 1876/1876/1876 
f 1877/1877/1877 1878/1878/1878 1879/1879/1879 
f 1879/1879/1879 1878/1878/1878 1880/1880/1880 
f 1881/1881/1881 1882/1882/1882 1883/1883/1883 
f 1883/1883/1883 1882/1882/1882 1884/1884/1884 
f 1885/1885/1885 1886/1886/1886 1887/1887/1887 
f 1887/1887/1887 1886/1886/1886 1888/1888/1888 
f 1889/1889/1889 1890/1890/1890 1891/1891/1891 
f 1891/1891/1891 1890/1890/1890 1892/1892/1892 
f 1893/1893/1893 1894/1894/1894 1895/1895/1895 
f 1895/1895/1895 1894/1894/1894 1896/1896/1896 

g Part62

v -442.559 88.8266 -260.858 
v -442.559 102.48 -260.858 
v -442.559 88.8266 -278.061 
v -442.559 102.48 -278.061 
v -439.077 102.48 -260.858 
v -442.559 102.48 -260.858 
v -439.077 88.8266 -260.858 
v -442.559 88.8266 -260.858 
v -442.559 102.48 -260.858 
v -439.077 102.48 -260.858 
v -442.559 102.48 -278.061 
v -439.077 102.48 -278.061 
v -439.077 102.48 -260.858 
v -439.077 88.8266 -260.858 
v -439.077 102.48 -278.061 
v -439.077 88.8266 -278.061 
v -439.077 88.8266 -278.061 
v -442.559 88.8266 -278.061 
v -439.077 102.48 -278.061 
v -442.559 102.48 -278.061 
v -439.077 88.8266 -260.858 
v -442.559 88.8266 -260.858 
v -439.077 88.8266 -278.061 
v -442.559 88.8266 -278.061 

vn -1 0 0 
vn -1 0 0 
vn -1 0 0 
vn -1 0 0 
vn 0 0 1 
vn 0 0 1 
vn 0 0 1 
vn 0 0 1 
vn 0 1 0 
vn 0 1 0 
vn 0 1 0 
vn 0 1 0 
vn 1 0 0 
vn 1 0 0 
vn 1 0 0 
vn 1 0 0 
vn 0 0 -1 
vn 0 0 -1 
vn 0 0 -1 
vn 0 0 -1 
vn 0 -1 0 
vn 0 -1 0 
vn 0 -1 0 
vn 0 -1 0 

vt 2.00371 0.444911 
vt 0.297072 0.444911 
vt 2.00371 -1.70546 
vt 0.297072 -1.70546 
vt 0.732265 0.444911 
vt 0.297072 0.444911 
vt 0.732265 -1.26173 
vt 0.297072 -1.26173 
vt 0.732265 0.444911 
vt 0.297072 0.444911 
vt 0.732265 -1.70546 
vt 0.297072 -1.70546 
vt 2.00371 0.444911 
vt 0.297072 0.444911 
vt 2.00371 -1.70546 
vt 0.297072 -1.70546 
vt 0.732265 0.444911 
vt 0.297072 0.444911 
vt 0.732265 -1.26173 
vt 0.297072 -1.26173 
vt 0.732265 0.444911 
vt 0.297072 0.444911 
vt 0.732265 -1.70546 
vt 0.297072 -1.70546 

usemtl Part1Mtl

f 1897/1897/1897 1898/1898/1898 1899/1899/1899 
f 1899/1899/1899 1898/1898/1898 1900/1900/1900 
f 1901/1901/1901 1902/1902/1902 1903/1903/1903 
f 1903/1903/1903 1902/1902/1902 1904/1904/1904 
f 1905/1905/1905 1906/1906/1906 1907/1907/1907 
f 1907/1907/1907 1906/1906/1906 1908/1908/1908 
f 1909/1909/1909 1910/1910/1910 1911/1911/1911 
f 1911/1911/1911 1910/1910/1910 1912/1912/1912 
f 1913/1913/1913 1914/1914/1914 1915/1915/1915 
f 1915/1915/1915 1914/1914/1914 1916/1916/1916 
f 1917/1917/1917 1918/1918/1918 1919/1919/1919 
f 1919/1919/1919 1918/1918/1918 1920/1920/1920 

g Wedge13

v -431.069 94.5297 -339.118 
v -431.069 94.5297 -339.118 
v -433.069 96.4397 -339.118 
v -431.069 96.4397 -339.118 
v -431.069 94.5297 -339.118 
v -431.069 94.5297 -339.678 
v -431.069 96.4397 -339.118 
v -431.069 96.4397 -339.678 
v -431.069 94.5297 -339.678 
v -431.069 94.5297 -339.678 
v -431.069 96.4397 -339.678 
v -433.069 96.4397 -339.678 
v -433.069 96.4397 -339.678 
v -433.069 96.4397 -339.118 
v -431.069 96.4397 -339.678 
v -431.069 96.4397 -339.118 
v -431.069 94.5297 -339.678 
v -431.069 94.5297 -339.118 
v -433.069 96.4397 -339.678 
v -433.069 96.4397 -339.118 

vn 0 0 1 
vn 0 0 1 
vn 0 0 1 
vn 0 0 1 
vn 1 0 0 
vn 1 0 0 
vn 1 0 0 
vn 1 0 0 
vn 0 0 -1 
vn 0 0 -1 
vn 0 0 -1 
vn 0 0 -1 
vn 0 1 0 
vn 0 1 0 
vn 0 1 0 
vn 0 1 0 
vn -0.692913 -0.724409 0 
vn -0.692913 -0.724409 0 
vn -0.692913 -0.724409 0 
vn -0.692913 -0.724409 0 

vt 0.5 0.5 
vt 0.5 0.5 
vt 0.75 0.26125 
vt 0.5 0.26125 
vt 0.57 0.5 
vt 0.5 0.5 
vt 0.57 0.26125 
vt 0.5 0.26125 
vt 0.75 0.5 
vt 0.75 0.5 
vt 0.75 0.26125 
vt 0.5 0.26125 
vt 0.57 0.5 
vt 0.5 0.5 
vt 0.57 0.25 
vt 0.5 0.25 
vt 0.57 0.5 
vt 0.5 0.5 
vt 0.57 0.15431 
vt 0.5 0.15431 

usemtl Wedge1Mtl

f 1921/1921/1921 1922/1922/1922 1923/1923/1923 
f 1923/1923/1923 1922/1922/1922 1924/1924/1924 
f 1925/1925/1925 1926/1926/1926 1927/1927/1927 
f 1927/1927/1927 1926/1926/1926 1928/1928/1928 
f 1929/1929/1929 1930/1930/1930 1931/1931/1931 
f 1931/1931/1931 1930/1930/1930 1932/1932/1932 
f 1933/1933/1933 1934/1934/1934 1935/1935/1935 
f 1935/1935/1935 1934/1934/1934 1936/1936/1936 
f 1937/1937/1937 1938/1938/1938 1939/1939/1939 
f 1939/1939/1939 1938/1938/1938 1940/1940/1940 

g Sign7

v -426.059 97.3197 -339.638 
v -426.059 97.3197 -339.388 
v -426.059 95.3697 -339.638 
v -426.059 95.3697 -339.388 
v -431.089 97.3197 -339.388 
v -426.059 97.3197 -339.388 
v -431.089 97.3197 -339.638 
v -426.059 97.3197 -339.638 
v -426.059 97.3197 -339.388 
v -431.089 97.3197 -339.388 
v -426.059 95.3697 -339.388 
v -431.089 95.3697 -339.388 
v -431.089 97.3197 -339.388 
v -431.089 97.3197 -339.638 
v -431.089 95.3697 -339.388 
v -431.089 95.3697 -339.638 
v -431.089 95.3697 -339.638 
v -426.059 95.3697 -339.638 
v -431.089 95.3697 -339.388 
v -426.059 95.3697 -339.388 
v -431.089 97.3197 -339.638 
v -426.059 97.3197 -339.638 
v -431.089 95.3697 -339.638 
v -426.059 95.3697 -339.638 

vn 1 0 0 
vn 1 0 0 
vn 1 0 0 
vn 1 0 0 
vn 0 1 0 
vn 0 1 0 
vn 0 1 0 
vn 0 1 0 
vn 0 0 1 
vn 0 0 1 
vn 0 0 1 
vn 0 0 1 
vn -1 0 0 
vn -1 0 0 
vn -1 0 0 
vn -1 0 0 
vn 0 -1 0 
vn 0 -1 0 
vn 0 -1 0 
vn 0 -1 0 
vn 0 0 -1 
vn 0 0 -1 
vn 0 0 -1 
vn 0 0 -1 

vt 5.03125 -6 
vt 5 -6 
vt 5.03125 -6.24375 
vt 5 -6.24375 
vt 5.62875 -6 
vt 5 -6 
vt 5.62875 -6.03125 
vt 5 -6.03125 
vt 5.62875 -6 
vt 5 -6 
vt 5.62875 -6.24375 
vt 5 -6.24375 
vt 5.03125 -6 
vt 5 -6 
vt 5.03125 -6.24375 
vt 5 -6.24375 
vt 5.62875 -6 
vt 5 -6 
vt 5.62875 -6.03125 
vt 5 -6.03125 
vt 5.62875 -6 
vt 5 -6 
vt 5.62875 -6.24375 
vt 5 -6.24375 

usemtl Sign1Mtl

f 1941/1941/1941 1942/1942/1942 1943/1943/1943 
f 1943/1943/1943 1942/1942/1942 1944/1944/1944 
f 1945/1945/1945 1946/1946/1946 1947/1947/1947 
f 1947/1947/1947 1946/1946/1946 1948/1948/1948 
f 1949/1949/1949 1950/1950/1950 1951/1951/1951 
f 1951/1951/1951 1950/1950/1950 1952/1952/1952 
f 1953/1953/1953 1954/1954/1954 1955/1955/1955 
f 1955/1955/1955 1954/1954/1954 1956/1956/1956 
f 1957/1957/1957 1958/1958/1958 1959/1959/1959 
f 1959/1959/1959 1958/1958/1958 1960/1960/1960 
f 1961/1961/1961 1962/1962/1962 1963/1963/1963 
f 1963/1963/1963 1962/1962/1962 1964/1964/1964 

g Wedge14

v -431.069 98.4297 -339.678 
v -431.069 98.4297 -339.678 
v -433.069 96.4197 -339.678 
v -431.069 96.4197 -339.678 
v -431.069 98.4297 -339.678 
v -431.069 98.4297 -339.118 
v -431.069 96.4197 -339.678 
v -431.069 96.4197 -339.118 
v -431.069 98.4297 -339.118 
v -431.069 98.4297 -339.118 
v -431.069 96.4197 -339.118 
v -433.069 96.4197 -339.118 
v -433.069 96.4197 -339.118 
v -433.069 96.4197 -339.678 
v -431.069 96.4197 -339.118 
v -431.069 96.4197 -339.678 
v -431.069 98.4297 -339.118 
v -431.069 98.4297 -339.678 
v -433.069 96.4197 -339.118 
v -433.069 96.4197 -339.678 

vn 0 0 -1 
vn 0 0 -1 
vn 0 0 -1 
vn 0 0 -1 
vn 1 0 0 
vn 1 0 0 
vn 1 0 0 
vn 1 0 0 
vn 0 0 1 
vn 0 0 1 
vn 0 0 1 
vn 0 0 1 
vn 0 -1 0 
vn 0 -1 0 
vn 0 -1 0 
vn 0 -1 0 
vn -0.708661 0.708661 0 
vn -0.708661 0.708661 0 
vn -0.708661 0.708661 0 
vn -0.708661 0.708661 0 

vt 6.25 -5.75 
vt 6.25 -5.75 
vt 6.5 -6.00125 
vt 6.25 -6.00125 
vt 6.32 -5.75 
vt 6.25 -5.75 
vt 6.32 -6.00125 
vt 6.25 -6.00125 
vt 6.5 -5.75 
vt 6.5 -5.75 
vt 6.5 -6.00125 
vt 6.25 -6.00125 
vt 6.32 -5.75 
vt 6.25 -5.75 
vt 6.32 -6 
vt 6.25 -6 
vt 6.32 -5.75 
vt 6.25 -5.75 
vt 6.32 -6.10444 
vt 6.25 -6.10444 

usemtl Wedge1Mtl

f 1965/1965/1965 1966/1966/1966 1967/1967/1967 
f 1967/1967/1967 1966/1966/1966 1968/1968/1968 
f 1969/1969/1969 1970/1970/1970 1971/1971/1971 
f 1971/1971/1971 1970/1970/1970 1972/1972/1972 
f 1973/1973/1973 1974/1974/1974 1975/1975/1975 
f 1975/1975/1975 1974/1974/1974 1976/1976/1976 
f 1977/1977/1977 1978/1978/1978 1979/1979/1979 
f 1979/1979/1979 1978/1978/1978 1980/1980/1980 
f 1981/1981/1981 1982/1982/1982 1983/1983/1983 
f 1983/1983/1983 1982/1982/1982 1984/1984/1984 

g Part63

v -384.431 88.8266 -404.25 
v -384.431 102.48 -404.25 
v -428.94 88.8266 -404.25 
v -428.94 102.48 -404.25 
v -384.431 102.48 -407.732 
v -384.431 102.48 -404.25 
v -384.431 88.8266 -407.732 
v -384.431 88.8266 -404.25 
v -384.431 102.48 -404.25 
v -384.431 102.48 -407.732 
v -428.94 102.48 -404.25 
v -428.94 102.48 -407.732 
v -384.431 102.48 -407.732 
v -384.431 88.8266 -407.732 
v -428.94 102.48 -407.732 
v -428.94 88.8266 -407.732 
v -428.94 88.8266 -407.732 
v -428.94 88.8266 -404.25 
v -428.94 102.48 -407.732 
v -428.94 102.48 -404.25 
v -384.431 88.8266 -407.732 
v -384.431 88.8266 -404.25 
v -428.94 88.8266 -407.732 
v -428.94 88.8266 -404.25 

vn 0 0 1 
vn 0 0 1 
vn 0 0 1 
vn 0 0 1 
vn 1 0 0 
vn 1 0 0 
vn 1 0 0 
vn 1 0 0 
vn 0 1 0 
vn 0 1 0 
vn 0 1 0 
vn 0 1 0 
vn 0 0 -1 
vn 0 0 -1 
vn 0 0 -1 
vn 0 0 -1 
vn -1 0 0 
vn -1 0 0 
vn -1 0 0 
vn -1 0 0 
vn 0 -1 0 
vn 0 -1 0 
vn 0 -1 0 
vn 0 -1 0 

vt 5.46392 -1.68185 
vt 3.75728 -1.68185 
vt 5.46392 -7.2455 
vt 3.75728 -7.2455 
vt 4.19247 -1.68185 
vt 3.75728 -1.68185 
vt 4.19247 -3.38849 
vt 3.75728 -3.38849 
vt 4.19247 -1.68185 
vt 3.75728 -1.68185 
vt 4.19247 -7.2455 
vt 3.75728 -7.2455 
vt 5.46392 -1.68185 
vt 3.75728 -1.68185 
vt 5.46392 -7.2455 
vt 3.75728 -7.2455 
vt 4.19247 -1.68185 
vt 3.75728 -1.68185 
vt 4.19247 -3.38849 
vt 3.75728 -3.38849 
vt 4.19247 -1.68185 
vt 3.75728 -1.68185 
vt 4.19247 -7.2455 
vt 3.75728 -7.2455 

usemtl Part1Mtl

f 1985/1985/1985 1986/1986/1986 1987/1987/1987 
f 1987/1987/1987 1986/1986/1986 1988/1988/1988 
f 1989/1989/1989 1990/1990/1990 1991/1991/1991 
f 1991/1991/1991 1990/1990/1990 1992/1992/1992 
f 1993/1993/1993 1994/1994/1994 1995/1995/1995 
f 1995/1995/1995 1994/1994/1994 1996/1996/1996 
f 1997/1997/1997 1998/1998/1998 1999/1999/1999 
f 1999/1999/1999 1998/1998/1998 2000/2000/2000 
f 2001/2001/2001 2002/2002/2002 2003/2003/2003 
f 2003/2003/2003 2002/2002/2002 2004/2004/2004 
f 2005/2005/2005 2006/2006/2006 2007/2007/2007 
f 2007/2007/2007 2006/2006/2006 2008/2008/2008 

g Part64

v -387.947 88.8266 -267.685 
v -387.947 102.48 -267.685 
v -387.947 88.8266 -276.061 
v -387.947 102.48 -276.061 
v -384.465 102.48 -267.685 
v -387.947 102.48 -267.685 
v -384.465 88.8266 -267.685 
v -387.947 88.8266 -267.685 
v -387.947 102.48 -267.685 
v -384.465 102.48 -267.685 
v -387.947 102.48 -276.061 
v -384.465 102.48 -276.061 
v -384.465 102.48 -267.685 
v -384.465 88.8266 -267.685 
v -384.465 102.48 -276.061 
v -384.465 88.8266 -276.061 
v -384.465 88.8266 -276.061 
v -387.947 88.8266 -276.061 
v -384.465 102.48 -276.061 
v -387.947 102.48 -276.061 
v -384.465 88.8266 -267.685 
v -387.947 88.8266 -267.685 
v -384.465 88.8266 -276.061 
v -387.947 88.8266 -276.061 

vn -1 0 0 
vn -1 0 0 
vn -1 0 0 
vn -1 0 0 
vn 0 0 1 
vn 0 0 1 
vn 0 0 1 
vn 0 0 1 
vn 0 1 0 
vn 0 1 0 
vn 0 1 0 
vn 0 1 0 
vn 1 0 0 
vn 1 0 0 
vn 1 0 0 
vn 1 0 0 
vn 0 0 -1 
vn 0 0 -1 
vn 0 0 -1 
vn 0 0 -1 
vn 0 -1 0 
vn 0 -1 0 
vn 0 -1 0 
vn 0 -1 0 

vt 1.46406 -0.0640241 
vt -0.242585 -0.0640241 
vt 1.46406 -1.11107 
vt -0.242585 -1.11107 
vt 0.192609 -0.0640241 
vt -0.242585 -0.0640241 
vt 0.192609 -1.77066 
vt -0.242585 -1.77066 
vt 0.192609 -0.0640241 
vt -0.242585 -0.0640241 
vt 0.192609 -1.11107 
vt -0.242585 -1.11107 
vt 1.46406 -0.0640241 
vt -0.242585 -0.0640241 
vt 1.46406 -1.11107 
vt -0.242585 -1.11107 
vt 0.192609 -0.0640241 
vt -0.242585 -0.0640241 
vt 0.192609 -1.77066 
vt -0.242585 -1.77066 
vt 0.192609 -0.0640241 
vt -0.242585 -0.0640241 
vt 0.192609 -1.11107 
vt -0.242585 -1.11107 

usemtl Part1Mtl

f 2009/2009/2009 2010/2010/2010 2011/2011/2011 
f 2011/2011/2011 2010/2010/2010 2012/2012/2012 
f 2013/2013/2013 2014/2014/2014 2015/2015/2015 
f 2015/2015/2015 2014/2014/2014 2016/2016/2016 
f 2017/2017/2017 2018/2018/2018 2019/2019/2019 
f 2019/2019/2019 2018/2018/2018 2020/2020/2020 
f 2021/2021/2021 2022/2022/2022 2023/2023/2023 
f 2023/2023/2023 2022/2022/2022 2024/2024/2024 
f 2025/2025/2025 2026/2026/2026 2027/2027/2027 
f 2027/2027/2027 2026/2026/2026 2028/2028/2028 
f 2029/2029/2029 2030/2030/2030 2031/2031/2031 
f 2031/2031/2031 2030/2030/2030 2032/2032/2032 

g Part65

v -418.564 88.8266 -339.398 
v -418.564 102.48 -339.398 
v -442.593 88.8266 -339.398 
v -442.593 102.48 -339.398 
v -418.564 102.48 -342.879 
v -418.564 102.48 -339.398 
v -418.564 88.8266 -342.879 
v -418.564 88.8266 -339.398 
v -418.564 102.48 -339.398 
v -418.564 102.48 -342.879 
v -442.593 102.48 -339.398 
v -442.593 102.48 -342.879 
v -418.564 102.48 -342.879 
v -418.564 88.8266 -342.879 
v -442.593 102.48 -342.879 
v -442.593 88.8266 -342.879 
v -442.593 88.8266 -342.879 
v -442.593 88.8266 -339.398 
v -442.593 102.48 -342.879 
v -442.593 102.48 -339.398 
v -418.564 88.8266 -342.879 
v -418.564 88.8266 -339.398 
v -442.593 88.8266 -342.879 
v -442.593 88.8266 -339.398 

vn 0 0 1 
vn 0 0 1 
vn 0 0 1 
vn 0 0 1 
vn 1 0 0 
vn 1 0 0 
vn 1 0 0 
vn 1 0 0 
vn 0 1 0 
vn 0 1 0 
vn 0 1 0 
vn 0 1 0 
vn 0 0 -1 
vn 0 0 -1 
vn 0 0 -1 
vn 0 0 -1 
vn -1 0 0 
vn -1 0 0 
vn -1 0 0 
vn -1 0 0 
vn 0 -1 0 
vn 0 -1 0 
vn 0 -1 0 
vn 0 -1 0 

vt 3.3812 -0.71689 
vt 1.67456 -0.71689 
vt 3.3812 -3.72058 
vt 1.67456 -3.72058 
vt 2.10976 -0.71689 
vt 1.67456 -0.71689 
vt 2.10976 -2.42353 
vt 1.67456 -2.42353 
vt 2.10976 -0.71689 
vt 1.67456 -0.71689 
vt 2.10976 -3.72058 
vt 1.67456 -3.72058 
vt 3.3812 -0.71689 
vt 1.67456 -0.71689 
vt 3.3812 -3.72058 
vt 1.67456 -3.72058 
vt 2.10976 -0.71689 
vt 1.67456 -0.71689 
vt 2.10976 -2.42353 
vt 1.67456 -2.42353 
vt 2.10976 -0.71689 
vt 1.67456 -0.71689 
vt 2.10976 -3.72058 
vt 1.67456 -3.72058 

usemtl Part1Mtl

f 2033/2033/2033 2034/2034/2034 2035/2035/2035 
f 2035/2035/2035 2034/2034/2034 2036/2036/2036 
f 2037/2037/2037 2038/2038/2038 2039/2039/2039 
f 2039/2039/2039 2038/2038/2038 2040/2040/2040 
f 2041/2041/2041 2042/2042/2042 2043/2043/2043 
f 2043/2043/2043 2042/2042/2042 2044/2044/2044 
f 2045/2045/2045 2046/2046/2046 2047/2047/2047 
f 2047/2047/2047 2046/2046/2046 2048/2048/2048 
f 2049/2049/2049 2050/2050/2050 2051/2051/2051 
f 2051/2051/2051 2050/2050/2050 2052/2052/2052 
f 2053/2053/2053 2054/2054/2054 2055/2055/2055 
f 2055/2055/2055 2054/2054/2054 2056/2056/2056 

g Wedge15

v -403.188 93.9893 -292.187 
v -403.188 93.9893 -292.187 
v -403.188 94.8094 -293.045 
v -403.188 94.8094 -292.187 
v -403.188 93.9893 -292.187 
v -402.947 93.9893 -292.187 
v -403.188 94.8094 -292.187 
v -402.947 94.8094 -292.187 
v -402.947 93.9893 -292.187 
v -402.947 93.9893 -292.187 
v -402.947 94.8094 -292.187 
v -402.947 94.8094 -293.045 
v -402.947 94.8094 -293.045 
v -403.188 94.8094 -293.045 
v -402.947 94.8094 -292.187 
v -403.188 94.8094 -292.187 
v -402.947 93.9893 -292.187 
v -403.188 93.9893 -292.187 
v -402.947 94.8094 -293.045 
v -403.188 94.8094 -293.045 

vn -1 0 0 
vn -1 0 0 
vn -1 0 0 
vn -1 0 0 
vn 0 0 1 
vn 0 0 1 
vn 0 0 1 
vn 0 0 1 
vn 1 0 0 
vn 1 0 0 
vn 1 0 0 
vn 1 0 0 
vn 0 1 0 
vn 0 1 0 
vn 0 1 0 
vn 0 1 0 
vn 0 -0.724409 -0.692913 
vn 0 -0.724409 -0.692913 
vn 0 -0.724409 -0.692913 
vn 0 -0.724409 -0.692913 

vt 5.25 0.5 
vt 5.25 0.5 
vt 5.35735 0.397484 
vt 5.25 0.397484 
vt 5.28006 0.5 
vt 5.25 0.5 
vt 5.28006 0.397484 
vt 5.25 0.397484 
vt 5.35735 0.5 
vt 5.35735 0.5 
vt 5.35735 0.397484 
vt 5.25 0.397484 
vt 5.28006 0.5 
vt 5.25 0.5 
vt 5.28006 0.392653 
vt 5.25 0.392653 
vt 5.28006 0.5 
vt 5.25 0.5 
vt 5.28006 0.351565 
vt 5.25 0.351565 

usemtl Wedge1Mtl

f 2057/2057/2057 2058/2058/2058 2059/2059/2059 
f 2059/2059/2059 2058/2058/2058 2060/2060/2060 
f 2061/2061/2061 2062/2062/2062 2063/2063/2063 
f 2063/2063/2063 2062/2062/2062 2064/2064/2064 
f 2065/2065/2065 2066/2066/2066 2067/2067/2067 
f 2067/2067/2067 2066/2066/2066 2068/2068/2068 
f 2069/2069/2069 2070/2070/2070 2071/2071/2071 
f 2071/2071/2071 2070/2070/2070 2072/2072/2072 
f 2073/2073/2073 2074/2074/2074 2075/2075/2075 
f 2075/2075/2075 2074/2074/2074 2076/2076/2076 

g Sign8

v -402.964 95.1872 -290.035 
v -403.072 95.1872 -290.035 
v -402.964 94.3499 -290.035 
v -403.072 94.3499 -290.035 
v -403.072 95.1872 -292.195 
v -403.072 95.1872 -290.035 
v -402.964 95.1872 -292.195 
v -402.964 95.1872 -290.035 
v -403.072 95.1872 -290.035 
v -403.072 95.1872 -292.195 
v -403.072 94.3499 -290.035 
v -403.072 94.3499 -292.195 
v -403.072 95.1872 -292.195 
v -402.964 95.1872 -292.195 
v -403.072 94.3499 -292.195 
v -402.964 94.3499 -292.195 
v -402.964 94.3499 -292.195 
v -402.964 94.3499 -290.035 
v -403.072 94.3499 -292.195 
v -403.072 94.3499 -290.035 
v -402.964 95.1872 -292.195 
v -402.964 95.1872 -290.035 
v -402.964 94.3499 -292.195 
v -402.964 94.3499 -290.035 

vn 0 0 1 
vn 0 0 1 
vn 0 0 1 
vn 0 0 1 
vn 0 1 0 
vn 0 1 0 
vn 0 1 0 
vn 0 1 0 
vn -1 0 0 
vn -1 0 0 
vn -1 0 0 
vn -1 0 0 
vn 0 0 -1 
vn 0 0 -1 
vn 0 0 -1 
vn 0 0 -1 
vn 0 -1 0 
vn 0 -1 0 
vn 0 -1 0 
vn 0 -1 0 
vn 1 0 0 
vn 1 0 0 
vn 1 0 0 
vn 1 0 0 

vt 5.76342 -4.75 
vt 5.75 -4.75 
vt 5.76342 -4.85466 
vt 5.75 -4.85466 
vt 6.01998 -4.75 
vt 5.75 -4.75 
vt 6.01998 -4.76342 
vt 5.75 -4.76342 
vt 6.01998 -4.75 
vt 5.75 -4.75 
vt 6.01998 -4.85466 
vt 5.75 -4.85466 
vt 5.76342 -4.75 
vt 5.75 -4.75 
vt 5.76342 -4.85466 
vt 5.75 -4.85466 
vt 6.01998 -4.75 
vt 5.75 -4.75 
vt 6.01998 -4.76342 
vt 5.75 -4.76342 
vt 6.01998 -4.75 
vt 5.75 -4.75 
vt 6.01998 -4.85466 
vt 5.75 -4.85466 

usemtl Sign1Mtl

f 2077/2077/2077 2078/2078/2078 2079/2079/2079 
f 2079/2079/2079 2078/2078/2078 2080/2080/2080 
f 2081/2081/2081 2082/2082/2082 2083/2083/2083 
f 2083/2083/2083 2082/2082/2082 2084/2084/2084 
f 2085/2085/2085 2086/2086/2086 2087/2087/2087 
f 2087/2087/2087 2086/2086/2086 2088/2088/2088 
f 2089/2089/2089 2090/2090/2090 2091/2091/2091 
f 2091/2091/2091 2090/2090/2090 2092/2092/2092 
f 2093/2093/2093 2094/2094/2094 2095/2095/2095 
f 2095/2095/2095 2094/2094/2094 2096/2096/2096 
f 2097/2097/2097 2098/2098/2098 2099/2099/2099 
f 2099/2099/2099 2098/2098/2098 2100/2100/2100 

g Wedge16

v -402.947 95.6639 -292.187 
v -402.947 95.6639 -292.187 
v -402.947 94.8008 -293.045 
v -402.947 94.8008 -292.187 
v -402.947 95.6639 -292.187 
v -403.188 95.6639 -292.187 
v -402.947 94.8008 -292.187 
v -403.188 94.8008 -292.187 
v -403.188 95.6639 -292.187 
v -403.188 95.6639 -292.187 
v -403.188 94.8008 -292.187 
v -403.188 94.8008 -293.045 
v -403.188 94.8008 -293.045 
v -402.947 94.8008 -293.045 
v -403.188 94.8008 -292.187 
v -402.947 94.8008 -292.187 
v -403.188 95.6639 -292.187 
v -402.947 95.6639 -292.187 
v -403.188 94.8008 -293.045 
v -402.947 94.8008 -293.045 

vn 1 0 0 
vn 1 0 0 
vn 1 0 0 
vn 1 0 0 
vn 0 0 1 
vn 0 0 1 
vn 0 0 1 
vn 0 0 1 
vn -1 0 0 
vn -1 0 0 
vn -1 0 0 
vn -1 0 0 
vn 0 -1 0 
vn 0 -1 0 
vn 0 -1 0 
vn 0 -1 0 
vn 0 0.708661 -0.708661 
vn 0 0.708661 -0.708661 
vn 0 0.708661 -0.708661 
vn 0 0.708661 -0.708661 

vt 7 -5 
vt 7 -5 
vt 7.10735 -5.10788 
vt 7 -5.10788 
vt 7.03006 -5 
vt 7 -5 
vt 7.03006 -5.10788 
vt 7 -5.10788 
vt 7.10735 -5 
vt 7.10735 -5 
vt 7.10735 -5.10788 
vt 7 -5.10788 
vt 7.03006 -5 
vt 7 -5 
vt 7.03006 -5.10735 
vt 7 -5.10735 
vt 7.03006 -5 
vt 7 -5 
vt 7.03006 -5.15219 
vt 7 -5.15219 

usemtl Wedge1Mtl

f 2101/2101/2101 2102/2102/2102 2103/2103/2103 
f 2103/2103/2103 2102/2102/2102 2104/2104/2104 
f 2105/2105/2105 2106/2106/2106 2107/2107/2107 
f 2107/2107/2107 2106/2106/2106 2108/2108/2108 
f 2109/2109/2109 2110/2110/2110 2111/2111/2111 
f 2111/2111/2111 2110/2110/2110 2112/2112/2112 
f 2113/2113/2113 2114/2114/2114 2115/2115/2115 
f 2115/2115/2115 2114/2114/2114 2116/2116/2116 
f 2117/2117/2117 2118/2118/2118 2119/2119/2119 
f 2119/2119/2119 2118/2118/2118 2120/2120/2120 

g Entityspawn1

v -395.775 89.8266 -362.725 
v -395.775 89.8266 -357.725 
v -395.775 88.8266 -362.725 
v -395.775 88.8266 -357.725 
v -400.775 89.8266 -357.725 
v -395.775 89.8266 -357.725 
v -400.775 89.8266 -362.725 
v -395.775 89.8266 -362.725 
v -395.775 89.8266 -357.725 
v -400.775 89.8266 -357.725 
v -395.775 88.8266 -357.725 
v -400.775 88.8266 -357.725 
v -400.775 89.8266 -357.725 
v -400.775 89.8266 -362.725 
v -400.775 88.8266 -357.725 
v -400.775 88.8266 -362.725 
v -400.775 88.8266 -362.725 
v -395.775 88.8266 -362.725 
v -400.775 88.8266 -357.725 
v -395.775 88.8266 -357.725 
v -400.775 89.8266 -362.725 
v -395.775 89.8266 -362.725 
v -400.775 88.8266 -362.725 
v -395.775 88.8266 -362.725 

vn 1 0 0 
vn 1 0 0 
vn 1 0 0 
vn 1 0 0 
vn 0 1 0 
vn 0 1 0 
vn 0 1 0 
vn 0 1 0 
vn 0 0 1 
vn 0 0 1 
vn 0 0 1 
vn 0 0 1 
vn -1 0 0 
vn -1 0 0 
vn -1 0 0 
vn -1 0 0 
vn 0 -1 0 
vn 0 -1 0 
vn 0 -1 0 
vn 0 -1 0 
vn 0 0 -1 
vn 0 0 -1 
vn 0 0 -1 
vn 0 0 -1 

vt 0.274782 0.552519 
vt -0.350218 0.552519 
vt 0.274782 0.427519 
vt -0.350218 0.427519 
vt 0.274782 0.552519 
vt -0.350218 0.552519 
vt 0.274782 -0.0724814 
vt -0.350218 -0.0724814 
vt 0.274782 0.552519 
vt -0.350218 0.552519 
vt 0.274782 0.427519 
vt -0.350218 0.427519 
vt 0.274782 0.552519 
vt -0.350218 0.552519 
vt 0.274782 0.427519 
vt -0.350218 0.427519 
vt 0.274782 0.552519 
vt -0.350218 0.552519 
vt 0.274782 -0.0724814 
vt -0.350218 -0.0724814 
vt 0.274782 0.552519 
vt -0.350218 0.552519 
vt 0.274782 0.427519 
vt -0.350218 0.427519 

usemtl Entityspawn1Mtl

f 2121/2121/2121 2122/2122/2122 2123/2123/2123 
f 2123/2123/2123 2122/2122/2122 2124/2124/2124 
f 2125/2125/2125 2126/2126/2126 2127/2127/2127 
f 2127/2127/2127 2126/2126/2126 2128/2128/2128 
f 2129/2129/2129 2130/2130/2130 2131/2131/2131 
f 2131/2131/2131 2130/2130/2130 2132/2132/2132 
f 2133/2133/2133 2134/2134/2134 2135/2135/2135 
f 2135/2135/2135 2134/2134/2134 2136/2136/2136 
f 2137/2137/2137 2138/2138/2138 2139/2139/2139 
f 2139/2139/2139 2138/2138/2138 2140/2140/2140 
f 2141/2141/2141 2142/2142/2142 2143/2143/2143 
f 2143/2143/2143 2142/2142/2142 2144/2144/2144 

g Part66

v -384.533 88.8266 -404.216 
v -384.533 102.48 -404.216 
v -384.533 88.8266 -421.419 
v -384.533 102.48 -421.419 
v -381.052 102.48 -404.216 
v -384.533 102.48 -404.216 
v -381.052 88.8266 -404.216 
v -384.533 88.8266 -404.216 
v -384.533 102.48 -404.216 
v -381.052 102.48 -404.216 
v -384.533 102.48 -421.419 
v -381.052 102.48 -421.419 
v -381.052 102.48 -404.216 
v -381.052 88.8266 -404.216 
v -381.052 102.48 -421.419 
v -381.052 88.8266 -421.419 
v -381.052 88.8266 -421.419 
v -384.533 88.8266 -421.419 
v -381.052 102.48 -421.419 
v -384.533 102.48 -421.419 
v -381.052 88.8266 -404.216 
v -384.533 88.8266 -404.216 
v -381.052 88.8266 -421.419 
v -384.533 88.8266 -421.419 

vn -1 0 0 
vn -1 0 0 
vn -1 0 0 
vn -1 0 0 
vn 0 0 1 
vn 0 0 1 
vn 0 0 1 
vn 0 0 1 
vn 0 1 0 
vn 0 1 0 
vn 0 1 0 
vn 0 1 0 
vn 1 0 0 
vn 1 0 0 
vn 1 0 0 
vn 1 0 0 
vn 0 0 -1 
vn 0 0 -1 
vn 0 0 -1 
vn 0 0 -1 
vn 0 -1 0 
vn 0 -1 0 
vn 0 -1 0 
vn 0 -1 0 

vt 1.82032 2.09324 
vt 0.113679 2.09324 
vt 1.82032 -0.0571262 
vt 0.113679 -0.0571262 
vt 0.548872 2.09324 
vt 0.113679 2.09324 
vt 0.548872 0.3866 
vt 0.113679 0.3866 
vt 0.548872 2.09324 
vt 0.113679 2.09324 
vt 0.548872 -0.0571262 
vt 0.113679 -0.0571262 
vt 1.82032 2.09324 
vt 0.113679 2.09324 
vt 1.82032 -0.0571262 
vt 0.113679 -0.0571262 
vt 0.548872 2.09324 
vt 0.113679 2.09324 
vt 0.548872 0.3866 
vt 0.113679 0.3866 
vt 0.548872 2.09324 
vt 0.113679 2.09324 
vt 0.548872 -0.0571262 
vt 0.113679 -0.0571262 

usemtl Part1Mtl

f 2145/2145/2145 2146/2146/2146 2147/2147/2147 
f 2147/2147/2147 2146/2146/2146 2148/2148/2148 
f 2149/2149/2149 2150/2150/2150 2151/2151/2151 
f 2151/2151/2151 2150/2150/2150 2152/2152/2152 
f 2153/2153/2153 2154/2154/2154 2155/2155/2155 
f 2155/2155/2155 2154/2154/2154 2156/2156/2156 
f 2157/2157/2157 2158/2158/2158 2159/2159/2159 
f 2159/2159/2159 2158/2158/2158 2160/2160/2160 
f 2161/2161/2161 2162/2162/2162 2163/2163/2163 
f 2163/2163/2163 2162/2162/2162 2164/2164/2164 
f 2165/2165/2165 2166/2166/2166 2167/2167/2167 
f 2167/2167/2167 2166/2166/2166 2168/2168/2168 

g Part67

v -364.054 88.8266 -431.522 
v -364.054 102.48 -431.522 
v -364.054 88.8266 -448.725 
v -364.054 102.48 -448.725 
v -360.572 102.48 -431.522 
v -364.054 102.48 -431.522 
v -360.572 88.8266 -431.522 
v -364.054 88.8266 -431.522 
v -364.054 102.48 -431.522 
v -360.572 102.48 -431.522 
v -364.054 102.48 -448.725 
v -360.572 102.48 -448.725 
v -360.572 102.48 -431.522 
v -360.572 88.8266 -431.522 
v -360.572 102.48 -448.725 
v -360.572 88.8266 -448.725 
v -360.572 88.8266 -448.725 
v -364.054 88.8266 -448.725 
v -360.572 102.48 -448.725 
v -364.054 102.48 -448.725 
v -360.572 88.8266 -431.522 
v -364.054 88.8266 -431.522 
v -360.572 88.8266 -448.725 
v -364.054 88.8266 -448.725 

vn -1 0 0 
vn -1 0 0 
vn -1 0 0 
vn -1 0 0 
vn 0 0 1 
vn 0 0 1 
vn 0 0 1 
vn 0 0 1 
vn 0 1 0 
vn 0 1 0 
vn 0 1 0 
vn 0 1 0 
vn 1 0 0 
vn 1 0 0 
vn 1 0 0 
vn 1 0 0 
vn 0 0 -1 
vn 0 0 -1 
vn 0 0 -1 
vn 0 0 -1 
vn 0 -1 0 
vn 0 -1 0 
vn 0 -1 0 
vn 0 -1 0 

vt 0.476972 0.444911 
vt -1.22967 0.444911 
vt 0.476972 -1.70546 
vt -1.22967 -1.70546 
vt -0.794475 0.444911 
vt -1.22967 0.444911 
vt -0.794475 -1.26173 
vt -1.22967 -1.26173 
vt -0.794475 0.444911 
vt -1.22967 0.444911 
vt -0.794475 -1.70546 
vt -1.22967 -1.70546 
vt 0.476972 0.444911 
vt -1.22967 0.444911 
vt 0.476972 -1.70546 
vt -1.22967 -1.70546 
vt -0.794475 0.444911 
vt -1.22967 0.444911 
vt -0.794475 -1.26173 
vt -1.22967 -1.26173 
vt -0.794475 0.444911 
vt -1.22967 0.444911 
vt -0.794475 -1.70546 
vt -1.22967 -1.70546 

usemtl Part1Mtl

f 2169/2169/2169 2170/2170/2170 2171/2171/2171 
f 2171/2171/2171 2170/2170/2170 2172/2172/2172 
f 2173/2173/2173 2174/2174/2174 2175/2175/2175 
f 2175/2175/2175 2174/2174/2174 2176/2176/2176 
f 2177/2177/2177 2178/2178/2178 2179/2179/2179 
f 2179/2179/2179 2178/2178/2178 2180/2180/2180 
f 2181/2181/2181 2182/2182/2182 2183/2183/2183 
f 2183/2183/2183 2182/2182/2182 2184/2184/2184 
f 2185/2185/2185 2186/2186/2186 2187/2187/2187 
f 2187/2187/2187 2186/2186/2186 2188/2188/2188 
f 2189/2189/2189 2190/2190/2190 2191/2191/2191 
f 2191/2191/2191 2190/2190/2190 2192/2192/2192 

g Part68

v -374.293 88.8266 -274.545 
v -374.293 102.48 -274.545 
v -415.287 88.8266 -274.545 
v -415.287 102.48 -274.545 
v -374.293 102.48 -278.027 
v -374.293 102.48 -274.545 
v -374.293 88.8266 -278.027 
v -374.293 88.8266 -274.545 
v -374.293 102.48 -274.545 
v -374.293 102.48 -278.027 
v -415.287 102.48 -274.545 
v -415.287 102.48 -278.027 
v -374.293 102.48 -278.027 
v -374.293 88.8266 -278.027 
v -415.287 102.48 -278.027 
v -415.287 88.8266 -278.027 
v -415.287 88.8266 -278.027 
v -415.287 88.8266 -274.545 
v -415.287 102.48 -278.027 
v -415.287 102.48 -274.545 
v -374.293 88.8266 -278.027 
v -374.293 88.8266 -274.545 
v -415.287 88.8266 -278.027 
v -415.287 88.8266 -274.545 

vn 0 0 1 
vn 0 0 1 
vn 0 0 1 
vn 0 0 1 
vn 1 0 0 
vn 1 0 0 
vn 1 0 0 
vn 1 0 0 
vn 0 1 0 
vn 0 1 0 
vn 0 1 0 
vn 0 1 0 
vn 0 0 -1 
vn 0 0 -1 
vn 0 0 -1 
vn 0 0 -1 
vn -1 0 0 
vn -1 0 0 
vn -1 0 0 
vn -1 0 0 
vn 0 -1 0 
vn 0 -1 0 
vn 0 -1 0 
vn 0 -1 0 

vt -0.463407 0.807559 
vt -2.17005 0.807559 
vt -0.463407 -4.31663 
vt -2.17005 -4.31663 
vt -1.73485 0.807559 
vt -2.17005 0.807559 
vt -1.73485 -0.899081 
vt -2.17005 -0.899081 
vt -1.73485 0.807559 
vt -2.17005 0.807559 
vt -1.73485 -4.31663 
vt -2.17005 -4.31663 
vt -0.463407 0.807559 
vt -2.17005 0.807559 
vt -0.463407 -4.31663 
vt -2.17005 -4.31663 
vt -1.73485 0.807559 
vt -2.17005 0.807559 
vt -1.73485 -0.899081 
vt -2.17005 -0.899081 
vt -1.73485 0.807559 
vt -2.17005 0.807559 
vt -1.73485 -4.31663 
vt -2.17005 -4.31663 

usemtl Part1Mtl

f 2193/2193/2193 2194/2194/2194 2195/2195/2195 
f 2195/2195/2195 2194/2194/2194 2196/2196/2196 
f 2197/2197/2197 2198/2198/2198 2199/2199/2199 
f 2199/2199/2199 2198/2198/2198 2200/2200/2200 
f 2201/2201/2201 2202/2202/2202 2203/2203/2203 
f 2203/2203/2203 2202/2202/2202 2204/2204/2204 
f 2205/2205/2205 2206/2206/2206 2207/2207/2207 
f 2207/2207/2207 2206/2206/2206 2208/2208/2208 
f 2209/2209/2209 2210/2210/2210 2211/2211/2211 
f 2211/2211/2211 2210/2210/2210 2212/2212/2212 
f 2213/2213/2213 2214/2214/2214 2215/2215/2215 
f 2215/2215/2215 2214/2214/2214 2216/2216/2216 

g Part69

v -428.906 88.8266 -292.943 
v -428.906 102.48 -292.943 
v -428.906 88.8266 -310.146 
v -428.906 102.48 -310.146 
v -425.424 102.48 -292.943 
v -428.906 102.48 -292.943 
v -425.424 88.8266 -292.943 
v -428.906 88.8266 -292.943 
v -428.906 102.48 -292.943 
v -425.424 102.48 -292.943 
v -428.906 102.48 -310.146 
v -425.424 102.48 -310.146 
v -425.424 102.48 -292.943 
v -425.424 88.8266 -292.943 
v -425.424 102.48 -310.146 
v -425.424 88.8266 -310.146 
v -425.424 88.8266 -310.146 
v -428.906 88.8266 -310.146 
v -425.424 102.48 -310.146 
v -428.906 102.48 -310.146 
v -425.424 88.8266 -292.943 
v -428.906 88.8266 -292.943 
v -425.424 88.8266 -310.146 
v -428.906 88.8266 -310.146 

vn -1 0 0 
vn -1 0 0 
vn -1 0 0 
vn -1 0 0 
vn 0 0 1 
vn 0 0 1 
vn 0 0 1 
vn 0 0 1 
vn 0 1 0 
vn 0 1 0 
vn 0 1 0 
vn 0 1 0 
vn 1 0 0 
vn 1 0 0 
vn 1 0 0 
vn 1 0 0 
vn 0 0 -1 
vn 0 0 -1 
vn 0 0 -1 
vn 0 0 -1 
vn 0 -1 0 
vn 0 -1 0 
vn 0 -1 0 
vn 0 -1 0 

vt 0.940663 -0.523371 
vt -0.765978 -0.523371 
vt 0.940663 -2.67374 
vt -0.765978 -2.67374 
vt -0.330784 -0.523371 
vt -0.765978 -0.523371 
vt -0.330784 -2.23001 
vt -0.765978 -2.23001 
vt -0.330784 -0.523371 
vt -0.765978 -0.523371 
vt -0.330784 -2.67374 
vt -0.765978 -2.67374 
vt 0.940663 -0.523371 
vt -0.765978 -0.523371 
vt 0.940663 -2.67374 
vt -0.765978 -2.67374 
vt -0.330784 -0.523371 
vt -0.765978 -0.523371 
vt -0.330784 -2.23001 
vt -0.765978 -2.23001 
vt -0.330784 -0.523371 
vt -0.765978 -0.523371 
vt -0.330784 -2.67374 
vt -0.765978 -2.67374 

usemtl Part1Mtl

f 2217/2217/2217 2218/2218/2218 2219/2219/2219 
f 2219/2219/2219 2218/2218/2218 2220/2220/2220 
f 2221/2221/2221 2222/2222/2222 2223/2223/2223 
f 2223/2223/2223 2222/2222/2222 2224/2224/2224 
f 2225/2225/2225 2226/2226/2226 2227/2227/2227 
f 2227/2227/2227 2226/2226/2226 2228/2228/2228 
f 2229/2229/2229 2230/2230/2230 2231/2231/2231 
f 2231/2231/2231 2230/2230/2230 2232/2232/2232 
f 2233/2233/2233 2234/2234/2234 2235/2235/2235 
f 2235/2235/2235 2234/2234/2234 2236/2236/2236 
f 2237/2237/2237 2238/2238/2238 2239/2239/2239 
f 2239/2239/2239 2238/2238/2238 2240/2240/2240 

g Part70

v -418.632 88.8266 -289.564 
v -418.632 102.48 -289.564 
v -444.027 88.8266 -289.564 
v -444.027 102.48 -289.564 
v -418.632 102.48 -293.045 
v -418.632 102.48 -289.564 
v -418.632 88.8266 -293.045 
v -418.632 88.8266 -289.564 
v -418.632 102.48 -289.564 
v -418.632 102.48 -293.045 
v -444.027 102.48 -289.564 
v -444.027 102.48 -293.045 
v -418.632 102.48 -293.045 
v -418.632 88.8266 -293.045 
v -444.027 102.48 -293.045 
v -444.027 88.8266 -293.045 
v -444.027 88.8266 -293.045 
v -444.027 88.8266 -289.564 
v -444.027 102.48 -293.045 
v -444.027 102.48 -289.564 
v -418.632 88.8266 -293.045 
v -418.632 88.8266 -289.564 
v -444.027 88.8266 -293.045 
v -444.027 88.8266 -289.564 

vn 0 0 1 
vn 0 0 1 
vn 0 0 1 
vn 0 0 1 
vn 1 0 0 
vn 1 0 0 
vn 1 0 0 
vn 1 0 0 
vn 0 1 0 
vn 0 1 0 
vn 0 1 0 
vn 0 1 0 
vn 0 0 -1 
vn 0 0 -1 
vn 0 0 -1 
vn 0 0 -1 
vn -1 0 0 
vn -1 0 0 
vn -1 0 0 
vn -1 0 0 
vn 0 -1 0 
vn 0 -1 0 
vn 0 -1 0 
vn 0 -1 0 

vt 3.32847 -0.0941823 
vt 1.62183 -0.0941823 
vt 3.32847 -3.26853 
vt 1.62183 -3.26853 
vt 2.05703 -0.0941823 
vt 1.62183 -0.0941823 
vt 2.05703 -1.80082 
vt 1.62183 -1.80082 
vt 2.05703 -0.0941823 
vt 1.62183 -0.0941823 
vt 2.05703 -3.26853 
vt 1.62183 -3.26853 
vt 3.32847 -0.0941823 
vt 1.62183 -0.0941823 
vt 3.32847 -3.26853 
vt 1.62183 -3.26853 
vt 2.05703 -0.0941823 
vt 1.62183 -0.0941823 
vt 2.05703 -1.80082 
vt 1.62183 -1.80082 
vt 2.05703 -0.0941823 
vt 1.62183 -0.0941823 
vt 2.05703 -3.26853 
vt 1.62183 -3.26853 

usemtl Part1Mtl

f 2241/2241/2241 2242/2242/2242 2243/2243/2243 
f 2243/2243/2243 2242/2242/2242 2244/2244/2244 
f 2245/2245/2245 2246/2246/2246 2247/2247/2247 
f 2247/2247/2247 2246/2246/2246 2248/2248/2248 
f 2249/2249/2249 2250/2250/2250 2251/2251/2251 
f 2251/2251/2251 2250/2250/2250 2252/2252/2252 
f 2253/2253/2253 2254/2254/2254 2255/2255/2255 
f 2255/2255/2255 2254/2254/2254 2256/2256/2256 
f 2257/2257/2257 2258/2258/2258 2259/2259/2259 
f 2259/2259/2259 2258/2258/2258 2260/2260/2260 
f 2261/2261/2261 2262/2262/2262 2263/2263/2263 
f 2263/2263/2263 2262/2262/2262 2264/2264/2264 

g Part71

v -377.673 88.8266 -289.564 
v -377.673 102.48 -289.564 
v -403.067 88.8266 -289.564 
v -403.067 102.48 -289.564 
v -377.673 102.48 -293.045 
v -377.673 102.48 -289.564 
v -377.673 88.8266 -293.045 
v -377.673 88.8266 -289.564 
v -377.673 102.48 -289.564 
v -377.673 102.48 -293.045 
v -403.067 102.48 -289.564 
v -403.067 102.48 -293.045 
v -377.673 102.48 -293.045 
v -377.673 88.8266 -293.045 
v -403.067 102.48 -293.045 
v -403.067 88.8266 -293.045 
v -403.067 88.8266 -293.045 
v -403.067 88.8266 -289.564 
v -403.067 102.48 -293.045 
v -403.067 102.48 -289.564 
v -377.673 88.8266 -293.045 
v -377.673 88.8266 -289.564 
v -403.067 88.8266 -293.045 
v -403.067 88.8266 -289.564 

vn 0 0 1 
vn 0 0 1 
vn 0 0 1 
vn 0 0 1 
vn 1 0 0 
vn 1 0 0 
vn 1 0 0 
vn 1 0 0 
vn 0 1 0 
vn 0 1 0 
vn 0 1 0 
vn 0 1 0 
vn 0 0 -1 
vn 0 0 -1 
vn 0 0 -1 
vn 0 0 -1 
vn -1 0 0 
vn -1 0 0 
vn -1 0 0 
vn -1 0 0 
vn 0 -1 0 
vn 0 -1 0 
vn 0 -1 0 
vn 0 -1 0 

vt 0.757925 2.58772 
vt -0.948716 2.58772 
vt 0.757925 -0.586635 
vt -0.948716 -0.586635 
vt -0.513522 2.58772 
vt -0.948716 2.58772 
vt -0.513522 0.881075 
vt -0.948716 0.881075 
vt -0.513522 2.58772 
vt -0.948716 2.58772 
vt -0.513522 -0.586635 
vt -0.948716 -0.586635 
vt 0.757925 2.58772 
vt -0.948716 2.58772 
vt 0.757925 -0.586635 
vt -0.948716 -0.586635 
vt -0.513522 2.58772 
vt -0.948716 2.58772 
vt -0.513522 0.881075 
vt -0.948716 0.881075 
vt -0.513522 2.58772 
vt -0.948716 2.58772 
vt -0.513522 -0.586635 
vt -0.948716 -0.586635 

usemtl Part1Mtl

f 2265/2265/2265 2266/2266/2266 2267/2267/2267 
f 2267/2267/2267 2266/2266/2266 2268/2268/2268 
f 2269/2269/2269 2270/2270/2270 2271/2271/2271 
f 2271/2271/2271 2270/2270/2270 2272/2272/2272 
f 2273/2273/2273 2274/2274/2274 2275/2275/2275 
f 2275/2275/2275 2274/2274/2274 2276/2276/2276 
f 2277/2277/2277 2278/2278/2278 2279/2279/2279 
f 2279/2279/2279 2278/2278/2278 2280/2280/2280 
f 2281/2281/2281 2282/2282/2282 2283/2283/2283 
f 2283/2283/2283 2282/2282/2282 2284/2284/2284 
f 2285/2285/2285 2286/2286/2286 2287/2287/2287 
f 2287/2287/2287 2286/2286/2286 2288/2288/2288 

g Part72

v -409.757 88.8266 -323.696 
v -409.757 102.48 -323.696 
v -414.673 88.8266 -323.696 
v -414.673 102.48 -323.696 
v -409.757 102.48 -380.425 
v -409.757 102.48 -323.696 
v -409.757 88.8266 -380.425 
v -409.757 88.8266 -323.696 
v -409.757 102.48 -323.696 
v -409.757 102.48 -380.425 
v -414.673 102.48 -323.696 
v -414.673 102.48 -380.425 
v -409.757 102.48 -380.425 
v -409.757 88.8266 -380.425 
v -414.673 102.48 -380.425 
v -414.673 88.8266 -380.425 
v -414.673 88.8266 -380.425 
v -414.673 88.8266 -323.696 
v -414.673 102.48 -380.425 
v -414.673 102.48 -323.696 
v -409.757 88.8266 -380.425 
v -409.757 88.8266 -323.696 
v -414.673 88.8266 -380.425 
v -414.673 88.8266 -323.696 

vn 0 0 1 
vn 0 0 1 
vn 0 0 1 
vn 0 0 1 
vn 1 0 0 
vn 1 0 0 
vn 1 0 0 
vn 1 0 0 
vn 0 1 0 
vn 0 1 0 
vn 0 1 0 
vn 0 1 0 
vn 0 0 -1 
vn 0 0 -1 
vn 0 0 -1 
vn 0 0 -1 
vn -1 0 0 
vn -1 0 0 
vn -1 0 0 
vn -1 0 0 
vn 0 -1 0 
vn 0 -1 0 
vn 0 -1 0 
vn 0 -1 0 

vt 5.04527 -0.184788 
vt 3.33863 -0.184788 
vt 5.04527 -0.799178 
vt 3.33863 -0.799178 
vt 10.4297 -0.184788 
vt 3.33863 -0.184788 
vt 10.4297 -1.89143 
vt 3.33863 -1.89143 
vt 10.4297 -0.184788 
vt 3.33863 -0.184788 
vt 10.4297 -0.799178 
vt 3.33863 -0.799178 
vt 5.04527 -0.184788 
vt 3.33863 -0.184788 
vt 5.04527 -0.799178 
vt 3.33863 -0.799178 
vt 10.4297 -0.184788 
vt 3.33863 -0.184788 
vt 10.4297 -1.89143 
vt 3.33863 -1.89143 
vt 10.4297 -0.184788 
vt 3.33863 -0.184788 
vt 10.4297 -0.799178 
vt 3.33863 -0.799178 

usemtl Part1Mtl

f 2289/2289/2289 2290/2290/2290 2291/2291/2291 
f 2291/2291/2291 2290/2290/2290 2292/2292/2292 
f 2293/2293/2293 2294/2294/2294 2295/2295/2295 
f 2295/2295/2295 2294/2294/2294 2296/2296/2296 
f 2297/2297/2297 2298/2298/2298 2299/2299/2299 
f 2299/2299/2299 2298/2298/2298 2300/2300/2300 
f 2301/2301/2301 2302/2302/2302 2303/2303/2303 
f 2303/2303/2303 2302/2302/2302 2304/2304/2304 
f 2305/2305/2305 2306/2306/2306 2307/2307/2307 
f 2307/2307/2307 2306/2306/2306 2308/2308/2308 
f 2309/2309/2309 2310/2310/2310 2311/2311/2311 
f 2311/2311/2311 2310/2310/2310 2312/2312/2312 

g Wedge17

v -365.423 96.3897 -421.105 
v -365.423 96.3897 -421.105 
v -363.423 94.4797 -421.105 
v -365.423 94.4797 -421.105 
v -365.423 96.3897 -421.105 
v -365.423 96.3897 -421.665 
v -365.423 94.4797 -421.105 
v -365.423 94.4797 -421.665 
v -365.423 96.3897 -421.665 
v -365.423 96.3897 -421.665 
v -365.423 94.4797 -421.665 
v -363.423 94.4797 -421.665 
v -363.423 94.4797 -421.665 
v -363.423 94.4797 -421.105 
v -365.423 94.4797 -421.665 
v -365.423 94.4797 -421.105 
v -365.423 96.3897 -421.665 
v -365.423 96.3897 -421.105 
v -363.423 94.4797 -421.665 
v -363.423 94.4797 -421.105 

vn 0 0 1 
vn 0 0 1 
vn 0 0 1 
vn 0 0 1 
vn -1 0 0 
vn -1 0 0 
vn -1 0 0 
vn -1 0 0 
vn 0 0 -1 
vn 0 0 -1 
vn 0 0 -1 
vn 0 0 -1 
vn 0 -1 0 
vn 0 -1 0 
vn 0 -1 0 
vn 0 -1 0 
vn 0.692913 0.724409 0 
vn 0.692913 0.724409 0 
vn 0.692913 0.724409 0 
vn 0.692913 0.724409 0 

vt 3.75 1 
vt 3.75 1 
vt 4 0.76125 
vt 3.75 0.76125 
vt 3.82 1 
vt 3.75 1 
vt 3.82 0.76125 
vt 3.75 0.76125 
vt 4 1 
vt 4 1 
vt 4 0.76125 
vt 3.75 0.76125 
vt 3.82 1 
vt 3.75 1 
vt 3.82 0.75 
vt 3.75 0.75 
vt 3.82 1 
vt 3.75 1 
vt 3.82 0.65431 
vt 3.75 0.65431 

usemtl Wedge1Mtl

f 2313/2313/2313 2314/2314/2314 2315/2315/2315 
f 2315/2315/2315 2314/2314/2314 2316/2316/2316 
f 2317/2317/2317 2318/2318/2318 2319/2319/2319 
f 2319/2319/2319 2318/2318/2318 2320/2320/2320 
f 2321/2321/2321 2322/2322/2322 2323/2323/2323 
f 2323/2323/2323 2322/2322/2322 2324/2324/2324 
f 2325/2325/2325 2326/2326/2326 2327/2327/2327 
f 2327/2327/2327 2326/2326/2326 2328/2328/2328 
f 2329/2329/2329 2330/2330/2330 2331/2331/2331 
f 2331/2331/2331 2330/2330/2330 2332/2332/2332 

g Sign9

v -370.433 93.5997 -421.625 
v -370.433 93.5997 -421.375 
v -370.433 95.5497 -421.625 
v -370.433 95.5497 -421.375 
v -365.403 93.5997 -421.375 
v -370.433 93.5997 -421.375 
v -365.403 93.5997 -421.625 
v -370.433 93.5997 -421.625 
v -370.433 93.5997 -421.375 
v -365.403 93.5997 -421.375 
v -370.433 95.5497 -421.375 
v -365.403 95.5497 -421.375 
v -365.403 93.5997 -421.375 
v -365.403 93.5997 -421.625 
v -365.403 95.5497 -421.375 
v -365.403 95.5497 -421.625 
v -365.403 95.5497 -421.625 
v -370.433 95.5497 -421.625 
v -365.403 95.5497 -421.375 
v -370.433 95.5497 -421.375 
v -365.403 93.5997 -421.625 
v -370.433 93.5997 -421.625 
v -365.403 95.5497 -421.625 
v -370.433 95.5497 -421.625 

vn -1 0 0 
vn -1 0 0 
vn -1 0 0 
vn -1 0 0 
vn 0 -1 0 
vn 0 -1 0 
vn 0 -1 0 
vn 0 -1 0 
vn 0 0 1 
vn 0 0 1 
vn 0 0 1 
vn 0 0 1 
vn 1 0 0 
vn 1 0 0 
vn 1 0 0 
vn 1 0 0 
vn 0 1 0 
vn 0 1 0 
vn 0 1 0 
vn 0 1 0 
vn 0 0 -1 
vn 0 0 -1 
vn 0 0 -1 
vn 0 0 -1 

vt 5.03125 -1.75 
vt 5 -1.75 
vt 5.03125 -1.99375 
vt 5 -1.99375 
vt 5.62875 -1.75 
vt 5 -1.75 
vt 5.62875 -1.78125 
vt 5 -1.78125 
vt 5.62875 -1.75 
vt 5 -1.75 
vt 5.62875 -1.99375 
vt 5 -1.99375 
vt 5.03125 -1.75 
vt 5 -1.75 
vt 5.03125 -1.99375 
vt 5 -1.99375 
vt 5.62875 -1.75 
vt 5 -1.75 
vt 5.62875 -1.78125 
vt 5 -1.78125 
vt 5.62875 -1.75 
vt 5 -1.75 
vt 5.62875 -1.99375 
vt 5 -1.99375 

usemtl Sign1Mtl

f 2333/2333/2333 2334/2334/2334 2335/2335/2335 
f 2335/2335/2335 2334/2334/2334 2336/2336/2336 
f 2337/2337/2337 2338/2338/2338 2339/2339/2339 
f 2339/2339/2339 2338/2338/2338 2340/2340/2340 
f 2341/2341/2341 2342/2342/2342 2343/2343/2343 
f 2343/2343/2343 2342/2342/2342 2344/2344/2344 
f 2345/2345/2345 2346/2346/2346 2347/2347/2347 
f 2347/2347/2347 2346/2346/2346 2348/2348/2348 
f 2349/2349/2349 2350/2350/2350 2351/2351/2351 
f 2351/2351/2351 2350/2350/2350 2352/2352/2352 
f 2353/2353/2353 2354/2354/2354 2355/2355/2355 
f 2355/2355/2355 2354/2354/2354 2356/2356/2356 

g Wedge18

v -365.423 92.4897 -421.665 
v -365.423 92.4897 -421.665 
v -363.423 94.4997 -421.665 
v -365.423 94.4997 -421.665 
v -365.423 92.4897 -421.665 
v -365.423 92.4897 -421.105 
v -365.423 94.4997 -421.665 
v -365.423 94.4997 -421.105 
v -365.423 92.4897 -421.105 
v -365.423 92.4897 -421.105 
v -365.423 94.4997 -421.105 
v -363.423 94.4997 -421.105 
v -363.423 94.4997 -421.105 
v -363.423 94.4997 -421.665 
v -365.423 94.4997 -421.105 
v -365.423 94.4997 -421.665 
v -365.423 92.4897 -421.105 
v -365.423 92.4897 -421.665 
v -363.423 94.4997 -421.105 
v -363.423 94.4997 -421.665 

vn 0 0 -1 
vn 0 0 -1 
vn 0 0 -1 
vn 0 0 -1 
vn -1 0 0 
vn -1 0 0 
vn -1 0 0 
vn -1 0 0 
vn 0 0 1 
vn 0 0 1 
vn 0 0 1 
vn 0 0 1 
vn 0 1 0 
vn 0 1 0 
vn 0 1 0 
vn 0 1 0 
vn 0.708661 -0.708661 0 
vn 0.708661 -0.708661 0 
vn 0.708661 -0.708661 0 
vn 0.708661 -0.708661 0 

vt 6.75 -0.5 
vt 6.75 -0.5 
vt 7 -0.75125 
vt 6.75 -0.75125 
vt 6.82 -0.5 
vt 6.75 -0.5 
vt 6.82 -0.75125 
vt 6.75 -0.75125 
vt 7 -0.5 
vt 7 -0.5 
vt 7 -0.75125 
vt 6.75 -0.75125 
vt 6.82 -0.5 
vt 6.75 -0.5 
vt 6.82 -0.75 
vt 6.75 -0.75 
vt 6.82 -0.5 
vt 6.75 -0.5 
vt 6.82 -0.854438 
vt 6.75 -0.854438 

usemtl Wedge1Mtl

f 2357/2357/2357 2358/2358/2358 2359/2359/2359 
f 2359/2359/2359 2358/2358/2358 2360/2360/2360 
f 2361/2361/2361 2362/2362/2362 2363/2363/2363 
f 2363/2363/2363 2362/2362/2362 2364/2364/2364 
f 2365/2365/2365 2366/2366/2366 2367/2367/2367 
f 2367/2367/2367 2366/2366/2366 2368/2368/2368 
f 2369/2369/2369 2370/2370/2370 2371/2371/2371 
f 2371/2371/2371 2370/2370/2370 2372/2372/2372 
f 2373/2373/2373 2374/2374/2374 2375/2375/2375 
f 2375/2375/2375 2374/2374/2374 2376/2376/2376 

g Part73

v -381.067 88.8266 -421.385 
v -381.067 102.48 -421.385 
v -352.789 88.8266 -421.385 
v -352.789 102.48 -421.385 
v -381.067 102.48 -417.903 
v -381.067 102.48 -421.385 
v -381.067 88.8266 -417.903 
v -381.067 88.8266 -421.385 
v -381.067 102.48 -421.385 
v -381.067 102.48 -417.903 
v -352.789 102.48 -421.385 
v -352.789 102.48 -417.903 
v -381.067 102.48 -417.903 
v -381.067 88.8266 -417.903 
v -352.789 102.48 -417.903 
v -352.789 88.8266 -417.903 
v -352.789 88.8266 -417.903 
v -352.789 88.8266 -421.385 
v -352.789 102.48 -417.903 
v -352.789 102.48 -421.385 
v -381.067 88.8266 -417.903 
v -381.067 88.8266 -421.385 
v -352.789 88.8266 -417.903 
v -352.789 88.8266 -421.385 

vn 0 0 -1 
vn 0 0 -1 
vn 0 0 -1 
vn 0 0 -1 
vn -1 0 0 
vn -1 0 0 
vn -1 0 0 
vn -1 0 0 
vn 0 1 0 
vn 0 1 0 
vn 0 1 0 
vn 0 1 0 
vn 0 0 1 
vn 0 0 1 
vn 0 0 1 
vn 0 0 1 
vn 1 0 0 
vn 1 0 0 
vn 1 0 0 
vn 1 0 0 
vn 0 -1 0 
vn 0 -1 0 
vn 0 -1 0 
vn 0 -1 0 

vt 3.43845 -0.970542 
vt 1.7318 -0.970542 
vt 3.43845 -4.50536 
vt 1.7318 -4.50536 
vt 2.167 -0.970542 
vt 1.7318 -0.970542 
vt 2.167 -2.67718 
vt 1.7318 -2.67718 
vt 2.167 -0.970542 
vt 1.7318 -0.970542 
vt 2.167 -4.50536 
vt 1.7318 -4.50536 
vt 3.43845 -0.970542 
vt 1.7318 -0.970542 
vt 3.43845 -4.50536 
vt 1.7318 -4.50536 
vt 2.167 -0.970542 
vt 1.7318 -0.970542 
vt 2.167 -2.67718 
vt 1.7318 -2.67718 
vt 2.167 -0.970542 
vt 1.7318 -0.970542 
vt 2.167 -4.50536 
vt 1.7318 -4.50536 

usemtl Part1Mtl

f 2377/2377/2377 2378/2378/2378 2379/2379/2379 
f 2379/2379/2379 2378/2378/2378 2380/2380/2380 
f 2381/2381/2381 2382/2382/2382 2383/2383/2383 
f 2383/2383/2383 2382/2382/2382 2384/2384/2384 
f 2385/2385/2385 2386/2386/2386 2387/2387/2387 
f 2387/2387/2387 2386/2386/2386 2388/2388/2388 
f 2389/2389/2389 2390/2390/2390 2391/2391/2391 
f 2391/2391/2391 2390/2390/2390 2392/2392/2392 
f 2393/2393/2393 2394/2394/2394 2395/2395/2395 
f 2395/2395/2395 2394/2394/2394 2396/2396/2396 
f 2397/2397/2397 2398/2398/2398 2399/2399/2399 
f 2399/2399/2399 2398/2398/2398 2400/2400/2400 

g Part74

v -357.193 88.8266 -289.564 
v -357.193 102.48 -289.564 
v -368.935 88.8266 -289.564 
v -368.935 102.48 -289.564 
v -357.193 102.48 -293.045 
v -357.193 102.48 -289.564 
v -357.193 88.8266 -293.045 
v -357.193 88.8266 -289.564 
v -357.193 102.48 -289.564 
v -357.193 102.48 -293.045 
v -368.935 102.48 -289.564 
v -368.935 102.48 -293.045 
v -357.193 102.48 -293.045 
v -357.193 88.8266 -293.045 
v -368.935 102.48 -293.045 
v -368.935 88.8266 -293.045 
v -368.935 88.8266 -293.045 
v -368.935 88.8266 -289.564 
v -368.935 102.48 -293.045 
v -368.935 102.48 -289.564 
v -357.193 88.8266 -293.045 
v -357.193 88.8266 -289.564 
v -368.935 88.8266 -293.045 
v -368.935 88.8266 -289.564 

vn 0 0 1 
vn 0 0 1 
vn 0 0 1 
vn 0 0 1 
vn 1 0 0 
vn 1 0 0 
vn 1 0 0 
vn 1 0 0 
vn 0 1 0 
vn 0 1 0 
vn 0 1 0 
vn 0 1 0 
vn 0 0 -1 
vn 0 0 -1 
vn 0 0 -1 
vn 0 0 -1 
vn -1 0 0 
vn -1 0 0 
vn -1 0 0 
vn -1 0 0 
vn 0 -1 0 
vn 0 -1 0 
vn 0 -1 0 
vn 0 -1 0 

vt 0.0939071 -0.204386 
vt -1.61273 -0.204386 
vt 0.0939071 -1.6721 
vt -1.61273 -1.6721 
vt -1.17754 -0.204386 
vt -1.61273 -0.204386 
vt -1.17754 -1.91103 
vt -1.61273 -1.91103 
vt -1.17754 -0.204386 
vt -1.61273 -0.204386 
vt -1.17754 -1.6721 
vt -1.61273 -1.6721 
vt 0.0939071 -0.204386 
vt -1.61273 -0.204386 
vt 0.0939071 -1.6721 
vt -1.61273 -1.6721 
vt -1.17754 -0.204386 
vt -1.61273 -0.204386 
vt -1.17754 -1.91103 
vt -1.61273 -1.91103 
vt -1.17754 -0.204386 
vt -1.61273 -0.204386 
vt -1.17754 -1.6721 
vt -1.61273 -1.6721 

usemtl Part1Mtl

f 2401/2401/2401 2402/2402/2402 2403/2403/2403 
f 2403/2403/2403 2402/2402/2402 2404/2404/2404 
f 2405/2405/2405 2406/2406/2406 2407/2407/2407 
f 2407/2407/2407 2406/2406/2406 2408/2408/2408 
f 2409/2409/2409 2410/2410/2410 2411/2411/2411 
f 2411/2411/2411 2410/2410/2410 2412/2412/2412 
f 2413/2413/2413 2414/2414/2414 2415/2415/2415 
f 2415/2415/2415 2414/2414/2414 2416/2416/2416 
f 2417/2417/2417 2418/2418/2418 2419/2419/2419 
f 2419/2419/2419 2418/2418/2418 2420/2420/2420 
f 2421/2421/2421 2422/2422/2422 2423/2423/2423 
f 2423/2423/2423 2422/2422/2422 2424/2424/2424 

g Part75

v -387.196 88.8266 -387.286 
v -387.196 102.48 -387.286 
v -383.1 88.8266 -387.286 
v -383.1 102.48 -387.286 
v -387.196 102.48 -368.854 
v -387.196 102.48 -387.286 
v -387.196 88.8266 -368.854 
v -387.196 88.8266 -387.286 
v -387.196 102.48 -387.286 
v -387.196 102.48 -368.854 
v -383.1 102.48 -387.286 
v -383.1 102.48 -368.854 
v -387.196 102.48 -368.854 
v -387.196 88.8266 -368.854 
v -383.1 102.48 -368.854 
v -383.1 88.8266 -368.854 
v -383.1 88.8266 -368.854 
v -383.1 88.8266 -387.286 
v -383.1 102.48 -368.854 
v -383.1 102.48 -387.286 
v -387.196 88.8266 -368.854 
v -387.196 88.8266 -387.286 
v -383.1 88.8266 -368.854 
v -383.1 88.8266 -387.286 

vn 0 0 -1 
vn 0 0 -1 
vn 0 0 -1 
vn 0 0 -1 
vn -1 0 0 
vn -1 0 0 
vn -1 0 0 
vn -1 0 0 
vn 0 1 0 
vn 0 1 0 
vn 0 1 0 
vn 0 1 0 
vn 0 0 1 
vn 0 0 1 
vn 0 0 1 
vn 0 0 1 
vn 1 0 0 
vn 1 0 0 
vn 1 0 0 
vn 1 0 0 
vn 0 -1 0 
vn 0 -1 0 
vn 0 -1 0 
vn 0 -1 0 

vt 1.12457 3.04173 
vt -0.582067 3.04173 
vt 1.12457 2.52973 
vt -0.582067 2.52973 
vt 1.7219 3.04173 
vt -0.582067 3.04173 
vt 1.7219 1.33509 
vt -0.582067 1.33509 
vt 1.7219 3.04173 
vt -0.582067 3.04173 
vt 1.7219 2.52973 
vt -0.582067 2.52973 
vt 1.12457 3.04173 
vt -0.582067 3.04173 
vt 1.12457 2.52973 
vt -0.582067 2.52973 
vt 1.7219 3.04173 
vt -0.582067 3.04173 
vt 1.7219 1.33509 
vt -0.582067 1.33509 
vt 1.7219 3.04173 
vt -0.582067 3.04173 
vt 1.7219 2.52973 
vt -0.582067 2.52973 

usemtl Part1Mtl

f 2425/2425/2425 2426/2426/2426 2427/2427/2427 
f 2427/2427/2427 2426/2426/2426 2428/2428/2428 
f 2429/2429/2429 2430/2430/2430 2431/2431/2431 
f 2431/2431/2431 2430/2430/2430 2432/2432/2432 
f 2433/2433/2433 2434/2434/2434 2435/2435/2435 
f 2435/2435/2435 2434/2434/2434 2436/2436/2436 
f 2437/2437/2437 2438/2438/2438 2439/2439/2439 
f 2439/2439/2439 2438/2438/2438 2440/2440/2440 
f 2441/2441/2441 2442/2442/2442 2443/2443/2443 
f 2443/2443/2443 2442/2442/2442 2444/2444/2444 
f 2445/2445/2445 2446/2446/2446 2447/2447/2447 
f 2447/2447/2447 2446/2446/2446 2448/2448/2448 

g Part76

v -340.775 88.8266 -448.725 
v -340.775 102.48 -448.725 
v -340.775 88.8266 -444.629 
v -340.775 102.48 -444.629 
v -361.255 102.48 -448.725 
v -340.775 102.48 -448.725 
v -361.255 88.8266 -448.725 
v -340.775 88.8266 -448.725 
v -340.775 102.48 -448.725 
v -361.255 102.48 -448.725 
v -340.775 102.48 -444.629 
v -361.255 102.48 -444.629 
v -361.255 102.48 -448.725 
v -361.255 88.8266 -448.725 
v -361.255 102.48 -444.629 
v -361.255 88.8266 -444.629 
v -361.255 88.8266 -444.629 
v -340.775 88.8266 -444.629 
v -361.255 102.48 -444.629 
v -340.775 102.48 -444.629 
v -361.255 88.8266 -448.725 
v -340.775 88.8266 -448.725 
v -361.255 88.8266 -444.629 
v -340.775 88.8266 -444.629 

vn 1 0 0 
vn 1 0 0 
vn 1 0 0 
vn 1 0 0 
vn 0 0 -1 
vn 0 0 -1 
vn 0 0 -1 
vn 0 0 -1 
vn 0 1 0 
vn 0 1 0 
vn 0 1 0 
vn 0 1 0 
vn -1 0 0 
vn -1 0 0 
vn -1 0 0 
vn -1 0 0 
vn 0 0 1 
vn 0 0 1 
vn 0 0 1 
vn 0 0 1 
vn 0 -1 0 
vn 0 -1 0 
vn 0 -1 0 
vn 0 -1 0 

vt -0.164896 -1.20353 
vt -1.87154 -1.20353 
vt -0.164896 -1.71553 
vt -1.87154 -1.71553 
vt 0.688425 -1.20353 
vt -1.87154 -1.20353 
vt 0.688425 -2.91017 
vt -1.87154 -2.91017 
vt 0.688425 -1.20353 
vt -1.87154 -1.20353 
vt 0.688425 -1.71553 
vt -1.87154 -1.71553 
vt -0.164896 -1.20353 
vt -1.87154 -1.20353 
vt -0.164896 -1.71553 
vt -1.87154 -1.71553 
vt 0.688425 -1.20353 
vt -1.87154 -1.20353 
vt 0.688425 -2.91017 
vt -1.87154 -2.91017 
vt 0.688425 -1.20353 
vt -1.87154 -1.20353 
vt 0.688425 -1.71553 
vt -1.87154 -1.71553 

usemtl Part1Mtl

f 2449/2449/2449 2450/2450/2450 2451/2451/2451 
f 2451/2451/2451 2450/2450/2450 2452/2452/2452 
f 2453/2453/2453 2454/2454/2454 2455/2455/2455 
f 2455/2455/2455 2454/2454/2454 2456/2456/2456 
f 2457/2457/2457 2458/2458/2458 2459/2459/2459 
f 2459/2459/2459 2458/2458/2458 2460/2460/2460 
f 2461/2461/2461 2462/2462/2462 2463/2463/2463 
f 2463/2463/2463 2462/2462/2462 2464/2464/2464 
f 2465/2465/2465 2466/2466/2466 2467/2467/2467 
f 2467/2467/2467 2466/2466/2466 2468/2468/2468 
f 2469/2469/2469 2470/2470/2470 2471/2471/2471 
f 2471/2471/2471 2470/2470/2470 2472/2472/2472 

g Exit1

v -348.775 89.8266 -440.725 
v -348.775 89.8266 -434.725 
v -348.775 88.8266 -440.725 
v -348.775 88.8266 -434.725 
v -357.775 89.8266 -434.725 
v -348.775 89.8266 -434.725 
v -357.775 89.8266 -440.725 
v -348.775 89.8266 -440.725 
v -348.775 89.8266 -434.725 
v -357.775 89.8266 -434.725 
v -348.775 88.8266 -434.725 
v -357.775 88.8266 -434.725 
v -357.775 89.8266 -434.725 
v -357.775 89.8266 -440.725 
v -357.775 88.8266 -434.725 
v -357.775 88.8266 -440.725 
v -357.775 88.8266 -440.725 
v -348.775 88.8266 -440.725 
v -357.775 88.8266 -434.725 
v -348.775 88.8266 -434.725 
v -357.775 89.8266 -440.725 
v -348.775 89.8266 -440.725 
v -357.775 88.8266 -440.725 
v -348.775 88.8266 -440.725 

vn 1 0 0 
vn 1 0 0 
vn 1 0 0 
vn 1 0 0 
vn 0 1 0 
vn 0 1 0 
vn 0 1 0 
vn 0 1 0 
vn 0 0 1 
vn 0 0 1 
vn 0 0 1 
vn 0 0 1 
vn -1 0 0 
vn -1 0 0 
vn -1 0 0 
vn -1 0 0 
vn 0 -1 0 
vn 0 -1 0 
vn 0 -1 0 
vn 0 -1 0 
vn 0 0 -1 
vn 0 0 -1 
vn 0 0 -1 
vn 0 0 -1 

vt 1.75 -4.25 
vt 1 -4.25 
vt 1.75 -4.375 
vt 1 -4.375 
vt 2.125 -4.25 
vt 1 -4.25 
vt 2.125 -5 
vt 1 -5 
vt 2.125 -4.25 
vt 1 -4.25 
vt 2.125 -4.375 
vt 1 -4.375 
vt 1.75 -4.25 
vt 1 -4.25 
vt 1.75 -4.375 
vt 1 -4.375 
vt 2.125 -4.25 
vt 1 -4.25 
vt 2.125 -5 
vt 1 -5 
vt 2.125 -4.25 
vt 1 -4.25 
vt 2.125 -4.375 
vt 1 -4.375 

usemtl Exit1Mtl

f 2473/2473/2473 2474/2474/2474 2475/2475/2475 
f 2475/2475/2475 2474/2474/2474 2476/2476/2476 
f 2477/2477/2477 2478/2478/2478 2479/2479/2479 
f 2479/2479/2479 2478/2478/2478 2480/2480/2480 
f 2481/2481/2481 2482/2482/2482 2483/2483/2483 
f 2483/2483/2483 2482/2482/2482 2484/2484/2484 
f 2485/2485/2485 2486/2486/2486 2487/2487/2487 
f 2487/2487/2487 2486/2486/2486 2488/2488/2488 
f 2489/2489/2489 2490/2490/2490 2491/2491/2491 
f 2491/2491/2491 2490/2490/2490 2492/2492/2492 
f 2493/2493/2493 2494/2494/2494 2495/2495/2495 
f 2495/2495/2495 2494/2494/2494 2496/2496/2496 

g Part77

v -387.947 88.8266 -292.26 
v -387.947 102.48 -292.26 
v -387.947 88.8266 -309.463 
v -387.947 102.48 -309.463 
v -384.465 102.48 -292.26 
v -387.947 102.48 -292.26 
v -384.465 88.8266 -292.26 
v -387.947 88.8266 -292.26 
v -387.947 102.48 -292.26 
v -384.465 102.48 -292.26 
v -387.947 102.48 -309.463 
v -384.465 102.48 -309.463 
v -384.465 102.48 -292.26 
v -384.465 88.8266 -292.26 
v -384.465 102.48 -309.463 
v -384.465 88.8266 -309.463 
v -384.465 88.8266 -309.463 
v -387.947 88.8266 -309.463 
v -384.465 102.48 -309.463 
v -387.947 102.48 -309.463 
v -384.465 88.8266 -292.26 
v -387.947 88.8266 -292.26 
v -384.465 88.8266 -309.463 
v -387.947 88.8266 -309.463 

vn -1 0 0 
vn -1 0 0 
vn -1 0 0 
vn -1 0 0 
vn 0 0 1 
vn 0 0 1 
vn 0 0 1 
vn 0 0 1 
vn 0 1 0 
vn 0 1 0 
vn 0 1 0 
vn 0 1 0 
vn 1 0 0 
vn 1 0 0 
vn 1 0 0 
vn 1 0 0 
vn 0 0 -1 
vn 0 0 -1 
vn 0 0 -1 
vn 0 0 -1 
vn 0 -1 0 
vn 0 -1 0 
vn 0 -1 0 
vn 0 -1 0 

vt 0.766275 2.25499 
vt -0.940365 2.25499 
vt 0.766275 0.104625 
vt -0.940365 0.104625 
vt -0.505172 2.25499 
vt -0.940365 2.25499 
vt -0.505172 0.548352 
vt -0.940365 0.548352 
vt -0.505172 2.25499 
vt -0.940365 2.25499 
vt -0.505172 0.104625 
vt -0.940365 0.104625 
vt 0.766275 2.25499 
vt -0.940365 2.25499 
vt 0.766275 0.104625 
vt -0.940365 0.104625 
vt -0.505172 2.25499 
vt -0.940365 2.25499 
vt -0.505172 0.548352 
vt -0.940365 0.548352 
vt -0.505172 2.25499 
vt -0.940365 2.25499 
vt -0.505172 0.104625 
vt -0.940365 0.104625 

usemtl Part1Mtl

f 2497/2497/2497 2498/2498/2498 2499/2499/2499 
f 2499/2499/2499 2498/2498/2498 2500/2500/2500 
f 2501/2501/2501 2502/2502/2502 2503/2503/2503 
f 2503/2503/2503 2502/2502/2502 2504/2504/2504 
f 2505/2505/2505 2506/2506/2506 2507/2507/2507 
f 2507/2507/2507 2506/2506/2506 2508/2508/2508 
f 2509/2509/2509 2510/2510/2510 2511/2511/2511 
f 2511/2511/2511 2510/2510/2510 2512/2512/2512 
f 2513/2513/2513 2514/2514/2514 2515/2515/2515 
f 2515/2515/2515 2514/2514/2514 2516/2516/2516 
f 2517/2517/2517 2518/2518/2518 2519/2519/2519 
f 2519/2519/2519 2518/2518/2518 2520/2520/2520 

g Part78

v -356.476 88.8266 -412.544 
v -356.476 102.48 -412.544 
v -352.38 88.8266 -412.544 
v -352.38 102.48 -412.544 
v -356.476 102.48 -398.891 
v -356.476 102.48 -412.544 
v -356.476 88.8266 -398.891 
v -356.476 88.8266 -412.544 
v -356.476 102.48 -412.544 
v -356.476 102.48 -398.891 
v -352.38 102.48 -412.544 
v -352.38 102.48 -398.891 
v -356.476 102.48 -398.891 
v -356.476 88.8266 -398.891 
v -352.38 102.48 -398.891 
v -352.38 88.8266 -398.891 
v -352.38 88.8266 -398.891 
v -352.38 88.8266 -412.544 
v -352.38 102.48 -398.891 
v -352.38 102.48 -412.544 
v -356.476 88.8266 -398.891 
v -356.476 88.8266 -412.544 
v -352.38 88.8266 -398.891 
v -352.38 88.8266 -412.544 

vn 0 0 -1 
vn 0 0 -1 
vn 0 0 -1 
vn 0 0 -1 
vn -1 0 0 
vn -1 0 0 
vn -1 0 0 
vn -1 0 0 
vn 0 1 0 
vn 0 1 0 
vn 0 1 0 
vn 0 1 0 
vn 0 0 1 
vn 0 0 1 
vn 0 0 1 
vn 0 0 1 
vn 1 0 0 
vn 1 0 0 
vn 1 0 0 
vn 1 0 0 
vn 0 -1 0 
vn 0 -1 0 
vn 0 -1 0 
vn 0 -1 0 

vt 0.846664 0.192096 
vt -0.859976 0.192096 
vt 0.846664 -0.319896 
vt -0.859976 -0.319896 
vt 0.846664 0.192096 
vt -0.859976 0.192096 
vt 0.846664 -1.51454 
vt -0.859976 -1.51454 
vt 0.846664 0.192096 
vt -0.859976 0.192096 
vt 0.846664 -0.319896 
vt -0.859976 -0.319896 
vt 0.846664 0.192096 
vt -0.859976 0.192096 
vt 0.846664 -0.319896 
vt -0.859976 -0.319896 
vt 0.846664 0.192096 
vt -0.859976 0.192096 
vt 0.846664 -1.51454 
vt -0.859976 -1.51454 
vt 0.846664 0.192096 
vt -0.859976 0.192096 
vt 0.846664 -0.319896 
vt -0.859976 -0.319896 

usemtl Part1Mtl

f 2521/2521/2521 2522/2522/2522 2523/2523/2523 
f 2523/2523/2523 2522/2522/2522 2524/2524/2524 
f 2525/2525/2525 2526/2526/2526 2527/2527/2527 
f 2527/2527/2527 2526/2526/2526 2528/2528/2528 
f 2529/2529/2529 2530/2530/2530 2531/2531/2531 
f 2531/2531/2531 2530/2530/2530 2532/2532/2532 
f 2533/2533/2533 2534/2534/2534 2535/2535/2535 
f 2535/2535/2535 2534/2534/2534 2536/2536/2536 
f 2537/2537/2537 2538/2538/2538 2539/2539/2539 
f 2539/2539/2539 2538/2538/2538 2540/2540/2540 
f 2541/2541/2541 2542/2542/2542 2543/2543/2543 
f 2543/2543/2543 2542/2542/2542 2544/2544/2544 

g Part79

v -370.778 88.8266 -308.678 
v -370.778 102.48 -308.678 
v -415.287 88.8266 -308.678 
v -415.287 102.48 -308.678 
v -370.778 102.48 -312.16 
v -370.778 102.48 -308.678 
v -370.778 88.8266 -312.16 
v -370.778 88.8266 -308.678 
v -370.778 102.48 -308.678 
v -370.778 102.48 -312.16 
v -415.287 102.48 -308.678 
v -415.287 102.48 -312.16 
v -370.778 102.48 -312.16 
v -370.778 88.8266 -312.16 
v -415.287 102.48 -312.16 
v -415.287 88.8266 -312.16 
v -415.287 88.8266 -312.16 
v -415.287 88.8266 -308.678 
v -415.287 102.48 -312.16 
v -415.287 102.48 -308.678 
v -370.778 88.8266 -312.16 
v -370.778 88.8266 -308.678 
v -415.287 88.8266 -312.16 
v -415.287 88.8266 -308.678 

vn 0 0 1 
vn 0 0 1 
vn 0 0 1 
vn 0 0 1 
vn 1 0 0 
vn 1 0 0 
vn 1 0 0 
vn 1 0 0 
vn 0 1 0 
vn 0 1 0 
vn 0 1 0 
vn 0 1 0 
vn 0 0 -1 
vn 0 0 -1 
vn 0 0 -1 
vn 0 0 -1 
vn -1 0 0 
vn -1 0 0 
vn -1 0 0 
vn -1 0 0 
vn 0 -1 0 
vn 0 -1 0 
vn 0 -1 0 
vn 0 -1 0 

vt -0.500895 -2.75728 
vt -2.20754 -2.75728 
vt -0.500895 -8.32092 
vt -2.20754 -8.32092 
vt -1.77234 -2.75728 
vt -2.20754 -2.75728 
vt -1.77234 -4.46392 
vt -2.20754 -4.46392 
vt -1.77234 -2.75728 
vt -2.20754 -2.75728 
vt -1.77234 -8.32092 
vt -2.20754 -8.32092 
vt -0.500895 -2.75728 
vt -2.20754 -2.75728 
vt -0.500895 -8.32092 
vt -2.20754 -8.32092 
vt -1.77234 -2.75728 
vt -2.20754 -2.75728 
vt -1.77234 -4.46392 
vt -2.20754 -4.46392 
vt -1.77234 -2.75728 
vt -2.20754 -2.75728 
vt -1.77234 -8.32092 
vt -2.20754 -8.32092 

usemtl Part1Mtl

f 2545/2545/2545 2546/2546/2546 2547/2547/2547 
f 2547/2547/2547 2546/2546/2546 2548/2548/2548 
f 2549/2549/2549 2550/2550/2550 2551/2551/2551 
f 2551/2551/2551 2550/2550/2550 2552/2552/2552 
f 2553/2553/2553 2554/2554/2554 2555/2555/2555 
f 2555/2555/2555 2554/2554/2554 2556/2556/2556 
f 2557/2557/2557 2558/2558/2558 2559/2559/2559 
f 2559/2559/2559 2558/2558/2558 2560/2560/2560 
f 2561/2561/2561 2562/2562/2562 2563/2563/2563 
f 2563/2563/2563 2562/2562/2562 2564/2564/2564 
f 2565/2565/2565 2566/2566/2566 2567/2567/2567 
f 2567/2567/2567 2566/2566/2566 2568/2568/2568 

g Part80

v -387.947 88.8266 -311.375 
v -387.947 102.48 -311.375 
v -387.947 88.8266 -323.799 
v -387.947 102.48 -323.799 
v -384.465 102.48 -311.375 
v -387.947 102.48 -311.375 
v -384.465 88.8266 -311.375 
v -387.947 88.8266 -311.375 
v -387.947 102.48 -311.375 
v -384.465 102.48 -311.375 
v -387.947 102.48 -323.799 
v -384.465 102.48 -323.799 
v -384.465 102.48 -311.375 
v -384.465 88.8266 -311.375 
v -384.465 102.48 -323.799 
v -384.465 88.8266 -323.799 
v -384.465 88.8266 -323.799 
v -387.947 88.8266 -323.799 
v -384.465 102.48 -323.799 
v -387.947 102.48 -323.799 
v -384.465 88.8266 -311.375 
v -387.947 88.8266 -311.375 
v -384.465 88.8266 -323.799 
v -387.947 88.8266 -323.799 

vn -1 0 0 
vn -1 0 0 
vn -1 0 0 
vn -1 0 0 
vn 0 0 1 
vn 0 0 1 
vn 0 0 1 
vn 0 0 1 
vn 0 1 0 
vn 0 1 0 
vn 0 1 0 
vn 0 1 0 
vn 1 0 0 
vn 1 0 0 
vn 1 0 0 
vn 1 0 0 
vn 0 0 -1 
vn 0 0 -1 
vn 0 0 -1 
vn 0 0 -1 
vn 0 -1 0 
vn 0 -1 0 
vn 0 -1 0 
vn 0 -1 0 

vt 3.5083 0.862839 
vt 1.80166 0.862839 
vt 3.5083 -0.690204 
vt 1.80166 -0.690204 
vt 2.23686 0.862839 
vt 1.80166 0.862839 
vt 2.23686 -0.843802 
vt 1.80166 -0.843802 
vt 2.23686 0.862839 
vt 1.80166 0.862839 
vt 2.23686 -0.690204 
vt 1.80166 -0.690204 
vt 3.5083 0.862839 
vt 1.80166 0.862839 
vt 3.5083 -0.690204 
vt 1.80166 -0.690204 
vt 2.23686 0.862839 
vt 1.80166 0.862839 
vt 2.23686 -0.843802 
vt 1.80166 -0.843802 
vt 2.23686 0.862839 
vt 1.80166 0.862839 
vt 2.23686 -0.690204 
vt 1.80166 -0.690204 

usemtl Part1Mtl

f 2569/2569/2569 2570/2570/2570 2571/2571/2571 
f 2571/2571/2571 2570/2570/2570 2572/2572/2572 
f 2573/2573/2573 2574/2574/2574 2575/2575/2575 
f 2575/2575/2575 2574/2574/2574 2576/2576/2576 
f 2577/2577/2577 2578/2578/2578 2579/2579/2579 
f 2579/2579/2579 2578/2578/2578 2580/2580/2580 
f 2581/2581/2581 2582/2582/2582 2583/2583/2583 
f 2583/2583/2583 2582/2582/2582 2584/2584/2584 
f 2585/2585/2585 2586/2586/2586 2587/2587/2587 
f 2587/2587/2587 2586/2586/2586 2588/2588/2588 
f 2589/2589/2589 2590/2590/2590 2591/2591/2591 
f 2591/2591/2591 2590/2590/2590 2592/2592/2592 

g Part81

v -360.64 88.8266 -292.895 
v -360.64 102.48 -292.895 
v -360.64 88.8266 -323.799 
v -360.64 102.48 -323.799 
v -357.159 102.48 -292.895 
v -360.64 102.48 -292.895 
v -357.159 88.8266 -292.895 
v -360.64 88.8266 -292.895 
v -360.64 102.48 -292.895 
v -357.159 102.48 -292.895 
v -360.64 102.48 -323.799 
v -357.159 102.48 -323.799 
v -357.159 102.48 -292.895 
v -357.159 88.8266 -292.895 
v -357.159 102.48 -323.799 
v -357.159 88.8266 -323.799 
v -357.159 88.8266 -323.799 
v -360.64 88.8266 -323.799 
v -357.159 102.48 -323.799 
v -360.64 102.48 -323.799 
v -357.159 88.8266 -292.895 
v -360.64 88.8266 -292.895 
v -357.159 88.8266 -323.799 
v -360.64 88.8266 -323.799 

vn -1 0 0 
vn -1 0 0 
vn -1 0 0 
vn -1 0 0 
vn 0 0 1 
vn 0 0 1 
vn 0 0 1 
vn 0 0 1 
vn 0 1 0 
vn 0 1 0 
vn 0 1 0 
vn 0 1 0 
vn 1 0 0 
vn 1 0 0 
vn 1 0 0 
vn 1 0 0 
vn 0 0 -1 
vn 0 0 -1 
vn 0 0 -1 
vn 0 0 -1 
vn 0 -1 0 
vn 0 -1 0 
vn 0 -1 0 
vn 0 -1 0 

vt 2.94256 -0.95422 
vt 1.23592 -0.95422 
vt 2.94256 -4.81722 
vt 1.23592 -4.81722 
vt 1.67111 -0.95422 
vt 1.23592 -0.95422 
vt 1.67111 -2.66086 
vt 1.23592 -2.66086 
vt 1.67111 -0.95422 
vt 1.23592 -0.95422 
vt 1.67111 -4.81722 
vt 1.23592 -4.81722 
vt 2.94256 -0.95422 
vt 1.23592 -0.95422 
vt 2.94256 -4.81722 
vt 1.23592 -4.81722 
vt 1.67111 -0.95422 
vt 1.23592 -0.95422 
vt 1.67111 -2.66086 
vt 1.23592 -2.66086 
vt 1.67111 -0.95422 
vt 1.23592 -0.95422 
vt 1.67111 -4.81722 
vt 1.23592 -4.81722 

usemtl Part1Mtl

f 2593/2593/2593 2594/2594/2594 2595/2595/2595 
f 2595/2595/2595 2594/2594/2594 2596/2596/2596 
f 2597/2597/2597 2598/2598/2598 2599/2599/2599 
f 2599/2599/2599 2598/2598/2598 2600/2600/2600 
f 2601/2601/2601 2602/2602/2602 2603/2603/2603 
f 2603/2603/2603 2602/2602/2602 2604/2604/2604 
f 2605/2605/2605 2606/2606/2606 2607/2607/2607 
f 2607/2607/2607 2606/2606/2606 2608/2608/2608 
f 2609/2609/2609 2610/2610/2610 2611/2611/2611 
f 2611/2611/2611 2610/2610/2610 2612/2612/2612 
f 2613/2613/2613 2614/2614/2614 2615/2615/2615 
f 2615/2615/2615 2614/2614/2614 2616/2616/2616 

g Part82

v -384.533 88.8266 -339.45 
v -384.533 102.48 -339.45 
v -384.533 88.8266 -359.98 
v -384.533 102.48 -359.98 
v -381.052 102.48 -339.45 
v -384.533 102.48 -339.45 
v -381.052 88.8266 -339.45 
v -384.533 88.8266 -339.45 
v -384.533 102.48 -339.45 
v -381.052 102.48 -339.45 
v -384.533 102.48 -359.98 
v -381.052 102.48 -359.98 
v -381.052 102.48 -339.45 
v -381.052 88.8266 -339.45 
v -381.052 102.48 -359.98 
v -381.052 88.8266 -359.98 
v -381.052 88.8266 -359.98 
v -384.533 88.8266 -359.98 
v -381.052 102.48 -359.98 
v -384.533 102.48 -359.98 
v -381.052 88.8266 -339.45 
v -384.533 88.8266 -339.45 
v -381.052 88.8266 -359.98 
v -384.533 88.8266 -359.98 

vn -1 0 0 
vn -1 0 0 
vn -1 0 0 
vn -1 0 0 
vn 0 0 1 
vn 0 0 1 
vn 0 0 1 
vn 0 0 1 
vn 0 1 0 
vn 0 1 0 
vn 0 1 0 
vn 0 1 0 
vn 1 0 0 
vn 1 0 0 
vn 1 0 0 
vn 1 0 0 
vn 0 0 -1 
vn 0 0 -1 
vn 0 0 -1 
vn 0 0 -1 
vn 0 -1 0 
vn 0 -1 0 
vn 0 -1 0 
vn 0 -1 0 

vt 2.4079 1.71892 
vt 0.70126 1.71892 
vt 2.4079 -0.847268 
vt 0.70126 -0.847268 
vt 1.13645 1.71892 
vt 0.70126 1.71892 
vt 1.13645 0.012279 
vt 0.70126 0.012279 
vt 1.13645 1.71892 
vt 0.70126 1.71892 
vt 1.13645 -0.847268 
vt 0.70126 -0.847268 
vt 2.4079 1.71892 
vt 0.70126 1.71892 
vt 2.4079 -0.847268 
vt 0.70126 -0.847268 
vt 1.13645 1.71892 
vt 0.70126 1.71892 
vt 1.13645 0.012279 
vt 0.70126 0.012279 
vt 1.13645 1.71892 
vt 0.70126 1.71892 
vt 1.13645 -0.847268 
vt 0.70126 -0.847268 

usemtl Part1Mtl

f 2617/2617/2617 2618/2618/2618 2619/2619/2619 
f 2619/2619/2619 2618/2618/2618 2620/2620/2620 
f 2621/2621/2621 2622/2622/2622 2623/2623/2623 
f 2623/2623/2623 2622/2622/2622 2624/2624/2624 
f 2625/2625/2625 2626/2626/2626 2627/2627/2627 
f 2627/2627/2627 2626/2626/2626 2628/2628/2628 
f 2629/2629/2629 2630/2630/2630 2631/2631/2631 
f 2631/2631/2631 2630/2630/2630 2632/2632/2632 
f 2633/2633/2633 2634/2634/2634 2635/2635/2635 
f 2635/2635/2635 2634/2634/2634 2636/2636/2636 
f 2637/2637/2637 2638/2638/2638 2639/2639/2639 
f 2639/2639/2639 2638/2638/2638 2640/2640/2640 

g Part83

v -383.196 88.8266 -368.854 
v -383.196 102.48 -368.854 
v -383.196 88.8266 -372.95 
v -383.196 102.48 -372.95 
v -368.764 102.48 -368.854 
v -383.196 102.48 -368.854 
v -368.764 88.8266 -368.854 
v -383.196 88.8266 -368.854 
v -383.196 102.48 -368.854 
v -368.764 102.48 -368.854 
v -383.196 102.48 -372.95 
v -368.764 102.48 -372.95 
v -368.764 102.48 -368.854 
v -368.764 88.8266 -368.854 
v -368.764 102.48 -372.95 
v -368.764 88.8266 -372.95 
v -368.764 88.8266 -372.95 
v -383.196 88.8266 -372.95 
v -368.764 102.48 -372.95 
v -383.196 102.48 -372.95 
v -368.764 88.8266 -368.854 
v -383.196 88.8266 -368.854 
v -368.764 88.8266 -372.95 
v -383.196 88.8266 -372.95 

vn -1 0 0 
vn -1 0 0 
vn -1 0 0 
vn -1 0 0 
vn 0 0 1 
vn 0 0 1 
vn 0 0 1 
vn 0 0 1 
vn 0 1 0 
vn 0 1 0 
vn 0 1 0 
vn 0 1 0 
vn 1 0 0 
vn 1 0 0 
vn 1 0 0 
vn 1 0 0 
vn 0 0 -1 
vn 0 0 -1 
vn 0 0 -1 
vn 0 0 -1 
vn 0 -1 0 
vn 0 -1 0 
vn 0 -1 0 
vn 0 -1 0 

vt 1.41694 2.57545 
vt -0.289699 2.57545 
vt 1.41694 2.06346 
vt -0.289699 2.06346 
vt 1.51427 2.57545 
vt -0.289699 2.57545 
vt 1.51427 0.86881 
vt -0.289699 0.86881 
vt 1.51427 2.57545 
vt -0.289699 2.57545 
vt 1.51427 2.06346 
vt -0.289699 2.06346 
vt 1.41694 2.57545 
vt -0.289699 2.57545 
vt 1.41694 2.06346 
vt -0.289699 2.06346 
vt 1.51427 2.57545 
vt -0.289699 2.57545 
vt 1.51427 0.86881 
vt -0.289699 0.86881 
vt 1.51427 2.57545 
vt -0.289699 2.57545 
vt 1.51427 2.06346 
vt -0.289699 2.06346 

usemtl Part1Mtl

f 2641/2641/2641 2642/2642/2642 2643/2643/2643 
f 2643/2643/2643 2642/2642/2642 2644/2644/2644 
f 2645/2645/2645 2646/2646/2646 2647/2647/2647 
f 2647/2647/2647 2646/2646/2646 2648/2648/2648 
f 2649/2649/2649 2650/2650/2650 2651/2651/2651 
f 2651/2651/2651 2650/2650/2650 2652/2652/2652 
f 2653/2653/2653 2654/2654/2654 2655/2655/2655 
f 2655/2655/2655 2654/2654/2654 2656/2656/2656 
f 2657/2657/2657 2658/2658/2658 2659/2659/2659 
f 2659/2659/2659 2658/2658/2658 2660/2660/2660 
f 2661/2661/2661 2662/2662/2662 2663/2663/2663 
f 2663/2663/2663 2662/2662/2662 2664/2664/2664 

g Part84

v -357.193 88.8266 -323.697 
v -357.193 102.48 -323.697 
v -403.067 88.8266 -323.697 
v -403.067 102.48 -323.697 
v -357.193 102.48 -327.178 
v -357.193 102.48 -323.697 
v -357.193 88.8266 -327.178 
v -357.193 88.8266 -323.697 
v -357.193 102.48 -323.697 
v -357.193 102.48 -327.178 
v -403.067 102.48 -323.697 
v -403.067 102.48 -327.178 
v -357.193 102.48 -327.178 
v -357.193 88.8266 -327.178 
v -403.067 102.48 -327.178 
v -403.067 88.8266 -327.178 
v -403.067 88.8266 -327.178 
v -403.067 88.8266 -323.697 
v -403.067 102.48 -327.178 
v -403.067 102.48 -323.697 
v -357.193 88.8266 -327.178 
v -357.193 88.8266 -323.697 
v -403.067 88.8266 -327.178 
v -403.067 88.8266 -323.697 

vn 0 0 1 
vn 0 0 1 
vn 0 0 1 
vn 0 0 1 
vn 1 0 0 
vn 1 0 0 
vn 1 0 0 
vn 1 0 0 
vn 0 1 0 
vn 0 1 0 
vn 0 1 0 
vn 0 1 0 
vn 0 0 -1 
vn 0 0 -1 
vn 0 0 -1 
vn 0 0 -1 
vn -1 0 0 
vn -1 0 0 
vn -1 0 0 
vn -1 0 0 
vn 0 -1 0 
vn 0 -1 0 
vn 0 -1 0 
vn 0 -1 0 

vt 2.72522 -1.57804 
vt 1.01858 -1.57804 
vt 2.72522 -7.31236 
vt 1.01858 -7.31236 
vt 1.45378 -1.57804 
vt 1.01858 -1.57804 
vt 1.45378 -3.28468 
vt 1.01858 -3.28468 
vt 1.45378 -1.57804 
vt 1.01858 -1.57804 
vt 1.45378 -7.31236 
vt 1.01858 -7.31236 
vt 2.72522 -1.57804 
vt 1.01858 -1.57804 
vt 2.72522 -7.31236 
vt 1.01858 -7.31236 
vt 1.45378 -1.57804 
vt 1.01858 -1.57804 
vt 1.45378 -3.28468 
vt 1.01858 -3.28468 
vt 1.45378 -1.57804 
vt 1.01858 -1.57804 
vt 1.45378 -7.31236 
vt 1.01858 -7.31236 

usemtl Part1Mtl

f 2665/2665/2665 2666/2666/2666 2667/2667/2667 
f 2667/2667/2667 2666/2666/2666 2668/2668/2668 
f 2669/2669/2669 2670/2670/2670 2671/2671/2671 
f 2671/2671/2671 2670/2670/2670 2672/2672/2672 
f 2673/2673/2673 2674/2674/2674 2675/2675/2675 
f 2675/2675/2675 2674/2674/2674 2676/2676/2676 
f 2677/2677/2677 2678/2678/2678 2679/2679/2679 
f 2679/2679/2679 2678/2678/2678 2680/2680/2680 
f 2681/2681/2681 2682/2682/2682 2683/2683/2683 
f 2683/2683/2683 2682/2682/2682 2684/2684/2684 
f 2685/2685/2685 2686/2686/2686 2687/2687/2687 
f 2687/2687/2687 2686/2686/2686 2688/2688/2688 

g Part85

v -370.778 88.8266 -335.984 
v -370.778 102.48 -335.984 
v -394.807 88.8266 -335.984 
v -394.807 102.48 -335.984 
v -370.778 102.48 -339.466 
v -370.778 102.48 -335.984 
v -370.778 88.8266 -339.466 
v -370.778 88.8266 -335.984 
v -370.778 102.48 -335.984 
v -370.778 102.48 -339.466 
v -394.807 102.48 -335.984 
v -394.807 102.48 -339.466 
v -370.778 102.48 -339.466 
v -370.778 88.8266 -339.466 
v -394.807 102.48 -339.466 
v -394.807 88.8266 -339.466 
v -394.807 88.8266 -339.466 
v -394.807 88.8266 -335.984 
v -394.807 102.48 -339.466 
v -394.807 102.48 -335.984 
v -370.778 88.8266 -339.466 
v -370.778 88.8266 -335.984 
v -394.807 88.8266 -339.466 
v -394.807 88.8266 -335.984 

vn 0 0 1 
vn 0 0 1 
vn 0 0 1 
vn 0 0 1 
vn 1 0 0 
vn 1 0 0 
vn 1 0 0 
vn 1 0 0 
vn 0 1 0 
vn 0 1 0 
vn 0 1 0 
vn 0 1 0 
vn 0 0 -1 
vn 0 0 -1 
vn 0 0 -1 
vn 0 0 -1 
vn -1 0 0 
vn -1 0 0 
vn -1 0 0 
vn -1 0 0 
vn 0 -1 0 
vn 0 -1 0 
vn 0 -1 0 
vn 0 -1 0 

vt 3.39089 2.53675 
vt 1.68425 2.53675 
vt 3.39089 -0.466941 
vt 1.68425 -0.466941 
vt 2.11944 2.53675 
vt 1.68425 2.53675 
vt 2.11944 0.830106 
vt 1.68425 0.830106 
vt 2.11944 2.53675 
vt 1.68425 2.53675 
vt 2.11944 -0.466941 
vt 1.68425 -0.466941 
vt 3.39089 2.53675 
vt 1.68425 2.53675 
vt 3.39089 -0.466941 
vt 1.68425 -0.466941 
vt 2.11944 2.53675 
vt 1.68425 2.53675 
vt 2.11944 0.830106 
vt 1.68425 0.830106 
vt 2.11944 2.53675 
vt 1.68425 2.53675 
vt 2.11944 -0.466941 
vt 1.68425 -0.466941 

usemtl Part1Mtl

f 2689/2689/2689 2690/2690/2690 2691/2691/2691 
f 2691/2691/2691 2690/2690/2690 2692/2692/2692 
f 2693/2693/2693 2694/2694/2694 2695/2695/2695 
f 2695/2695/2695 2694/2694/2694 2696/2696/2696 
f 2697/2697/2697 2698/2698/2698 2699/2699/2699 
f 2699/2699/2699 2698/2698/2698 2700/2700/2700 
f 2701/2701/2701 2702/2702/2702 2703/2703/2703 
f 2703/2703/2703 2702/2702/2702 2704/2704/2704 
f 2705/2705/2705 2706/2706/2706 2707/2707/2707 
f 2707/2707/2707 2706/2706/2706 2708/2708/2708 
f 2709/2709/2709 2710/2710/2710 2711/2711/2711 
f 2711/2711/2711 2710/2710/2710 2712/2712/2712 

g Part86

v -340.775 88.8266 -400.939 
v -340.775 102.48 -400.939 
v -340.775 88.8266 -396.843 
v -340.775 102.48 -396.843 
v -368.081 102.48 -400.939 
v -340.775 102.48 -400.939 
v -368.081 88.8266 -400.939 
v -340.775 88.8266 -400.939 
v -340.775 102.48 -400.939 
v -368.081 102.48 -400.939 
v -340.775 102.48 -396.843 
v -368.081 102.48 -396.843 
v -368.081 102.48 -400.939 
v -368.081 88.8266 -400.939 
v -368.081 102.48 -396.843 
v -368.081 88.8266 -396.843 
v -368.081 88.8266 -396.843 
v -340.775 88.8266 -396.843 
v -368.081 102.48 -396.843 
v -340.775 102.48 -396.843 
v -368.081 88.8266 -400.939 
v -340.775 88.8266 -400.939 
v -368.081 88.8266 -396.843 
v -340.775 88.8266 -396.843 

vn 1 0 0 
vn 1 0 0 
vn 1 0 0 
vn 1 0 0 
vn 0 0 -1 
vn 0 0 -1 
vn 0 0 -1 
vn 0 0 -1 
vn 0 1 0 
vn 0 1 0 
vn 0 1 0 
vn 0 1 0 
vn -1 0 0 
vn -1 0 0 
vn -1 0 0 
vn -1 0 0 
vn 0 0 1 
vn 0 0 1 
vn 0 0 1 
vn 0 0 1 
vn 0 -1 0 
vn 0 -1 0 
vn 0 -1 0 
vn 0 -1 0 

vt 1.0029 -0.718156 
vt -0.703741 -0.718156 
vt 1.0029 -1.23015 
vt -0.703741 -1.23015 
vt 2.70954 -0.718156 
vt -0.703741 -0.718156 
vt 2.70954 -2.4248 
vt -0.703741 -2.4248 
vt 2.70954 -0.718156 
vt -0.703741 -0.718156 
vt 2.70954 -1.23015 
vt -0.703741 -1.23015 
vt 1.0029 -0.718156 
vt -0.703741 -0.718156 
vt 1.0029 -1.23015 
vt -0.703741 -1.23015 
vt 2.70954 -0.718156 
vt -0.703741 -0.718156 
vt 2.70954 -2.4248 
vt -0.703741 -2.4248 
vt 2.70954 -0.718156 
vt -0.703741 -0.718156 
vt 2.70954 -1.23015 
vt -0.703741 -1.23015 

usemtl Part1Mtl

f 2713/2713/2713 2714/2714/2714 2715/2715/2715 
f 2715/2715/2715 2714/2714/2714 2716/2716/2716 
f 2717/2717/2717 2718/2718/2718 2719/2719/2719 
f 2719/2719/2719 2718/2718/2718 2720/2720/2720 
f 2721/2721/2721 2722/2722/2722 2723/2723/2723 
f 2723/2723/2723 2722/2722/2722 2724/2724/2724 
f 2725/2725/2725 2726/2726/2726 2727/2727/2727 
f 2727/2727/2727 2726/2726/2726 2728/2728/2728 
f 2729/2729/2729 2730/2730/2730 2731/2731/2731 
f 2731/2731/2731 2730/2730/2730 2732/2732/2732 
f 2733/2733/2733 2734/2734/2734 2735/2735/2735 
f 2735/2735/2735 2734/2734/2734 2736/2736/2736 

g Part87

v -344.939 88.8266 -448.725 
v -344.939 102.48 -448.725 
v -340.843 88.8266 -448.725 
v -340.843 102.48 -448.725 
v -344.939 102.48 -230.275 
v -344.939 102.48 -448.725 
v -344.939 88.8266 -230.275 
v -344.939 88.8266 -448.725 
v -344.939 102.48 -448.725 
v -344.939 102.48 -230.275 
v -340.843 102.48 -448.725 
v -340.843 102.48 -230.275 
v -344.939 102.48 -230.275 
v -344.939 88.8266 -230.275 
v -340.843 102.48 -230.275 
v -340.843 88.8266 -230.275 
v -340.843 88.8266 -230.275 
v -340.843 88.8266 -448.725 
v -340.843 102.48 -230.275 
v -340.843 102.48 -448.725 
v -344.939 88.8266 -230.275 
v -344.939 88.8266 -448.725 
v -340.843 88.8266 -230.275 
v -340.843 88.8266 -448.725 

vn 0 0 -1 
vn 0 0 -1 
vn 0 0 -1 
vn 0 0 -1 
vn -1 0 0 
vn -1 0 0 
vn -1 0 0 
vn -1 0 0 
vn 0 1 0 
vn 0 1 0 
vn 0 1 0 
vn 0 1 0 
vn 0 0 1 
vn 0 0 1 
vn 0 0 1 
vn 0 0 1 
vn 1 0 0 
vn 1 0 0 
vn 1 0 0 
vn 1 0 0 
vn 0 -1 0 
vn 0 -1 0 
vn 0 -1 0 
vn 0 -1 0 

vt -3.47813 4.79991 
vt -5.18477 4.79991 
vt -3.47813 4.28792 
vt -5.18477 4.28792 
vt 22.1215 4.79991 
vt -5.18477 4.79991 
vt 22.1215 3.09327 
vt -5.18477 3.09327 
vt 22.1215 4.79991 
vt -5.18477 4.79991 
vt 22.1215 4.28792 
vt -5.18477 4.28792 
vt -3.47813 4.79991 
vt -5.18477 4.79991 
vt -3.47813 4.28792 
vt -5.18477 4.28792 
vt 22.1215 4.79991 
vt -5.18477 4.79991 
vt 22.1215 3.09327 
vt -5.18477 3.09327 
vt 22.1215 4.79991 
vt -5.18477 4.79991 
vt 22.1215 4.28792 
vt -5.18477 4.28792 

usemtl Part1Mtl

f 2737/2737/2737 2738/2738/2738 2739/2739/2739 
f 2739/2739/2739 2738/2738/2738 2740/2740/2740 
f 2741/2741/2741 2742/2742/2742 2743/2743/2743 
f 2743/2743/2743 2742/2742/2742 2744/2744/2744 
f 2745/2745/2745 2746/2746/2746 2747/2747/2747 
f 2747/2747/2747 2746/2746/2746 2748/2748/2748 
f 2749/2749/2749 2750/2750/2750 2751/2751/2751 
f 2751/2751/2751 2750/2750/2750 2752/2752/2752 
f 2753/2753/2753 2754/2754/2754 2755/2755/2755 
f 2755/2755/2755 2754/2754/2754 2756/2756/2756 
f 2757/2757/2757 2758/2758/2758 2759/2759/2759 
f 2759/2759/2759 2758/2758/2758 2760/2760/2760 

g Part88

v -340.775 88.8266 -387.286 
v -340.775 102.48 -387.286 
v -340.775 88.8266 -383.19 
v -340.775 102.48 -383.19 
v -383.196 102.48 -387.286 
v -340.775 102.48 -387.286 
v -383.196 88.8266 -387.286 
v -340.775 88.8266 -387.286 
v -340.775 102.48 -387.286 
v -383.196 102.48 -387.286 
v -340.775 102.48 -383.19 
v -383.196 102.48 -383.19 
v -383.196 102.48 -387.286 
v -383.196 88.8266 -387.286 
v -383.196 102.48 -383.19 
v -383.196 88.8266 -383.19 
v -383.196 88.8266 -383.19 
v -340.775 88.8266 -383.19 
v -383.196 102.48 -383.19 
v -340.775 102.48 -383.19 
v -383.196 88.8266 -387.286 
v -340.775 88.8266 -387.286 
v -383.196 88.8266 -383.19 
v -340.775 88.8266 -383.19 

vn 1 0 0 
vn 1 0 0 
vn 1 0 0 
vn 1 0 0 
vn 0 0 -1 
vn 0 0 -1 
vn 0 0 -1 
vn 0 0 -1 
vn 0 1 0 
vn 0 1 0 
vn 0 1 0 
vn 0 1 0 
vn -1 0 0 
vn -1 0 0 
vn -1 0 0 
vn -1 0 0 
vn 0 0 1 
vn 0 0 1 
vn 0 0 1 
vn 0 0 1 
vn 0 -1 0 
vn 0 -1 0 
vn 0 -1 0 
vn 0 -1 0 

vt -0.448104 0.800801 
vt -2.15474 0.800801 
vt -0.448104 0.288808 
vt -2.15474 0.288808 
vt 3.14783 0.800801 
vt -2.15474 0.800801 
vt 3.14783 -0.90584 
vt -2.15474 -0.90584 
vt 3.14783 0.800801 
vt -2.15474 0.800801 
vt 3.14783 0.288808 
vt -2.15474 0.288808 
vt -0.448104 0.800801 
vt -2.15474 0.800801 
vt -0.448104 0.288808 
vt -2.15474 0.288808 
vt 3.14783 0.800801 
vt -2.15474 0.800801 
vt 3.14783 -0.90584 
vt -2.15474 -0.90584 
vt 3.14783 0.800801 
vt -2.15474 0.800801 
vt 3.14783 0.288808 
vt -2.15474 0.288808 

usemtl Part1Mtl

f 2761/2761/2761 2762/2762/2762 2763/2763/2763 
f 2763/2763/2763 2762/2762/2762 2764/2764/2764 
f 2765/2765/2765 2766/2766/2766 2767/2767/2767 
f 2767/2767/2767 2766/2766/2766 2768/2768/2768 
f 2769/2769/2769 2770/2770/2770 2771/2771/2771 
f 2771/2771/2771 2770/2770/2770 2772/2772/2772 
f 2773/2773/2773 2774/2774/2774 2775/2775/2775 
f 2775/2775/2775 2774/2774/2774 2776/2776/2776 
f 2777/2777/2777 2778/2778/2778 2779/2779/2779 
f 2779/2779/2779 2778/2778/2778 2780/2780/2780 
f 2781/2781/2781 2782/2782/2782 2783/2783/2783 
f 2783/2783/2783 2782/2782/2782 2784/2784/2784 

g Part89

v -353.063 88.8266 -368.854 
v -353.063 102.48 -368.854 
v -353.063 88.8266 -372.95 
v -353.063 102.48 -372.95 
v -341.458 102.48 -368.854 
v -353.063 102.48 -368.854 
v -341.458 88.8266 -368.854 
v -353.063 88.8266 -368.854 
v -353.063 102.48 -368.854 
v -341.458 102.48 -368.854 
v -353.063 102.48 -372.95 
v -341.458 102.48 -372.95 
v -341.458 102.48 -368.854 
v -341.458 88.8266 -368.854 
v -341.458 102.48 -372.95 
v -341.458 88.8266 -372.95 
v -341.458 88.8266 -372.95 
v -353.063 88.8266 -372.95 
v -341.458 102.48 -372.95 
v -353.063 102.48 -372.95 
v -341.458 88.8266 -368.854 
v -353.063 88.8266 -368.854 
v -341.458 88.8266 -372.95 
v -353.063 88.8266 -372.95 

vn -1 0 0 
vn -1 0 0 
vn -1 0 0 
vn -1 0 0 
vn 0 0 1 
vn 0 0 1 
vn 0 0 1 
vn 0 0 1 
vn 0 1 0 
vn 0 1 0 
vn 0 1 0 
vn 0 1 0 
vn 1 0 0 
vn 1 0 0 
vn 1 0 0 
vn 1 0 0 
vn 0 0 -1 
vn 0 0 -1 
vn 0 0 -1 
vn 0 0 -1 
vn 0 -1 0 
vn 0 -1 0 
vn 0 -1 0 
vn 0 -1 0 

vt 0.717671 1.5603 
vt -0.988969 1.5603 
vt 0.717671 1.04831 
vt -0.988969 1.04831 
vt 0.461675 1.5603 
vt -0.988969 1.5603 
vt 0.461675 -0.146338 
vt -0.988969 -0.146338 
vt 0.461675 1.5603 
vt -0.988969 1.5603 
vt 0.461675 1.04831 
vt -0.988969 1.04831 
vt 0.717671 1.5603 
vt -0.988969 1.5603 
vt 0.717671 1.04831 
vt -0.988969 1.04831 
vt 0.461675 1.5603 
vt -0.988969 1.5603 
vt 0.461675 -0.146338 
vt -0.988969 -0.146338 
vt 0.461675 1.5603 
vt -0.988969 1.5603 
vt 0.461675 1.04831 
vt -0.988969 1.04831 

usemtl Part1Mtl

f 2785/2785/2785 2786/2786/2786 2787/2787/2787 
f 2787/2787/2787 2786/2786/2786 2788/2788/2788 
f 2789/2789/2789 2790/2790/2790 2791/2791/2791 
f 2791/2791/2791 2790/2790/2790 2792/2792/2792 
f 2793/2793/2793 2794/2794/2794 2795/2795/2795 
f 2795/2795/2795 2794/2794/2794 2796/2796/2796 
f 2797/2797/2797 2798/2798/2798 2799/2799/2799 
f 2799/2799/2799 2798/2798/2798 2800/2800/2800 
f 2801/2801/2801 2802/2802/2802 2803/2803/2803 
f 2803/2803/2803 2802/2802/2802 2804/2804/2804 
f 2805/2805/2805 2806/2806/2806 2807/2807/2807 
f 2807/2807/2807 2806/2806/2806 2808/2808/2808 

