# This file is brought to you by Roblox Corporation
# Generated by Roblox Studio

mtllib RealityMap.mtl

g Mirrorpart1

v 339.225 181.48 -188.275 
v 339.225 181.48 -150.275 
v 339.225 127.48 -188.275 
v 339.225 127.48 -150.275 
v 338.225 181.48 -150.275 
v 339.225 181.48 -150.275 
v 338.225 181.48 -188.275 
v 339.225 181.48 -188.275 
v 339.225 181.48 -150.275 
v 338.225 181.48 -150.275 
v 339.225 127.48 -150.275 
v 338.225 127.48 -150.275 
v 338.225 181.48 -150.275 
v 338.225 181.48 -188.275 
v 338.225 127.48 -150.275 
v 338.225 127.48 -188.275 
v 338.225 127.48 -188.275 
v 339.225 127.48 -188.275 
v 338.225 127.48 -150.275 
v 339.225 127.48 -150.275 
v 338.225 181.48 -188.275 
v 339.225 181.48 -188.275 
v 338.225 127.48 -188.275 
v 339.225 127.48 -188.275 

vn 1 0 0 
vn 1 0 0 
vn 1 0 0 
vn 1 0 0 
vn 0 1 0 
vn 0 1 0 
vn 0 1 0 
vn 0 1 0 
vn 0 0 1 
vn 0 0 1 
vn 0 0 1 
vn 0 0 1 
vn -1 0 0 
vn -1 0 0 
vn -1 0 0 
vn -1 0 0 
vn 0 -1 0 
vn 0 -1 0 
vn 0 -1 0 
vn 0 -1 0 
vn 0 0 -1 
vn 0 0 -1 
vn 0 0 -1 
vn 0 0 -1 

vt 6.21334 -2.79747 
vt 1.46334 -2.79747 
vt 6.21334 -9.54747 
vt 1.46334 -9.54747 
vt 1.58834 -2.79747 
vt 1.46334 -2.79747 
vt 1.58834 -7.54747 
vt 1.46334 -7.54747 
vt 1.58834 -2.79747 
vt 1.46334 -2.79747 
vt 1.58834 -9.54747 
vt 1.46334 -9.54747 
vt 6.21334 -2.79747 
vt 1.46334 -2.79747 
vt 6.21334 -9.54747 
vt 1.46334 -9.54747 
vt 1.58834 -2.79747 
vt 1.46334 -2.79747 
vt 1.58834 -7.54747 
vt 1.46334 -7.54747 
vt 1.58834 -2.79747 
vt 1.46334 -2.79747 
vt 1.58834 -9.54747 
vt 1.46334 -9.54747 

usemtl Mirrorpart1Mtl

f 1/1/1 2/2/2 3/3/3 
f 3/3/3 2/2/2 4/4/4 
f 5/5/5 6/6/6 7/7/7 
f 7/7/7 6/6/6 8/8/8 
f 9/9/9 10/10/10 11/11/11 
f 11/11/11 10/10/10 12/12/12 
f 13/13/13 14/14/14 15/15/15 
f 15/15/15 14/14/14 16/16/16 
f 17/17/17 18/18/18 19/19/19 
f 19/19/19 18/18/18 20/20/20 
f 21/21/21 22/22/22 23/23/23 
f 23/23/23 22/22/22 24/24/24 

g Grass1

v 337.225 150.48 -188.275 
v 337.225 150.48 -150.275 
v 337.225 145.48 -188.275 
v 337.225 145.48 -150.275 
v 333.225 150.48 -150.275 
v 337.225 150.48 -150.275 
v 333.225 150.48 -188.275 
v 337.225 150.48 -188.275 
v 337.225 150.48 -150.275 
v 333.225 150.48 -150.275 
v 337.225 145.48 -150.275 
v 333.225 145.48 -150.275 
v 333.225 150.48 -150.275 
v 333.225 150.48 -188.275 
v 333.225 145.48 -150.275 
v 333.225 145.48 -188.275 
v 333.225 145.48 -188.275 
v 337.225 145.48 -188.275 
v 333.225 145.48 -150.275 
v 337.225 145.48 -150.275 
v 333.225 150.48 -188.275 
v 337.225 150.48 -188.275 
v 333.225 145.48 -188.275 
v 337.225 145.48 -188.275 

vn 1 0 0 
vn 1 0 0 
vn 1 0 0 
vn 1 0 0 
vn 0 1 0 
vn 0 1 0 
vn 0 1 0 
vn 0 1 0 
vn 0 0 1 
vn 0 0 1 
vn 0 0 1 
vn 0 0 1 
vn -1 0 0 
vn -1 0 0 
vn -1 0 0 
vn -1 0 0 
vn 0 -1 0 
vn 0 -1 0 
vn 0 -1 0 
vn 0 -1 0 
vn 0 0 -1 
vn 0 0 -1 
vn 0 0 -1 
vn 0 0 -1 

vt 7.45912 2.31789 
vt 2.70912 2.31789 
vt 7.45912 1.69289 
vt 2.70912 1.69289 
vt 3.20912 2.31789 
vt 2.70912 2.31789 
vt 3.20912 -2.43211 
vt 2.70912 -2.43211 
vt 3.20912 2.31789 
vt 2.70912 2.31789 
vt 3.20912 1.69289 
vt 2.70912 1.69289 
vt 7.45912 2.31789 
vt 2.70912 2.31789 
vt 7.45912 1.69289 
vt 2.70912 1.69289 
vt 3.20912 2.31789 
vt 2.70912 2.31789 
vt 3.20912 -2.43211 
vt 2.70912 -2.43211 
vt 3.20912 2.31789 
vt 2.70912 2.31789 
vt 3.20912 1.69289 
vt 2.70912 1.69289 

usemtl Grass1Mtl

f 25/25/25 26/26/26 27/27/27 
f 27/27/27 26/26/26 28/28/28 
f 29/29/29 30/30/30 31/31/31 
f 31/31/31 30/30/30 32/32/32 
f 33/33/33 34/34/34 35/35/35 
f 35/35/35 34/34/34 36/36/36 
f 37/37/37 38/38/38 39/39/39 
f 39/39/39 38/38/38 40/40/40 
f 41/41/41 42/42/42 43/43/43 
f 43/43/43 42/42/42 44/44/44 
f 45/45/45 46/46/46 47/47/47 
f 47/47/47 46/46/46 48/48/48 

g Grass2

v 333.225 150.48 -154.275 
v 333.225 150.48 -150.275 
v 333.225 146.48 -154.275 
v 333.225 146.48 -150.275 
v 270.225 150.48 -150.275 
v 333.225 150.48 -150.275 
v 270.225 150.48 -154.275 
v 333.225 150.48 -154.275 
v 333.225 150.48 -150.275 
v 270.225 150.48 -150.275 
v 333.225 146.48 -150.275 
v 270.225 146.48 -150.275 
v 270.225 150.48 -150.275 
v 270.225 150.48 -154.275 
v 270.225 146.48 -150.275 
v 270.225 146.48 -154.275 
v 270.225 146.48 -154.275 
v 333.225 146.48 -154.275 
v 270.225 146.48 -150.275 
v 333.225 146.48 -150.275 
v 270.225 150.48 -154.275 
v 333.225 150.48 -154.275 
v 270.225 146.48 -154.275 
v 333.225 146.48 -154.275 

vn 1 0 0 
vn 1 0 0 
vn 1 0 0 
vn 1 0 0 
vn 0 1 0 
vn 0 1 0 
vn 0 1 0 
vn 0 1 0 
vn 0 0 1 
vn 0 0 1 
vn 0 0 1 
vn 0 0 1 
vn -1 0 0 
vn -1 0 0 
vn -1 0 0 
vn -1 0 0 
vn 0 -1 0 
vn 0 -1 0 
vn 0 -1 0 
vn 0 -1 0 
vn 0 0 -1 
vn 0 0 -1 
vn 0 0 -1 
vn 0 0 -1 

vt 3.46129 -1.13594 
vt 2.96129 -1.13594 
vt 3.46129 -1.63594 
vt 2.96129 -1.63594 
vt 10.8363 -1.13594 
vt 2.96129 -1.13594 
vt 10.8363 -1.63594 
vt 2.96129 -1.63594 
vt 10.8363 -1.13594 
vt 2.96129 -1.13594 
vt 10.8363 -1.63594 
vt 2.96129 -1.63594 
vt 3.46129 -1.13594 
vt 2.96129 -1.13594 
vt 3.46129 -1.63594 
vt 2.96129 -1.63594 
vt 10.8363 -1.13594 
vt 2.96129 -1.13594 
vt 10.8363 -1.63594 
vt 2.96129 -1.63594 
vt 10.8363 -1.13594 
vt 2.96129 -1.13594 
vt 10.8363 -1.63594 
vt 2.96129 -1.63594 

usemtl Grass1Mtl

f 49/49/49 50/50/50 51/51/51 
f 51/51/51 50/50/50 52/52/52 
f 53/53/53 54/54/54 55/55/55 
f 55/55/55 54/54/54 56/56/56 
f 57/57/57 58/58/58 59/59/59 
f 59/59/59 58/58/58 60/60/60 
f 61/61/61 62/62/62 63/63/63 
f 63/63/63 62/62/62 64/64/64 
f 65/65/65 66/66/66 67/67/67 
f 67/67/67 66/66/66 68/68/68 
f 69/69/69 70/70/70 71/71/71 
f 71/71/71 70/70/70 72/72/72 

g Whitepart1

v 333.225 145.83 -170.275 
v 333.225 145.83 -168.275 
v 333.225 145.63 -170.275 
v 333.225 145.63 -168.275 
v 316.225 145.83 -168.275 
v 333.225 145.83 -168.275 
v 316.225 145.83 -170.275 
v 333.225 145.83 -170.275 
v 333.225 145.83 -168.275 
v 316.225 145.83 -168.275 
v 333.225 145.63 -168.275 
v 316.225 145.63 -168.275 
v 316.225 145.83 -168.275 
v 316.225 145.83 -170.275 
v 316.225 145.63 -168.275 
v 316.225 145.63 -170.275 
v 316.225 145.63 -170.275 
v 333.225 145.63 -170.275 
v 316.225 145.63 -168.275 
v 333.225 145.63 -168.275 
v 316.225 145.83 -170.275 
v 333.225 145.83 -170.275 
v 316.225 145.63 -170.275 
v 333.225 145.63 -170.275 

vn 1 0 0 
vn 1 0 0 
vn 1 0 0 
vn 1 0 0 
vn 0 1 0 
vn 0 1 0 
vn 0 1 0 
vn 0 1 0 
vn 0 0 1 
vn 0 0 1 
vn 0 0 1 
vn 0 0 1 
vn -1 0 0 
vn -1 0 0 
vn -1 0 0 
vn -1 0 0 
vn 0 -1 0 
vn 0 -1 0 
vn 0 -1 0 
vn 0 -1 0 
vn 0 0 -1 
vn 0 0 -1 
vn 0 0 -1 
vn 0 0 -1 

vt -0.0498945 1.29989 
vt -0.299894 1.29989 
vt -0.0498945 1.27489 
vt -0.299894 1.27489 
vt 1.82511 1.29989 
vt -0.299894 1.29989 
vt 1.82511 1.04989 
vt -0.299894 1.04989 
vt 1.82511 1.29989 
vt -0.299894 1.29989 
vt 1.82511 1.27489 
vt -0.299894 1.27489 
vt -0.0498945 1.29989 
vt -0.299894 1.29989 
vt -0.0498945 1.27489 
vt -0.299894 1.27489 
vt 1.82511 1.29989 
vt -0.299894 1.29989 
vt 1.82511 1.04989 
vt -0.299894 1.04989 
vt 1.82511 1.29989 
vt -0.299894 1.29989 
vt 1.82511 1.27489 
vt -0.299894 1.27489 

usemtl Whitepart1Mtl

f 73/73/73 74/74/74 75/75/75 
f 75/75/75 74/74/74 76/76/76 
f 77/77/77 78/78/78 79/79/79 
f 79/79/79 78/78/78 80/80/80 
f 81/81/81 82/82/82 83/83/83 
f 83/83/83 82/82/82 84/84/84 
f 85/85/85 86/86/86 87/87/87 
f 87/87/87 86/86/86 88/88/88 
f 89/89/89 90/90/90 91/91/91 
f 91/91/91 90/90/90 92/92/92 
f 93/93/93 94/94/94 95/95/95 
f 95/95/95 94/94/94 96/96/96 

g Exit1

v 312.225 153.48 -190.275 
v 312.225 153.48 -148.275 
v 312.225 146.48 -190.275 
v 312.225 146.48 -148.275 
v 308.225 153.48 -148.275 
v 312.225 153.48 -148.275 
v 308.225 153.48 -190.275 
v 312.225 153.48 -190.275 
v 312.225 153.48 -148.275 
v 308.225 153.48 -148.275 
v 312.225 146.48 -148.275 
v 308.225 146.48 -148.275 
v 308.225 153.48 -148.275 
v 308.225 153.48 -190.275 
v 308.225 146.48 -148.275 
v 308.225 146.48 -190.275 
v 308.225 146.48 -190.275 
v 312.225 146.48 -190.275 
v 308.225 146.48 -148.275 
v 312.225 146.48 -148.275 
v 308.225 153.48 -190.275 
v 312.225 153.48 -190.275 
v 308.225 146.48 -190.275 
v 312.225 146.48 -190.275 

vn 1 0 0 
vn 1 0 0 
vn 1 0 0 
vn 1 0 0 
vn 0 1 0 
vn 0 1 0 
vn 0 1 0 
vn 0 1 0 
vn 0 0 1 
vn 0 0 1 
vn 0 0 1 
vn 0 0 1 
vn -1 0 0 
vn -1 0 0 
vn -1 0 0 
vn -1 0 0 
vn 0 -1 0 
vn 0 -1 0 
vn 0 -1 0 
vn 0 -1 0 
vn 0 0 -1 
vn 0 0 -1 
vn 0 0 -1 
vn 0 0 -1 

vt 7 -6 
vt 1.75 -6 
vt 7 -6.875 
vt 1.75 -6.875 
vt 2.25 -6 
vt 1.75 -6 
vt 2.25 -11.25 
vt 1.75 -11.25 
vt 2.25 -6 
vt 1.75 -6 
vt 2.25 -6.875 
vt 1.75 -6.875 
vt 7 -6 
vt 1.75 -6 
vt 7 -6.875 
vt 1.75 -6.875 
vt 2.25 -6 
vt 1.75 -6 
vt 2.25 -11.25 
vt 1.75 -11.25 
vt 2.25 -6 
vt 1.75 -6 
vt 2.25 -6.875 
vt 1.75 -6.875 

usemtl Exit1Mtl

f 97/97/97 98/98/98 99/99/99 
f 99/99/99 98/98/98 100/100/100 
f 101/101/101 102/102/102 103/103/103 
f 103/103/103 102/102/102 104/104/104 
f 105/105/105 106/106/106 107/107/107 
f 107/107/107 106/106/106 108/108/108 
f 109/109/109 110/110/110 111/111/111 
f 111/111/111 110/110/110 112/112/112 
f 113/113/113 114/114/114 115/115/115 
f 115/115/115 114/114/114 116/116/116 
f 117/117/117 118/118/118 119/119/119 
f 119/119/119 118/118/118 120/120/120 

g Graypart1

v 333.225 146.48 -164.275 
v 333.225 146.48 -154.275 
v 333.225 145.48 -164.275 
v 333.225 145.48 -154.275 
v 270.225 146.48 -154.275 
v 333.225 146.48 -154.275 
v 270.225 146.48 -164.275 
v 333.225 146.48 -164.275 
v 333.225 146.48 -154.275 
v 270.225 146.48 -154.275 
v 333.225 145.48 -154.275 
v 270.225 145.48 -154.275 
v 270.225 146.48 -154.275 
v 270.225 146.48 -164.275 
v 270.225 145.48 -154.275 
v 270.225 145.48 -164.275 
v 270.225 145.48 -164.275 
v 333.225 145.48 -164.275 
v 270.225 145.48 -154.275 
v 333.225 145.48 -154.275 
v 270.225 146.48 -164.275 
v 333.225 146.48 -164.275 
v 270.225 145.48 -164.275 
v 333.225 145.48 -164.275 

vn 1 0 0 
vn 1 0 0 
vn 1 0 0 
vn 1 0 0 
vn 0 1 0 
vn 0 1 0 
vn 0 1 0 
vn 0 1 0 
vn 0 0 1 
vn 0 0 1 
vn 0 0 1 
vn 0 0 1 
vn -1 0 0 
vn -1 0 0 
vn -1 0 0 
vn -1 0 0 
vn 0 -1 0 
vn 0 -1 0 
vn 0 -1 0 
vn 0 -1 0 
vn 0 0 -1 
vn 0 0 -1 
vn 0 0 -1 
vn 0 0 -1 

vt 4.53297 -1.72853 
vt 3.28297 -1.72853 
vt 4.53297 -1.85353 
vt 3.28297 -1.85353 
vt 11.158 -1.72853 
vt 3.28297 -1.72853 
vt 11.158 -2.97853 
vt 3.28297 -2.97853 
vt 11.158 -1.72853 
vt 3.28297 -1.72853 
vt 11.158 -1.85353 
vt 3.28297 -1.85353 
vt 4.53297 -1.72853 
vt 3.28297 -1.72853 
vt 4.53297 -1.85353 
vt 3.28297 -1.85353 
vt 11.158 -1.72853 
vt 3.28297 -1.72853 
vt 11.158 -2.97853 
vt 3.28297 -2.97853 
vt 11.158 -1.72853 
vt 3.28297 -1.72853 
vt 11.158 -1.85353 
vt 3.28297 -1.85353 

usemtl Graypart1Mtl

f 121/121/121 122/122/122 123/123/123 
f 123/123/123 122/122/122 124/124/124 
f 125/125/125 126/126/126 127/127/127 
f 127/127/127 126/126/126 128/128/128 
f 129/129/129 130/130/130 131/131/131 
f 131/131/131 130/130/130 132/132/132 
f 133/133/133 134/134/134 135/135/135 
f 135/135/135 134/134/134 136/136/136 
f 137/137/137 138/138/138 139/139/139 
f 139/139/139 138/138/138 140/140/140 
f 141/141/141 142/142/142 143/143/143 
f 143/143/143 142/142/142 144/144/144 

g Blackpart1

v 333.225 145.48 -175.275 
v 333.225 145.48 -163.275 
v 333.225 144.48 -175.275 
v 333.225 144.48 -163.275 
v 270.225 145.48 -163.275 
v 333.225 145.48 -163.275 
v 270.225 145.48 -175.275 
v 333.225 145.48 -175.275 
v 333.225 145.48 -163.275 
v 270.225 145.48 -163.275 
v 333.225 144.48 -163.275 
v 270.225 144.48 -163.275 
v 270.225 145.48 -163.275 
v 270.225 145.48 -175.275 
v 270.225 144.48 -163.275 
v 270.225 144.48 -175.275 
v 270.225 144.48 -175.275 
v 333.225 144.48 -175.275 
v 270.225 144.48 -163.275 
v 333.225 144.48 -163.275 
v 270.225 145.48 -175.275 
v 333.225 145.48 -175.275 
v 270.225 144.48 -175.275 
v 333.225 144.48 -175.275 

vn 1 0 0 
vn 1 0 0 
vn 1 0 0 
vn 1 0 0 
vn 0 1 0 
vn 0 1 0 
vn 0 1 0 
vn 0 1 0 
vn 0 0 1 
vn 0 0 1 
vn 0 0 1 
vn 0 0 1 
vn -1 0 0 
vn -1 0 0 
vn -1 0 0 
vn -1 0 0 
vn 0 -1 0 
vn 0 -1 0 
vn 0 -1 0 
vn 0 -1 0 
vn 0 0 -1 
vn 0 0 -1 
vn 0 0 -1 
vn 0 0 -1 

vt -1.10845 0.515291 
vt -2.60845 0.515291 
vt -1.10845 0.390291 
vt -2.60845 0.390291 
vt 5.26655 0.515291 
vt -2.60845 0.515291 
vt 5.26655 -0.984709 
vt -2.60845 -0.984709 
vt 5.26655 0.515291 
vt -2.60845 0.515291 
vt 5.26655 0.390291 
vt -2.60845 0.390291 
vt -1.10845 0.515291 
vt -2.60845 0.515291 
vt -1.10845 0.390291 
vt -2.60845 0.390291 
vt 5.26655 0.515291 
vt -2.60845 0.515291 
vt 5.26655 -0.984709 
vt -2.60845 -0.984709 
vt 5.26655 0.515291 
vt -2.60845 0.515291 
vt 5.26655 0.390291 
vt -2.60845 0.390291 

usemtl Blackpart1Mtl

f 145/145/145 146/146/146 147/147/147 
f 147/147/147 146/146/146 148/148/148 
f 149/149/149 150/150/150 151/151/151 
f 151/151/151 150/150/150 152/152/152 
f 153/153/153 154/154/154 155/155/155 
f 155/155/155 154/154/154 156/156/156 
f 157/157/157 158/158/158 159/159/159 
f 159/159/159 158/158/158 160/160/160 
f 161/161/161 162/162/162 163/163/163 
f 163/163/163 162/162/162 164/164/164 
f 165/165/165 166/166/166 167/167/167 
f 167/167/167 166/166/166 168/168/168 

g Part1

v 275.225 154.48 -154.275 
v 275.225 154.48 -150.275 
v 275.225 150.48 -154.275 
v 275.225 150.48 -150.275 
v 271.225 154.48 -150.275 
v 275.225 154.48 -150.275 
v 271.225 154.48 -154.275 
v 275.225 154.48 -154.275 
v 275.225 154.48 -150.275 
v 271.225 154.48 -150.275 
v 275.225 150.48 -150.275 
v 271.225 150.48 -150.275 
v 271.225 154.48 -150.275 
v 271.225 154.48 -154.275 
v 271.225 150.48 -150.275 
v 271.225 150.48 -154.275 
v 271.225 150.48 -154.275 
v 275.225 150.48 -154.275 
v 271.225 150.48 -150.275 
v 275.225 150.48 -150.275 
v 271.225 154.48 -154.275 
v 275.225 154.48 -154.275 
v 271.225 150.48 -154.275 
v 275.225 150.48 -154.275 

vn 1 0 0 
vn 1 0 0 
vn 1 0 0 
vn 1 0 0 
vn 0 1 0 
vn 0 1 0 
vn 0 1 0 
vn 0 1 0 
vn 0 0 1 
vn 0 0 1 
vn 0 0 1 
vn 0 0 1 
vn -1 0 0 
vn -1 0 0 
vn -1 0 0 
vn -1 0 0 
vn 0 -1 0 
vn 0 -1 0 
vn 0 -1 0 
vn 0 -1 0 
vn 0 0 -1 
vn 0 0 -1 
vn 0 0 -1 
vn 0 0 -1 

vt -0.145786 1.33648 
vt -0.645786 1.33648 
vt -0.145786 0.836483 
vt -0.645786 0.836483 
vt -0.145786 1.33648 
vt -0.645786 1.33648 
vt -0.145786 0.836483 
vt -0.645786 0.836483 
vt -0.145786 1.33648 
vt -0.645786 1.33648 
vt -0.145786 0.836483 
vt -0.645786 0.836483 
vt -0.145786 1.33648 
vt -0.645786 1.33648 
vt -0.145786 0.836483 
vt -0.645786 0.836483 
vt -0.145786 1.33648 
vt -0.645786 1.33648 
vt -0.145786 0.836483 
vt -0.645786 0.836483 
vt -0.145786 1.33648 
vt -0.645786 1.33648 
vt -0.145786 0.836483 
vt -0.645786 0.836483 

usemtl Grass1Mtl

f 169/169/169 170/170/170 171/171/171 
f 171/171/171 170/170/170 172/172/172 
f 173/173/173 174/174/174 175/175/175 
f 175/175/175 174/174/174 176/176/176 
f 177/177/177 178/178/178 179/179/179 
f 179/179/179 178/178/178 180/180/180 
f 181/181/181 182/182/182 183/183/183 
f 183/183/183 182/182/182 184/184/184 
f 185/185/185 186/186/186 187/187/187 
f 187/187/187 186/186/186 188/188/188 
f 189/189/189 190/190/190 191/191/191 
f 191/191/191 190/190/190 192/192/192 

g Part2

v 275.225 154.48 -188.275 
v 275.225 154.48 -184.275 
v 275.225 150.48 -188.275 
v 275.225 150.48 -184.275 
v 271.225 154.48 -184.275 
v 275.225 154.48 -184.275 
v 271.225 154.48 -188.275 
v 275.225 154.48 -188.275 
v 275.225 154.48 -184.275 
v 271.225 154.48 -184.275 
v 275.225 150.48 -184.275 
v 271.225 150.48 -184.275 
v 271.225 154.48 -184.275 
v 271.225 154.48 -188.275 
v 271.225 150.48 -184.275 
v 271.225 150.48 -188.275 
v 271.225 150.48 -188.275 
v 275.225 150.48 -188.275 
v 271.225 150.48 -184.275 
v 275.225 150.48 -184.275 
v 271.225 154.48 -188.275 
v 275.225 154.48 -188.275 
v 271.225 150.48 -188.275 
v 275.225 150.48 -188.275 

vn 1 0 0 
vn 1 0 0 
vn 1 0 0 
vn 1 0 0 
vn 0 1 0 
vn 0 1 0 
vn 0 1 0 
vn 0 1 0 
vn 0 0 1 
vn 0 0 1 
vn 0 0 1 
vn 0 0 1 
vn -1 0 0 
vn -1 0 0 
vn -1 0 0 
vn -1 0 0 
vn 0 -1 0 
vn 0 -1 0 
vn 0 -1 0 
vn 0 -1 0 
vn 0 0 -1 
vn 0 0 -1 
vn 0 0 -1 
vn 0 0 -1 

vt 1.2232 1.38206 
vt 0.723197 1.38206 
vt 1.2232 0.882056 
vt 0.723197 0.882056 
vt 1.2232 1.38206 
vt 0.723197 1.38206 
vt 1.2232 0.882056 
vt 0.723197 0.882056 
vt 1.2232 1.38206 
vt 0.723197 1.38206 
vt 1.2232 0.882056 
vt 0.723197 0.882056 
vt 1.2232 1.38206 
vt 0.723197 1.38206 
vt 1.2232 0.882056 
vt 0.723197 0.882056 
vt 1.2232 1.38206 
vt 0.723197 1.38206 
vt 1.2232 0.882056 
vt 0.723197 0.882056 
vt 1.2232 1.38206 
vt 0.723197 1.38206 
vt 1.2232 0.882056 
vt 0.723197 0.882056 

usemtl Grass1Mtl

f 193/193/193 194/194/194 195/195/195 
f 195/195/195 194/194/194 196/196/196 
f 197/197/197 198/198/198 199/199/199 
f 199/199/199 198/198/198 200/200/200 
f 201/201/201 202/202/202 203/203/203 
f 203/203/203 202/202/202 204/204/204 
f 205/205/205 206/206/206 207/207/207 
f 207/207/207 206/206/206 208/208/208 
f 209/209/209 210/210/210 211/211/211 
f 211/211/211 210/210/210 212/212/212 
f 213/213/213 214/214/214 215/215/215 
f 215/215/215 214/214/214 216/216/216 

g Part3

v 275.225 158.48 -156.275 
v 275.225 158.48 -152.275 
v 275.225 154.48 -156.275 
v 275.225 154.48 -152.275 
v 271.225 158.48 -152.275 
v 275.225 158.48 -152.275 
v 271.225 158.48 -156.275 
v 275.225 158.48 -156.275 
v 275.225 158.48 -152.275 
v 271.225 158.48 -152.275 
v 275.225 154.48 -152.275 
v 271.225 154.48 -152.275 
v 271.225 158.48 -152.275 
v 271.225 158.48 -156.275 
v 271.225 154.48 -152.275 
v 271.225 154.48 -156.275 
v 271.225 154.48 -156.275 
v 275.225 154.48 -156.275 
v 271.225 154.48 -152.275 
v 275.225 154.48 -152.275 
v 271.225 158.48 -156.275 
v 275.225 158.48 -156.275 
v 271.225 154.48 -156.275 
v 275.225 154.48 -156.275 

vn 1 0 0 
vn 1 0 0 
vn 1 0 0 
vn 1 0 0 
vn 0 1 0 
vn 0 1 0 
vn 0 1 0 
vn 0 1 0 
vn 0 0 1 
vn 0 0 1 
vn 0 0 1 
vn 0 0 1 
vn -1 0 0 
vn -1 0 0 
vn -1 0 0 
vn -1 0 0 
vn 0 -1 0 
vn 0 -1 0 
vn 0 -1 0 
vn 0 -1 0 
vn 0 0 -1 
vn 0 0 -1 
vn 0 0 -1 
vn 0 0 -1 

vt -0.177175 0.477933 
vt -0.677175 0.477933 
vt -0.177175 -0.0220675 
vt -0.677175 -0.0220675 
vt -0.177175 0.477933 
vt -0.677175 0.477933 
vt -0.177175 -0.0220675 
vt -0.677175 -0.0220675 
vt -0.177175 0.477933 
vt -0.677175 0.477933 
vt -0.177175 -0.0220675 
vt -0.677175 -0.0220675 
vt -0.177175 0.477933 
vt -0.677175 0.477933 
vt -0.177175 -0.0220675 
vt -0.677175 -0.0220675 
vt -0.177175 0.477933 
vt -0.677175 0.477933 
vt -0.177175 -0.0220675 
vt -0.677175 -0.0220675 
vt -0.177175 0.477933 
vt -0.677175 0.477933 
vt -0.177175 -0.0220675 
vt -0.677175 -0.0220675 

usemtl Grass1Mtl

f 217/217/217 218/218/218 219/219/219 
f 219/219/219 218/218/218 220/220/220 
f 221/221/221 222/222/222 223/223/223 
f 223/223/223 222/222/222 224/224/224 
f 225/225/225 226/226/226 227/227/227 
f 227/227/227 226/226/226 228/228/228 
f 229/229/229 230/230/230 231/231/231 
f 231/231/231 230/230/230 232/232/232 
f 233/233/233 234/234/234 235/235/235 
f 235/235/235 234/234/234 236/236/236 
f 237/237/237 238/238/238 239/239/239 
f 239/239/239 238/238/238 240/240/240 

g Part4

v 271.225 158.48 -182.275 
v 271.225 158.48 -186.275 
v 271.225 154.48 -182.275 
v 271.225 154.48 -186.275 
v 275.225 158.48 -186.275 
v 271.225 158.48 -186.275 
v 275.225 158.48 -182.275 
v 271.225 158.48 -182.275 
v 271.225 158.48 -186.275 
v 275.225 158.48 -186.275 
v 271.225 154.48 -186.275 
v 275.225 154.48 -186.275 
v 275.225 158.48 -186.275 
v 275.225 158.48 -182.275 
v 275.225 154.48 -186.275 
v 275.225 154.48 -182.275 
v 275.225 154.48 -182.275 
v 271.225 154.48 -182.275 
v 275.225 154.48 -186.275 
v 271.225 154.48 -186.275 
v 275.225 158.48 -182.275 
v 271.225 158.48 -182.275 
v 275.225 154.48 -182.275 
v 271.225 154.48 -182.275 

vn -1 0 0 
vn -1 0 0 
vn -1 0 0 
vn -1 0 0 
vn 0 1 0 
vn 0 1 0 
vn 0 1 0 
vn 0 1 0 
vn 0 0 -1 
vn 0 0 -1 
vn 0 0 -1 
vn 0 0 -1 
vn 1 0 0 
vn 1 0 0 
vn 1 0 0 
vn 1 0 0 
vn 0 -1 0 
vn 0 -1 0 
vn 0 -1 0 
vn 0 -1 0 
vn 0 0 1 
vn 0 0 1 
vn 0 0 1 
vn 0 0 1 

vt 0.213725 1.6702 
vt -0.286275 1.6702 
vt 0.213725 1.1702 
vt -0.286275 1.1702 
vt 0.213725 1.6702 
vt -0.286275 1.6702 
vt 0.213725 1.1702 
vt -0.286275 1.1702 
vt 0.213725 1.6702 
vt -0.286275 1.6702 
vt 0.213725 1.1702 
vt -0.286275 1.1702 
vt 0.213725 1.6702 
vt -0.286275 1.6702 
vt 0.213725 1.1702 
vt -0.286275 1.1702 
vt 0.213725 1.6702 
vt -0.286275 1.6702 
vt 0.213725 1.1702 
vt -0.286275 1.1702 
vt 0.213725 1.6702 
vt -0.286275 1.6702 
vt 0.213725 1.1702 
vt -0.286275 1.1702 

usemtl Grass1Mtl

f 241/241/241 242/242/242 243/243/243 
f 243/243/243 242/242/242 244/244/244 
f 245/245/245 246/246/246 247/247/247 
f 247/247/247 246/246/246 248/248/248 
f 249/249/249 250/250/250 251/251/251 
f 251/251/251 250/250/250 252/252/252 
f 253/253/253 254/254/254 255/255/255 
f 255/255/255 254/254/254 256/256/256 
f 257/257/257 258/258/258 259/259/259 
f 259/259/259 258/258/258 260/260/260 
f 261/261/261 262/262/262 263/263/263 
f 263/263/263 262/262/262 264/264/264 

g Part5

v 271.225 162.48 -179.275 
v 271.225 162.48 -183.275 
v 271.225 158.48 -179.275 
v 271.225 158.48 -183.275 
v 275.225 162.48 -183.275 
v 271.225 162.48 -183.275 
v 275.225 162.48 -179.275 
v 271.225 162.48 -179.275 
v 271.225 162.48 -183.275 
v 275.225 162.48 -183.275 
v 271.225 158.48 -183.275 
v 275.225 158.48 -183.275 
v 275.225 162.48 -183.275 
v 275.225 162.48 -179.275 
v 275.225 158.48 -183.275 
v 275.225 158.48 -179.275 
v 275.225 158.48 -179.275 
v 271.225 158.48 -179.275 
v 275.225 158.48 -183.275 
v 271.225 158.48 -183.275 
v 275.225 162.48 -179.275 
v 271.225 162.48 -179.275 
v 275.225 158.48 -179.275 
v 271.225 158.48 -179.275 

vn -1 0 0 
vn -1 0 0 
vn -1 0 0 
vn -1 0 0 
vn 0 1 0 
vn 0 1 0 
vn 0 1 0 
vn 0 1 0 
vn 0 0 -1 
vn 0 0 -1 
vn 0 0 -1 
vn 0 0 -1 
vn 1 0 0 
vn 1 0 0 
vn 1 0 0 
vn 1 0 0 
vn 0 -1 0 
vn 0 -1 0 
vn 0 -1 0 
vn 0 -1 0 
vn 0 0 1 
vn 0 0 1 
vn 0 0 1 
vn 0 0 1 

vt 0.576533 1.0227 
vt 0.076533 1.0227 
vt 0.576533 0.522699 
vt 0.076533 0.522699 
vt 0.576533 1.0227 
vt 0.076533 1.0227 
vt 0.576533 0.522699 
vt 0.076533 0.522699 
vt 0.576533 1.0227 
vt 0.076533 1.0227 
vt 0.576533 0.522699 
vt 0.076533 0.522699 
vt 0.576533 1.0227 
vt 0.076533 1.0227 
vt 0.576533 0.522699 
vt 0.076533 0.522699 
vt 0.576533 1.0227 
vt 0.076533 1.0227 
vt 0.576533 0.522699 
vt 0.076533 0.522699 
vt 0.576533 1.0227 
vt 0.076533 1.0227 
vt 0.576533 0.522699 
vt 0.076533 0.522699 

usemtl Grass1Mtl

f 265/265/265 266/266/266 267/267/267 
f 267/267/267 266/266/266 268/268/268 
f 269/269/269 270/270/270 271/271/271 
f 271/271/271 270/270/270 272/272/272 
f 273/273/273 274/274/274 275/275/275 
f 275/275/275 274/274/274 276/276/276 
f 277/277/277 278/278/278 279/279/279 
f 279/279/279 278/278/278 280/280/280 
f 281/281/281 282/282/282 283/283/283 
f 283/283/283 282/282/282 284/284/284 
f 285/285/285 286/286/286 287/287/287 
f 287/287/287 286/286/286 288/288/288 

g Part6

v 271.225 166.48 -175.275 
v 271.225 166.48 -179.275 
v 271.225 162.48 -175.275 
v 271.225 162.48 -179.275 
v 275.225 166.48 -179.275 
v 271.225 166.48 -179.275 
v 275.225 166.48 -175.275 
v 271.225 166.48 -175.275 
v 271.225 166.48 -179.275 
v 275.225 166.48 -179.275 
v 271.225 162.48 -179.275 
v 275.225 162.48 -179.275 
v 275.225 166.48 -179.275 
v 275.225 166.48 -175.275 
v 275.225 162.48 -179.275 
v 275.225 162.48 -175.275 
v 275.225 162.48 -175.275 
v 271.225 162.48 -175.275 
v 275.225 162.48 -179.275 
v 271.225 162.48 -179.275 
v 275.225 166.48 -175.275 
v 271.225 166.48 -175.275 
v 275.225 162.48 -175.275 
v 271.225 162.48 -175.275 

vn -1 0 0 
vn -1 0 0 
vn -1 0 0 
vn -1 0 0 
vn 0 1 0 
vn 0 1 0 
vn 0 1 0 
vn 0 1 0 
vn 0 0 -1 
vn 0 0 -1 
vn 0 0 -1 
vn 0 0 -1 
vn 1 0 0 
vn 1 0 0 
vn 1 0 0 
vn 1 0 0 
vn 0 -1 0 
vn 0 -1 0 
vn 0 -1 0 
vn 0 -1 0 
vn 0 0 1 
vn 0 0 1 
vn 0 0 1 
vn 0 0 1 

vt 0.088139 0.944317 
vt -0.411861 0.944317 
vt 0.088139 0.444317 
vt -0.411861 0.444317 
vt 0.088139 0.944317 
vt -0.411861 0.944317 
vt 0.088139 0.444317 
vt -0.411861 0.444317 
vt 0.088139 0.944317 
vt -0.411861 0.944317 
vt 0.088139 0.444317 
vt -0.411861 0.444317 
vt 0.088139 0.944317 
vt -0.411861 0.944317 
vt 0.088139 0.444317 
vt -0.411861 0.444317 
vt 0.088139 0.944317 
vt -0.411861 0.944317 
vt 0.088139 0.444317 
vt -0.411861 0.444317 
vt 0.088139 0.944317 
vt -0.411861 0.944317 
vt 0.088139 0.444317 
vt -0.411861 0.444317 

usemtl Grass1Mtl

f 289/289/289 290/290/290 291/291/291 
f 291/291/291 290/290/290 292/292/292 
f 293/293/293 294/294/294 295/295/295 
f 295/295/295 294/294/294 296/296/296 
f 297/297/297 298/298/298 299/299/299 
f 299/299/299 298/298/298 300/300/300 
f 301/301/301 302/302/302 303/303/303 
f 303/303/303 302/302/302 304/304/304 
f 305/305/305 306/306/306 307/307/307 
f 307/307/307 306/306/306 308/308/308 
f 309/309/309 310/310/310 311/311/311 
f 311/311/311 310/310/310 312/312/312 

g Part7

v 275.225 170.48 -175.275 
v 275.225 170.48 -163.275 
v 275.225 166.48 -175.275 
v 275.225 166.48 -163.275 
v 271.225 170.48 -163.275 
v 275.225 170.48 -163.275 
v 271.225 170.48 -175.275 
v 275.225 170.48 -175.275 
v 275.225 170.48 -163.275 
v 271.225 170.48 -163.275 
v 275.225 166.48 -163.275 
v 271.225 166.48 -163.275 
v 271.225 170.48 -163.275 
v 271.225 170.48 -175.275 
v 271.225 166.48 -163.275 
v 271.225 166.48 -175.275 
v 271.225 166.48 -175.275 
v 275.225 166.48 -175.275 
v 271.225 166.48 -163.275 
v 275.225 166.48 -163.275 
v 271.225 170.48 -175.275 
v 275.225 170.48 -175.275 
v 271.225 166.48 -175.275 
v 275.225 166.48 -175.275 

vn 1 0 0 
vn 1 0 0 
vn 1 0 0 
vn 1 0 0 
vn 0 1 0 
vn 0 1 0 
vn 0 1 0 
vn 0 1 0 
vn 0 0 1 
vn 0 0 1 
vn 0 0 1 
vn 0 0 1 
vn -1 0 0 
vn -1 0 0 
vn -1 0 0 
vn -1 0 0 
vn 0 -1 0 
vn 0 -1 0 
vn 0 -1 0 
vn 0 -1 0 
vn 0 0 -1 
vn 0 0 -1 
vn 0 0 -1 
vn 0 0 -1 

vt 1.19044 0.26256 
vt -0.309555 0.26256 
vt 1.19044 -0.23744 
vt -0.309555 -0.23744 
vt 0.190445 0.26256 
vt -0.309555 0.26256 
vt 0.190445 -1.23744 
vt -0.309555 -1.23744 
vt 0.190445 0.26256 
vt -0.309555 0.26256 
vt 0.190445 -0.23744 
vt -0.309555 -0.23744 
vt 1.19044 0.26256 
vt -0.309555 0.26256 
vt 1.19044 -0.23744 
vt -0.309555 -0.23744 
vt 0.190445 0.26256 
vt -0.309555 0.26256 
vt 0.190445 -1.23744 
vt -0.309555 -1.23744 
vt 0.190445 0.26256 
vt -0.309555 0.26256 
vt 0.190445 -0.23744 
vt -0.309555 -0.23744 

usemtl Grass1Mtl

f 313/313/313 314/314/314 315/315/315 
f 315/315/315 314/314/314 316/316/316 
f 317/317/317 318/318/318 319/319/319 
f 319/319/319 318/318/318 320/320/320 
f 321/321/321 322/322/322 323/323/323 
f 323/323/323 322/322/322 324/324/324 
f 325/325/325 326/326/326 327/327/327 
f 327/327/327 326/326/326 328/328/328 
f 329/329/329 330/330/330 331/331/331 
f 331/331/331 330/330/330 332/332/332 
f 333/333/333 334/334/334 335/335/335 
f 335/335/335 334/334/334 336/336/336 

g Part8

v 275.225 166.48 -163.275 
v 275.225 166.48 -159.275 
v 275.225 162.48 -163.275 
v 275.225 162.48 -159.275 
v 271.225 166.48 -159.275 
v 275.225 166.48 -159.275 
v 271.225 166.48 -163.275 
v 275.225 166.48 -163.275 
v 275.225 166.48 -159.275 
v 271.225 166.48 -159.275 
v 275.225 162.48 -159.275 
v 271.225 162.48 -159.275 
v 271.225 166.48 -159.275 
v 271.225 166.48 -163.275 
v 271.225 162.48 -159.275 
v 271.225 162.48 -163.275 
v 271.225 162.48 -163.275 
v 275.225 162.48 -163.275 
v 271.225 162.48 -159.275 
v 275.225 162.48 -159.275 
v 271.225 166.48 -163.275 
v 275.225 166.48 -163.275 
v 271.225 162.48 -163.275 
v 275.225 162.48 -163.275 

vn 1 0 0 
vn 1 0 0 
vn 1 0 0 
vn 1 0 0 
vn 0 1 0 
vn 0 1 0 
vn 0 1 0 
vn 0 1 0 
vn 0 0 1 
vn 0 0 1 
vn 0 0 1 
vn 0 0 1 
vn -1 0 0 
vn -1 0 0 
vn -1 0 0 
vn -1 0 0 
vn 0 -1 0 
vn 0 -1 0 
vn 0 -1 0 
vn 0 -1 0 
vn 0 0 -1 
vn 0 0 -1 
vn 0 0 -1 
vn 0 0 -1 

vt 0.861004 1.24094 
vt 0.361004 1.24094 
vt 0.861004 0.740945 
vt 0.361004 0.740945 
vt 0.861004 1.24094 
vt 0.361004 1.24094 
vt 0.861004 0.740945 
vt 0.361004 0.740945 
vt 0.861004 1.24094 
vt 0.361004 1.24094 
vt 0.861004 0.740945 
vt 0.361004 0.740945 
vt 0.861004 1.24094 
vt 0.361004 1.24094 
vt 0.861004 0.740945 
vt 0.361004 0.740945 
vt 0.861004 1.24094 
vt 0.361004 1.24094 
vt 0.861004 0.740945 
vt 0.361004 0.740945 
vt 0.861004 1.24094 
vt 0.361004 1.24094 
vt 0.861004 0.740945 
vt 0.361004 0.740945 

usemtl Grass1Mtl

f 337/337/337 338/338/338 339/339/339 
f 339/339/339 338/338/338 340/340/340 
f 341/341/341 342/342/342 343/343/343 
f 343/343/343 342/342/342 344/344/344 
f 345/345/345 346/346/346 347/347/347 
f 347/347/347 346/346/346 348/348/348 
f 349/349/349 350/350/350 351/351/351 
f 351/351/351 350/350/350 352/352/352 
f 353/353/353 354/354/354 355/355/355 
f 355/355/355 354/354/354 356/356/356 
f 357/357/357 358/358/358 359/359/359 
f 359/359/359 358/358/358 360/360/360 

g Part9

v 275.225 162.48 -159.275 
v 275.225 162.48 -155.275 
v 275.225 158.48 -159.275 
v 275.225 158.48 -155.275 
v 271.225 162.48 -155.275 
v 275.225 162.48 -155.275 
v 271.225 162.48 -159.275 
v 275.225 162.48 -159.275 
v 275.225 162.48 -155.275 
v 271.225 162.48 -155.275 
v 275.225 158.48 -155.275 
v 271.225 158.48 -155.275 
v 271.225 162.48 -155.275 
v 271.225 162.48 -159.275 
v 271.225 158.48 -155.275 
v 271.225 158.48 -159.275 
v 271.225 158.48 -159.275 
v 275.225 158.48 -159.275 
v 271.225 158.48 -155.275 
v 275.225 158.48 -155.275 
v 271.225 162.48 -159.275 
v 275.225 162.48 -159.275 
v 271.225 158.48 -159.275 
v 275.225 158.48 -159.275 

vn 1 0 0 
vn 1 0 0 
vn 1 0 0 
vn 1 0 0 
vn 0 1 0 
vn 0 1 0 
vn 0 1 0 
vn 0 1 0 
vn 0 0 1 
vn 0 0 1 
vn 0 0 1 
vn 0 0 1 
vn -1 0 0 
vn -1 0 0 
vn -1 0 0 
vn -1 0 0 
vn 0 -1 0 
vn 0 -1 0 
vn 0 -1 0 
vn 0 -1 0 
vn 0 0 -1 
vn 0 0 -1 
vn 0 0 -1 
vn 0 0 -1 

vt 0.297848 0.542387 
vt -0.202152 0.542387 
vt 0.297848 0.0423875 
vt -0.202152 0.0423875 
vt 0.297848 0.542387 
vt -0.202152 0.542387 
vt 0.297848 0.0423875 
vt -0.202152 0.0423875 
vt 0.297848 0.542387 
vt -0.202152 0.542387 
vt 0.297848 0.0423875 
vt -0.202152 0.0423875 
vt 0.297848 0.542387 
vt -0.202152 0.542387 
vt 0.297848 0.0423875 
vt -0.202152 0.0423875 
vt 0.297848 0.542387 
vt -0.202152 0.542387 
vt 0.297848 0.0423875 
vt -0.202152 0.0423875 
vt 0.297848 0.542387 
vt -0.202152 0.542387 
vt 0.297848 0.0423875 
vt -0.202152 0.0423875 

usemtl Grass1Mtl

f 361/361/361 362/362/362 363/363/363 
f 363/363/363 362/362/362 364/364/364 
f 365/365/365 366/366/366 367/367/367 
f 367/367/367 366/366/366 368/368/368 
f 369/369/369 370/370/370 371/371/371 
f 371/371/371 370/370/370 372/372/372 
f 373/373/373 374/374/374 375/375/375 
f 375/375/375 374/374/374 376/376/376 
f 377/377/377 378/378/378 379/379/379 
f 379/379/379 378/378/378 380/380/380 
f 381/381/381 382/382/382 383/383/383 
f 383/383/383 382/382/382 384/384/384 

g Graypart2

v 333.225 146.48 -184.275 
v 333.225 146.48 -174.275 
v 333.225 145.48 -184.275 
v 333.225 145.48 -174.275 
v 270.225 146.48 -174.275 
v 333.225 146.48 -174.275 
v 270.225 146.48 -184.275 
v 333.225 146.48 -184.275 
v 333.225 146.48 -174.275 
v 270.225 146.48 -174.275 
v 333.225 145.48 -174.275 
v 270.225 145.48 -174.275 
v 270.225 146.48 -174.275 
v 270.225 146.48 -184.275 
v 270.225 145.48 -174.275 
v 270.225 145.48 -184.275 
v 270.225 145.48 -184.275 
v 333.225 145.48 -184.275 
v 270.225 145.48 -174.275 
v 333.225 145.48 -174.275 
v 270.225 146.48 -184.275 
v 333.225 146.48 -184.275 
v 270.225 145.48 -184.275 
v 333.225 145.48 -184.275 

vn 1 0 0 
vn 1 0 0 
vn 1 0 0 
vn 1 0 0 
vn 0 1 0 
vn 0 1 0 
vn 0 1 0 
vn 0 1 0 
vn 0 0 1 
vn 0 0 1 
vn 0 0 1 
vn 0 0 1 
vn -1 0 0 
vn -1 0 0 
vn -1 0 0 
vn -1 0 0 
vn 0 -1 0 
vn 0 -1 0 
vn 0 -1 0 
vn 0 -1 0 
vn 0 0 -1 
vn 0 0 -1 
vn 0 0 -1 
vn 0 0 -1 

vt 2.44626 3.76258 
vt 1.19626 3.76258 
vt 2.44626 3.63758 
vt 1.19626 3.63758 
vt 9.07126 3.76258 
vt 1.19626 3.76258 
vt 9.07126 2.51258 
vt 1.19626 2.51258 
vt 9.07126 3.76258 
vt 1.19626 3.76258 
vt 9.07126 3.63758 
vt 1.19626 3.63758 
vt 2.44626 3.76258 
vt 1.19626 3.76258 
vt 2.44626 3.63758 
vt 1.19626 3.63758 
vt 9.07126 3.76258 
vt 1.19626 3.76258 
vt 9.07126 2.51258 
vt 1.19626 2.51258 
vt 9.07126 3.76258 
vt 1.19626 3.76258 
vt 9.07126 3.63758 
vt 1.19626 3.63758 

usemtl Graypart2Mtl

f 385/385/385 386/386/386 387/387/387 
f 387/387/387 386/386/386 388/388/388 
f 389/389/389 390/390/390 391/391/391 
f 391/391/391 390/390/390 392/392/392 
f 393/393/393 394/394/394 395/395/395 
f 395/395/395 394/394/394 396/396/396 
f 397/397/397 398/398/398 399/399/399 
f 399/399/399 398/398/398 400/400/400 
f 401/401/401 402/402/402 403/403/403 
f 403/403/403 402/402/402 404/404/404 
f 405/405/405 406/406/406 407/407/407 
f 407/407/407 406/406/406 408/408/408 

g Whitepart2

v 296.225 145.83 -170.275 
v 296.225 145.83 -168.275 
v 296.225 145.63 -170.275 
v 296.225 145.63 -168.275 
v 279.225 145.83 -168.275 
v 296.225 145.83 -168.275 
v 279.225 145.83 -170.275 
v 296.225 145.83 -170.275 
v 296.225 145.83 -168.275 
v 279.225 145.83 -168.275 
v 296.225 145.63 -168.275 
v 279.225 145.63 -168.275 
v 279.225 145.83 -168.275 
v 279.225 145.83 -170.275 
v 279.225 145.63 -168.275 
v 279.225 145.63 -170.275 
v 279.225 145.63 -170.275 
v 296.225 145.63 -170.275 
v 279.225 145.63 -168.275 
v 296.225 145.63 -168.275 
v 279.225 145.83 -170.275 
v 296.225 145.83 -170.275 
v 279.225 145.63 -170.275 
v 296.225 145.63 -170.275 

vn 1 0 0 
vn 1 0 0 
vn 1 0 0 
vn 1 0 0 
vn 0 1 0 
vn 0 1 0 
vn 0 1 0 
vn 0 1 0 
vn 0 0 1 
vn 0 0 1 
vn 0 0 1 
vn 0 0 1 
vn -1 0 0 
vn -1 0 0 
vn -1 0 0 
vn -1 0 0 
vn 0 -1 0 
vn 0 -1 0 
vn 0 -1 0 
vn 0 -1 0 
vn 0 0 -1 
vn 0 0 -1 
vn 0 0 -1 
vn 0 0 -1 

vt 0.729568 0.502938 
vt 0.479568 0.502938 
vt 0.729568 0.477938 
vt 0.479568 0.477938 
vt 2.60457 0.502938 
vt 0.479568 0.502938 
vt 2.60457 0.252938 
vt 0.479568 0.252938 
vt 2.60457 0.502938 
vt 0.479568 0.502938 
vt 2.60457 0.477938 
vt 0.479568 0.477938 
vt 0.729568 0.502938 
vt 0.479568 0.502938 
vt 0.729568 0.477938 
vt 0.479568 0.477938 
vt 2.60457 0.502938 
vt 0.479568 0.502938 
vt 2.60457 0.252938 
vt 0.479568 0.252938 
vt 2.60457 0.502938 
vt 0.479568 0.502938 
vt 2.60457 0.477938 
vt 0.479568 0.477938 

usemtl Whitepart1Mtl

f 409/409/409 410/410/410 411/411/411 
f 411/411/411 410/410/410 412/412/412 
f 413/413/413 414/414/414 415/415/415 
f 415/415/415 414/414/414 416/416/416 
f 417/417/417 418/418/418 419/419/419 
f 419/419/419 418/418/418 420/420/420 
f 421/421/421 422/422/422 423/423/423 
f 423/423/423 422/422/422 424/424/424 
f 425/425/425 426/426/426 427/427/427 
f 427/427/427 426/426/426 428/428/428 
f 429/429/429 430/430/430 431/431/431 
f 431/431/431 430/430/430 432/432/432 

g Grass3

v 333.225 150.48 -188.275 
v 333.225 150.48 -184.275 
v 333.225 146.48 -188.275 
v 333.225 146.48 -184.275 
v 270.225 150.48 -184.275 
v 333.225 150.48 -184.275 
v 270.225 150.48 -188.275 
v 333.225 150.48 -188.275 
v 333.225 150.48 -184.275 
v 270.225 150.48 -184.275 
v 333.225 146.48 -184.275 
v 270.225 146.48 -184.275 
v 270.225 150.48 -184.275 
v 270.225 150.48 -188.275 
v 270.225 146.48 -184.275 
v 270.225 146.48 -188.275 
v 270.225 146.48 -188.275 
v 333.225 146.48 -188.275 
v 270.225 146.48 -184.275 
v 333.225 146.48 -184.275 
v 270.225 150.48 -188.275 
v 333.225 150.48 -188.275 
v 270.225 146.48 -188.275 
v 333.225 146.48 -188.275 

vn 1 0 0 
vn 1 0 0 
vn 1 0 0 
vn 1 0 0 
vn 0 1 0 
vn 0 1 0 
vn 0 1 0 
vn 0 1 0 
vn 0 0 1 
vn 0 0 1 
vn 0 0 1 
vn 0 0 1 
vn -1 0 0 
vn -1 0 0 
vn -1 0 0 
vn -1 0 0 
vn 0 -1 0 
vn 0 -1 0 
vn 0 -1 0 
vn 0 -1 0 
vn 0 0 -1 
vn 0 0 -1 
vn 0 0 -1 
vn 0 0 -1 

vt 2.58183 2.17572 
vt 2.08183 2.17572 
vt 2.58183 1.67572 
vt 2.08183 1.67572 
vt 9.95683 2.17572 
vt 2.08183 2.17572 
vt 9.95683 1.67572 
vt 2.08183 1.67572 
vt 9.95683 2.17572 
vt 2.08183 2.17572 
vt 9.95683 1.67572 
vt 2.08183 1.67572 
vt 2.58183 2.17572 
vt 2.08183 2.17572 
vt 2.58183 1.67572 
vt 2.08183 1.67572 
vt 9.95683 2.17572 
vt 2.08183 2.17572 
vt 9.95683 1.67572 
vt 2.08183 1.67572 
vt 9.95683 2.17572 
vt 2.08183 2.17572 
vt 9.95683 1.67572 
vt 2.08183 1.67572 

usemtl Grass1Mtl

f 433/433/433 434/434/434 435/435/435 
f 435/435/435 434/434/434 436/436/436 
f 437/437/437 438/438/438 439/439/439 
f 439/439/439 438/438/438 440/440/440 
f 441/441/441 442/442/442 443/443/443 
f 443/443/443 442/442/442 444/444/444 
f 445/445/445 446/446/446 447/447/447 
f 447/447/447 446/446/446 448/448/448 
f 449/449/449 450/450/450 451/451/451 
f 451/451/451 450/450/450 452/452/452 
f 453/453/453 454/454/454 455/455/455 
f 455/455/455 454/454/454 456/456/456 

g Whitepart3

v 270.225 144.83 -170.275 
v 270.225 144.83 -168.275 
v 270.225 144.63 -170.275 
v 270.225 144.63 -168.275 
v 253.225 144.83 -168.275 
v 270.225 144.83 -168.275 
v 253.225 144.83 -170.275 
v 270.225 144.83 -170.275 
v 270.225 144.83 -168.275 
v 253.225 144.83 -168.275 
v 270.225 144.63 -168.275 
v 253.225 144.63 -168.275 
v 253.225 144.83 -168.275 
v 253.225 144.83 -170.275 
v 253.225 144.63 -168.275 
v 253.225 144.63 -170.275 
v 253.225 144.63 -170.275 
v 270.225 144.63 -170.275 
v 253.225 144.63 -168.275 
v 270.225 144.63 -168.275 
v 253.225 144.83 -170.275 
v 270.225 144.83 -170.275 
v 253.225 144.63 -170.275 
v 270.225 144.63 -170.275 

vn 1 0 0 
vn 1 0 0 
vn 1 0 0 
vn 1 0 0 
vn 0 1 0 
vn 0 1 0 
vn 0 1 0 
vn 0 1 0 
vn 0 0 1 
vn 0 0 1 
vn 0 0 1 
vn 0 0 1 
vn -1 0 0 
vn -1 0 0 
vn -1 0 0 
vn -1 0 0 
vn 0 -1 0 
vn 0 -1 0 
vn 0 -1 0 
vn 0 -1 0 
vn 0 0 -1 
vn 0 0 -1 
vn 0 0 -1 
vn 0 0 -1 

vt 0.55211 1.03632 
vt 0.30211 1.03632 
vt 0.55211 1.01132 
vt 0.30211 1.01132 
vt 2.42711 1.03632 
vt 0.30211 1.03632 
vt 2.42711 0.786319 
vt 0.30211 0.786319 
vt 2.42711 1.03632 
vt 0.30211 1.03632 
vt 2.42711 1.01132 
vt 0.30211 1.01132 
vt 0.55211 1.03632 
vt 0.30211 1.03632 
vt 0.55211 1.01132 
vt 0.30211 1.01132 
vt 2.42711 1.03632 
vt 0.30211 1.03632 
vt 2.42711 0.786319 
vt 0.30211 0.786319 
vt 2.42711 1.03632 
vt 0.30211 1.03632 
vt 2.42711 1.01132 
vt 0.30211 1.01132 

usemtl Whitepart1Mtl

f 457/457/457 458/458/458 459/459/459 
f 459/459/459 458/458/458 460/460/460 
f 461/461/461 462/462/462 463/463/463 
f 463/463/463 462/462/462 464/464/464 
f 465/465/465 466/466/466 467/467/467 
f 467/467/467 466/466/466 468/468/468 
f 469/469/469 470/470/470 471/471/471 
f 471/471/471 470/470/470 472/472/472 
f 473/473/473 474/474/474 475/475/475 
f 475/475/475 474/474/474 476/476/476 
f 477/477/477 478/478/478 479/479/479 
f 479/479/479 478/478/478 480/480/480 

g Grass4

v 270.225 149.48 -154.275 
v 270.225 149.48 -150.275 
v 270.225 145.48 -154.275 
v 270.225 145.48 -150.275 
v 207.225 149.48 -150.275 
v 270.225 149.48 -150.275 
v 207.225 149.48 -154.275 
v 270.225 149.48 -154.275 
v 270.225 149.48 -150.275 
v 207.225 149.48 -150.275 
v 270.225 145.48 -150.275 
v 207.225 145.48 -150.275 
v 207.225 149.48 -150.275 
v 207.225 149.48 -154.275 
v 207.225 145.48 -150.275 
v 207.225 145.48 -154.275 
v 207.225 145.48 -154.275 
v 270.225 145.48 -154.275 
v 207.225 145.48 -150.275 
v 270.225 145.48 -150.275 
v 207.225 149.48 -154.275 
v 270.225 149.48 -154.275 
v 207.225 145.48 -154.275 
v 270.225 145.48 -154.275 

vn 1 0 0 
vn 1 0 0 
vn 1 0 0 
vn 1 0 0 
vn 0 1 0 
vn 0 1 0 
vn 0 1 0 
vn 0 1 0 
vn 0 0 1 
vn 0 0 1 
vn 0 0 1 
vn 0 0 1 
vn -1 0 0 
vn -1 0 0 
vn -1 0 0 
vn -1 0 0 
vn 0 -1 0 
vn 0 -1 0 
vn 0 -1 0 
vn 0 -1 0 
vn 0 0 -1 
vn 0 0 -1 
vn 0 0 -1 
vn 0 0 -1 

vt -1.49086 4.8209 
vt -1.99086 4.8209 
vt -1.49086 4.3209 
vt -1.99086 4.3209 
vt 5.88414 4.8209 
vt -1.99086 4.8209 
vt 5.88414 4.3209 
vt -1.99086 4.3209 
vt 5.88414 4.8209 
vt -1.99086 4.8209 
vt 5.88414 4.3209 
vt -1.99086 4.3209 
vt -1.49086 4.8209 
vt -1.99086 4.8209 
vt -1.49086 4.3209 
vt -1.99086 4.3209 
vt 5.88414 4.8209 
vt -1.99086 4.8209 
vt 5.88414 4.3209 
vt -1.99086 4.3209 
vt 5.88414 4.8209 
vt -1.99086 4.8209 
vt 5.88414 4.3209 
vt -1.99086 4.3209 

usemtl Grass1Mtl

f 481/481/481 482/482/482 483/483/483 
f 483/483/483 482/482/482 484/484/484 
f 485/485/485 486/486/486 487/487/487 
f 487/487/487 486/486/486 488/488/488 
f 489/489/489 490/490/490 491/491/491 
f 491/491/491 490/490/490 492/492/492 
f 493/493/493 494/494/494 495/495/495 
f 495/495/495 494/494/494 496/496/496 
f 497/497/497 498/498/498 499/499/499 
f 499/499/499 498/498/498 500/500/500 
f 501/501/501 502/502/502 503/503/503 
f 503/503/503 502/502/502 504/504/504 

g Graypart3

v 270.225 145.48 -164.275 
v 270.225 145.48 -154.275 
v 270.225 144.48 -164.275 
v 270.225 144.48 -154.275 
v 207.225 145.48 -154.275 
v 270.225 145.48 -154.275 
v 207.225 145.48 -164.275 
v 270.225 145.48 -164.275 
v 270.225 145.48 -154.275 
v 207.225 145.48 -154.275 
v 270.225 144.48 -154.275 
v 207.225 144.48 -154.275 
v 207.225 145.48 -154.275 
v 207.225 145.48 -164.275 
v 207.225 144.48 -154.275 
v 207.225 144.48 -164.275 
v 207.225 144.48 -164.275 
v 270.225 144.48 -164.275 
v 207.225 144.48 -154.275 
v 270.225 144.48 -154.275 
v 207.225 145.48 -164.275 
v 270.225 145.48 -164.275 
v 207.225 144.48 -164.275 
v 270.225 144.48 -164.275 

vn 1 0 0 
vn 1 0 0 
vn 1 0 0 
vn 1 0 0 
vn 0 1 0 
vn 0 1 0 
vn 0 1 0 
vn 0 1 0 
vn 0 0 1 
vn 0 0 1 
vn 0 0 1 
vn 0 0 1 
vn -1 0 0 
vn -1 0 0 
vn -1 0 0 
vn -1 0 0 
vn 0 -1 0 
vn 0 -1 0 
vn 0 -1 0 
vn 0 -1 0 
vn 0 0 -1 
vn 0 0 -1 
vn 0 0 -1 
vn 0 0 -1 

vt 0.104646 3.02655 
vt -1.14535 3.02655 
vt 0.104646 2.90155 
vt -1.14535 2.90155 
vt 6.72965 3.02655 
vt -1.14535 3.02655 
vt 6.72965 1.77655 
vt -1.14535 1.77655 
vt 6.72965 3.02655 
vt -1.14535 3.02655 
vt 6.72965 2.90155 
vt -1.14535 2.90155 
vt 0.104646 3.02655 
vt -1.14535 3.02655 
vt 0.104646 2.90155 
vt -1.14535 2.90155 
vt 6.72965 3.02655 
vt -1.14535 3.02655 
vt 6.72965 1.77655 
vt -1.14535 1.77655 
vt 6.72965 3.02655 
vt -1.14535 3.02655 
vt 6.72965 2.90155 
vt -1.14535 2.90155 

usemtl Graypart1Mtl

f 505/505/505 506/506/506 507/507/507 
f 507/507/507 506/506/506 508/508/508 
f 509/509/509 510/510/510 511/511/511 
f 511/511/511 510/510/510 512/512/512 
f 513/513/513 514/514/514 515/515/515 
f 515/515/515 514/514/514 516/516/516 
f 517/517/517 518/518/518 519/519/519 
f 519/519/519 518/518/518 520/520/520 
f 521/521/521 522/522/522 523/523/523 
f 523/523/523 522/522/522 524/524/524 
f 525/525/525 526/526/526 527/527/527 
f 527/527/527 526/526/526 528/528/528 

g Whitepart4

v 207.225 143.83 -170.275 
v 207.225 143.83 -168.275 
v 207.225 143.63 -170.275 
v 207.225 143.63 -168.275 
v 190.225 143.83 -168.275 
v 207.225 143.83 -168.275 
v 190.225 143.83 -170.275 
v 207.225 143.83 -170.275 
v 207.225 143.83 -168.275 
v 190.225 143.83 -168.275 
v 207.225 143.63 -168.275 
v 190.225 143.63 -168.275 
v 190.225 143.83 -168.275 
v 190.225 143.83 -170.275 
v 190.225 143.63 -168.275 
v 190.225 143.63 -170.275 
v 190.225 143.63 -170.275 
v 207.225 143.63 -170.275 
v 190.225 143.63 -168.275 
v 207.225 143.63 -168.275 
v 190.225 143.83 -170.275 
v 207.225 143.83 -170.275 
v 190.225 143.63 -170.275 
v 207.225 143.63 -170.275 

vn 1 0 0 
vn 1 0 0 
vn 1 0 0 
vn 1 0 0 
vn 0 1 0 
vn 0 1 0 
vn 0 1 0 
vn 0 1 0 
vn 0 0 1 
vn 0 0 1 
vn 0 0 1 
vn 0 0 1 
vn -1 0 0 
vn -1 0 0 
vn -1 0 0 
vn -1 0 0 
vn 0 -1 0 
vn 0 -1 0 
vn 0 -1 0 
vn 0 -1 0 
vn 0 0 -1 
vn 0 0 -1 
vn 0 0 -1 
vn 0 0 -1 

vt -0.822313 0.50603 
vt -1.07231 0.50603 
vt -0.822313 0.48103 
vt -1.07231 0.48103 
vt 1.05269 0.50603 
vt -1.07231 0.50603 
vt 1.05269 0.25603 
vt -1.07231 0.25603 
vt 1.05269 0.50603 
vt -1.07231 0.50603 
vt 1.05269 0.48103 
vt -1.07231 0.48103 
vt -0.822313 0.50603 
vt -1.07231 0.50603 
vt -0.822313 0.48103 
vt -1.07231 0.48103 
vt 1.05269 0.50603 
vt -1.07231 0.50603 
vt 1.05269 0.25603 
vt -1.07231 0.25603 
vt 1.05269 0.50603 
vt -1.07231 0.50603 
vt 1.05269 0.48103 
vt -1.07231 0.48103 

usemtl Whitepart1Mtl

f 529/529/529 530/530/530 531/531/531 
f 531/531/531 530/530/530 532/532/532 
f 533/533/533 534/534/534 535/535/535 
f 535/535/535 534/534/534 536/536/536 
f 537/537/537 538/538/538 539/539/539 
f 539/539/539 538/538/538 540/540/540 
f 541/541/541 542/542/542 543/543/543 
f 543/543/543 542/542/542 544/544/544 
f 545/545/545 546/546/546 547/547/547 
f 547/547/547 546/546/546 548/548/548 
f 549/549/549 550/550/550 551/551/551 
f 551/551/551 550/550/550 552/552/552 

g Part10

v 207.225 144.48 -164.275 
v 207.225 144.48 -154.275 
v 207.225 143.48 -164.275 
v 207.225 143.48 -154.275 
v 144.225 144.48 -154.275 
v 207.225 144.48 -154.275 
v 144.225 144.48 -164.275 
v 207.225 144.48 -164.275 
v 207.225 144.48 -154.275 
v 144.225 144.48 -154.275 
v 207.225 143.48 -154.275 
v 144.225 143.48 -154.275 
v 144.225 144.48 -154.275 
v 144.225 144.48 -164.275 
v 144.225 143.48 -154.275 
v 144.225 143.48 -164.275 
v 144.225 143.48 -164.275 
v 207.225 143.48 -164.275 
v 144.225 143.48 -154.275 
v 207.225 143.48 -154.275 
v 144.225 144.48 -164.275 
v 207.225 144.48 -164.275 
v 144.225 143.48 -164.275 
v 207.225 143.48 -164.275 

vn 1 0 0 
vn 1 0 0 
vn 1 0 0 
vn 1 0 0 
vn 0 1 0 
vn 0 1 0 
vn 0 1 0 
vn 0 1 0 
vn 0 0 1 
vn 0 0 1 
vn 0 0 1 
vn 0 0 1 
vn -1 0 0 
vn -1 0 0 
vn -1 0 0 
vn -1 0 0 
vn 0 -1 0 
vn 0 -1 0 
vn 0 -1 0 
vn 0 -1 0 
vn 0 0 -1 
vn 0 0 -1 
vn 0 0 -1 
vn 0 0 -1 

vt 5.84799 2.19049 
vt 4.59799 2.19049 
vt 5.84799 2.06549 
vt 4.59799 2.06549 
vt 12.473 2.19049 
vt 4.59799 2.19049 
vt 12.473 0.940494 
vt 4.59799 0.940494 
vt 12.473 2.19049 
vt 4.59799 2.19049 
vt 12.473 2.06549 
vt 4.59799 2.06549 
vt 5.84799 2.19049 
vt 4.59799 2.19049 
vt 5.84799 2.06549 
vt 4.59799 2.06549 
vt 12.473 2.19049 
vt 4.59799 2.19049 
vt 12.473 0.940494 
vt 4.59799 0.940494 
vt 12.473 2.19049 
vt 4.59799 2.19049 
vt 12.473 2.06549 
vt 4.59799 2.06549 

usemtl Graypart1Mtl

f 553/553/553 554/554/554 555/555/555 
f 555/555/555 554/554/554 556/556/556 
f 557/557/557 558/558/558 559/559/559 
f 559/559/559 558/558/558 560/560/560 
f 561/561/561 562/562/562 563/563/563 
f 563/563/563 562/562/562 564/564/564 
f 565/565/565 566/566/566 567/567/567 
f 567/567/567 566/566/566 568/568/568 
f 569/569/569 570/570/570 571/571/571 
f 571/571/571 570/570/570 572/572/572 
f 573/573/573 574/574/574 575/575/575 
f 575/575/575 574/574/574 576/576/576 

g Blackpart2

v 207.225 143.48 -175.275 
v 207.225 143.48 -163.275 
v 207.225 142.48 -175.275 
v 207.225 142.48 -163.275 
v 144.225 143.48 -163.275 
v 207.225 143.48 -163.275 
v 144.225 143.48 -175.275 
v 207.225 143.48 -175.275 
v 207.225 143.48 -163.275 
v 144.225 143.48 -163.275 
v 207.225 142.48 -163.275 
v 144.225 142.48 -163.275 
v 144.225 143.48 -163.275 
v 144.225 143.48 -175.275 
v 144.225 142.48 -163.275 
v 144.225 142.48 -175.275 
v 144.225 142.48 -175.275 
v 207.225 142.48 -175.275 
v 144.225 142.48 -163.275 
v 207.225 142.48 -163.275 
v 144.225 143.48 -175.275 
v 207.225 143.48 -175.275 
v 144.225 142.48 -175.275 
v 207.225 142.48 -175.275 

vn 1 0 0 
vn 1 0 0 
vn 1 0 0 
vn 1 0 0 
vn 0 1 0 
vn 0 1 0 
vn 0 1 0 
vn 0 1 0 
vn 0 0 1 
vn 0 0 1 
vn 0 0 1 
vn 0 0 1 
vn -1 0 0 
vn -1 0 0 
vn -1 0 0 
vn -1 0 0 
vn 0 -1 0 
vn 0 -1 0 
vn 0 -1 0 
vn 0 -1 0 
vn 0 0 -1 
vn 0 0 -1 
vn 0 0 -1 
vn 0 0 -1 

vt 4.8717 -2.10957 
vt 3.3717 -2.10957 
vt 4.8717 -2.23457 
vt 3.3717 -2.23457 
vt 11.2467 -2.10957 
vt 3.3717 -2.10957 
vt 11.2467 -3.60957 
vt 3.3717 -3.60957 
vt 11.2467 -2.10957 
vt 3.3717 -2.10957 
vt 11.2467 -2.23457 
vt 3.3717 -2.23457 
vt 4.8717 -2.10957 
vt 3.3717 -2.10957 
vt 4.8717 -2.23457 
vt 3.3717 -2.23457 
vt 11.2467 -2.10957 
vt 3.3717 -2.10957 
vt 11.2467 -3.60957 
vt 3.3717 -3.60957 
vt 11.2467 -2.10957 
vt 3.3717 -2.10957 
vt 11.2467 -2.23457 
vt 3.3717 -2.23457 

usemtl Blackpart1Mtl

f 577/577/577 578/578/578 579/579/579 
f 579/579/579 578/578/578 580/580/580 
f 581/581/581 582/582/582 583/583/583 
f 583/583/583 582/582/582 584/584/584 
f 585/585/585 586/586/586 587/587/587 
f 587/587/587 586/586/586 588/588/588 
f 589/589/589 590/590/590 591/591/591 
f 591/591/591 590/590/590 592/592/592 
f 593/593/593 594/594/594 595/595/595 
f 595/595/595 594/594/594 596/596/596 
f 597/597/597 598/598/598 599/599/599 
f 599/599/599 598/598/598 600/600/600 

g Grass5

v 270.225 149.48 -188.275 
v 270.225 149.48 -184.275 
v 270.225 145.48 -188.275 
v 270.225 145.48 -184.275 
v 207.225 149.48 -184.275 
v 270.225 149.48 -184.275 
v 207.225 149.48 -188.275 
v 270.225 149.48 -188.275 
v 270.225 149.48 -184.275 
v 207.225 149.48 -184.275 
v 270.225 145.48 -184.275 
v 207.225 145.48 -184.275 
v 207.225 149.48 -184.275 
v 207.225 149.48 -188.275 
v 207.225 145.48 -184.275 
v 207.225 145.48 -188.275 
v 207.225 145.48 -188.275 
v 270.225 145.48 -188.275 
v 207.225 145.48 -184.275 
v 270.225 145.48 -184.275 
v 207.225 149.48 -188.275 
v 270.225 149.48 -188.275 
v 207.225 145.48 -188.275 
v 270.225 145.48 -188.275 

vn 1 0 0 
vn 1 0 0 
vn 1 0 0 
vn 1 0 0 
vn 0 1 0 
vn 0 1 0 
vn 0 1 0 
vn 0 1 0 
vn 0 0 1 
vn 0 0 1 
vn 0 0 1 
vn 0 0 1 
vn -1 0 0 
vn -1 0 0 
vn -1 0 0 
vn -1 0 0 
vn 0 -1 0 
vn 0 -1 0 
vn 0 -1 0 
vn 0 -1 0 
vn 0 0 -1 
vn 0 0 -1 
vn 0 0 -1 
vn 0 0 -1 

vt -1.08381 -1.70754 
vt -1.58381 -1.70754 
vt -1.08381 -2.20754 
vt -1.58381 -2.20754 
vt 6.29119 -1.70754 
vt -1.58381 -1.70754 
vt 6.29119 -2.20754 
vt -1.58381 -2.20754 
vt 6.29119 -1.70754 
vt -1.58381 -1.70754 
vt 6.29119 -2.20754 
vt -1.58381 -2.20754 
vt -1.08381 -1.70754 
vt -1.58381 -1.70754 
vt -1.08381 -2.20754 
vt -1.58381 -2.20754 
vt 6.29119 -1.70754 
vt -1.58381 -1.70754 
vt 6.29119 -2.20754 
vt -1.58381 -2.20754 
vt 6.29119 -1.70754 
vt -1.58381 -1.70754 
vt 6.29119 -2.20754 
vt -1.58381 -2.20754 

usemtl Grass1Mtl

f 601/601/601 602/602/602 603/603/603 
f 603/603/603 602/602/602 604/604/604 
f 605/605/605 606/606/606 607/607/607 
f 607/607/607 606/606/606 608/608/608 
f 609/609/609 610/610/610 611/611/611 
f 611/611/611 610/610/610 612/612/612 
f 613/613/613 614/614/614 615/615/615 
f 615/615/615 614/614/614 616/616/616 
f 617/617/617 618/618/618 619/619/619 
f 619/619/619 618/618/618 620/620/620 
f 621/621/621 622/622/622 623/623/623 
f 623/623/623 622/622/622 624/624/624 

g Blackpart3

v 270.225 144.48 -175.275 
v 270.225 144.48 -163.275 
v 270.225 143.48 -175.275 
v 270.225 143.48 -163.275 
v 207.225 144.48 -163.275 
v 270.225 144.48 -163.275 
v 207.225 144.48 -175.275 
v 270.225 144.48 -175.275 
v 270.225 144.48 -163.275 
v 207.225 144.48 -163.275 
v 270.225 143.48 -163.275 
v 207.225 143.48 -163.275 
v 207.225 144.48 -163.275 
v 207.225 144.48 -175.275 
v 207.225 143.48 -163.275 
v 207.225 143.48 -175.275 
v 207.225 143.48 -175.275 
v 270.225 143.48 -175.275 
v 207.225 143.48 -163.275 
v 270.225 143.48 -163.275 
v 207.225 144.48 -175.275 
v 270.225 144.48 -175.275 
v 207.225 143.48 -175.275 
v 270.225 143.48 -175.275 

vn 1 0 0 
vn 1 0 0 
vn 1 0 0 
vn 1 0 0 
vn 0 1 0 
vn 0 1 0 
vn 0 1 0 
vn 0 1 0 
vn 0 0 1 
vn 0 0 1 
vn 0 0 1 
vn 0 0 1 
vn -1 0 0 
vn -1 0 0 
vn -1 0 0 
vn -1 0 0 
vn 0 -1 0 
vn 0 -1 0 
vn 0 -1 0 
vn 0 -1 0 
vn 0 0 -1 
vn 0 0 -1 
vn 0 0 -1 
vn 0 0 -1 

vt 0.0493406 -1.28636 
vt -1.45066 -1.28636 
vt 0.0493406 -1.41136 
vt -1.45066 -1.41136 
vt 6.42434 -1.28636 
vt -1.45066 -1.28636 
vt 6.42434 -2.78636 
vt -1.45066 -2.78636 
vt 6.42434 -1.28636 
vt -1.45066 -1.28636 
vt 6.42434 -1.41136 
vt -1.45066 -1.41136 
vt 0.0493406 -1.28636 
vt -1.45066 -1.28636 
vt 0.0493406 -1.41136 
vt -1.45066 -1.41136 
vt 6.42434 -1.28636 
vt -1.45066 -1.28636 
vt 6.42434 -2.78636 
vt -1.45066 -2.78636 
vt 6.42434 -1.28636 
vt -1.45066 -1.28636 
vt 6.42434 -1.41136 
vt -1.45066 -1.41136 

usemtl Blackpart1Mtl

f 625/625/625 626/626/626 627/627/627 
f 627/627/627 626/626/626 628/628/628 
f 629/629/629 630/630/630 631/631/631 
f 631/631/631 630/630/630 632/632/632 
f 633/633/633 634/634/634 635/635/635 
f 635/635/635 634/634/634 636/636/636 
f 637/637/637 638/638/638 639/639/639 
f 639/639/639 638/638/638 640/640/640 
f 641/641/641 642/642/642 643/643/643 
f 643/643/643 642/642/642 644/644/644 
f 645/645/645 646/646/646 647/647/647 
f 647/647/647 646/646/646 648/648/648 

g Graypart4

v 270.225 145.48 -184.275 
v 270.225 145.48 -174.275 
v 270.225 144.48 -184.275 
v 270.225 144.48 -174.275 
v 207.225 145.48 -174.275 
v 270.225 145.48 -174.275 
v 207.225 145.48 -184.275 
v 270.225 145.48 -184.275 
v 270.225 145.48 -174.275 
v 207.225 145.48 -174.275 
v 270.225 144.48 -174.275 
v 207.225 144.48 -174.275 
v 207.225 145.48 -174.275 
v 207.225 145.48 -184.275 
v 207.225 144.48 -174.275 
v 207.225 144.48 -184.275 
v 207.225 144.48 -184.275 
v 270.225 144.48 -184.275 
v 207.225 144.48 -174.275 
v 270.225 144.48 -174.275 
v 207.225 145.48 -184.275 
v 270.225 145.48 -184.275 
v 207.225 144.48 -184.275 
v 270.225 144.48 -184.275 

vn 1 0 0 
vn 1 0 0 
vn 1 0 0 
vn 1 0 0 
vn 0 1 0 
vn 0 1 0 
vn 0 1 0 
vn 0 1 0 
vn 0 0 1 
vn 0 0 1 
vn 0 0 1 
vn 0 0 1 
vn -1 0 0 
vn -1 0 0 
vn -1 0 0 
vn -1 0 0 
vn 0 -1 0 
vn 0 -1 0 
vn 0 -1 0 
vn 0 -1 0 
vn 0 0 -1 
vn 0 0 -1 
vn 0 0 -1 
vn 0 0 -1 

vt -2.37276 3.53981 
vt -3.62276 3.53981 
vt -2.37276 3.41481 
vt -3.62276 3.41481 
vt 4.25224 3.53981 
vt -3.62276 3.53981 
vt 4.25224 2.28981 
vt -3.62276 2.28981 
vt 4.25224 3.53981 
vt -3.62276 3.53981 
vt 4.25224 3.41481 
vt -3.62276 3.41481 
vt -2.37276 3.53981 
vt -3.62276 3.53981 
vt -2.37276 3.41481 
vt -3.62276 3.41481 
vt 4.25224 3.53981 
vt -3.62276 3.53981 
vt 4.25224 2.28981 
vt -3.62276 2.28981 
vt 4.25224 3.53981 
vt -3.62276 3.53981 
vt 4.25224 3.41481 
vt -3.62276 3.41481 

usemtl Graypart2Mtl

f 649/649/649 650/650/650 651/651/651 
f 651/651/651 650/650/650 652/652/652 
f 653/653/653 654/654/654 655/655/655 
f 655/655/655 654/654/654 656/656/656 
f 657/657/657 658/658/658 659/659/659 
f 659/659/659 658/658/658 660/660/660 
f 661/661/661 662/662/662 663/663/663 
f 663/663/663 662/662/662 664/664/664 
f 665/665/665 666/666/666 667/667/667 
f 667/667/667 666/666/666 668/668/668 
f 669/669/669 670/670/670 671/671/671 
f 671/671/671 670/670/670 672/672/672 

g Whitepart5

v 233.225 144.83 -170.275 
v 233.225 144.83 -168.275 
v 233.225 144.63 -170.275 
v 233.225 144.63 -168.275 
v 216.225 144.83 -168.275 
v 233.225 144.83 -168.275 
v 216.225 144.83 -170.275 
v 233.225 144.83 -170.275 
v 233.225 144.83 -168.275 
v 216.225 144.83 -168.275 
v 233.225 144.63 -168.275 
v 216.225 144.63 -168.275 
v 216.225 144.83 -168.275 
v 216.225 144.83 -170.275 
v 216.225 144.63 -168.275 
v 216.225 144.63 -170.275 
v 216.225 144.63 -170.275 
v 233.225 144.63 -170.275 
v 216.225 144.63 -168.275 
v 233.225 144.63 -168.275 
v 216.225 144.83 -170.275 
v 233.225 144.83 -170.275 
v 216.225 144.63 -170.275 
v 233.225 144.63 -170.275 

vn 1 0 0 
vn 1 0 0 
vn 1 0 0 
vn 1 0 0 
vn 0 1 0 
vn 0 1 0 
vn 0 1 0 
vn 0 1 0 
vn 0 0 1 
vn 0 0 1 
vn 0 0 1 
vn 0 0 1 
vn -1 0 0 
vn -1 0 0 
vn -1 0 0 
vn -1 0 0 
vn 0 -1 0 
vn 0 -1 0 
vn 0 -1 0 
vn 0 -1 0 
vn 0 0 -1 
vn 0 0 -1 
vn 0 0 -1 
vn 0 0 -1 

vt -0.288373 -0.106703 
vt -0.538373 -0.106703 
vt -0.288373 -0.131703 
vt -0.538373 -0.131703 
vt 1.58663 -0.106703 
vt -0.538373 -0.106703 
vt 1.58663 -0.356703 
vt -0.538373 -0.356703 
vt 1.58663 -0.106703 
vt -0.538373 -0.106703 
vt 1.58663 -0.131703 
vt -0.538373 -0.131703 
vt -0.288373 -0.106703 
vt -0.538373 -0.106703 
vt -0.288373 -0.131703 
vt -0.538373 -0.131703 
vt 1.58663 -0.106703 
vt -0.538373 -0.106703 
vt 1.58663 -0.356703 
vt -0.538373 -0.356703 
vt 1.58663 -0.106703 
vt -0.538373 -0.106703 
vt 1.58663 -0.131703 
vt -0.538373 -0.131703 

usemtl Whitepart1Mtl

f 673/673/673 674/674/674 675/675/675 
f 675/675/675 674/674/674 676/676/676 
f 677/677/677 678/678/678 679/679/679 
f 679/679/679 678/678/678 680/680/680 
f 681/681/681 682/682/682 683/683/683 
f 683/683/683 682/682/682 684/684/684 
f 685/685/685 686/686/686 687/687/687 
f 687/687/687 686/686/686 688/688/688 
f 689/689/689 690/690/690 691/691/691 
f 691/691/691 690/690/690 692/692/692 
f 693/693/693 694/694/694 695/695/695 
f 695/695/695 694/694/694 696/696/696 

g Part11

v 207.225 144.48 -184.275 
v 207.225 144.48 -174.275 
v 207.225 143.48 -184.275 
v 207.225 143.48 -174.275 
v 144.225 144.48 -174.275 
v 207.225 144.48 -174.275 
v 144.225 144.48 -184.275 
v 207.225 144.48 -184.275 
v 207.225 144.48 -174.275 
v 144.225 144.48 -174.275 
v 207.225 143.48 -174.275 
v 144.225 143.48 -174.275 
v 144.225 144.48 -174.275 
v 144.225 144.48 -184.275 
v 144.225 143.48 -174.275 
v 144.225 143.48 -184.275 
v 144.225 143.48 -184.275 
v 207.225 143.48 -184.275 
v 144.225 143.48 -174.275 
v 207.225 143.48 -174.275 
v 144.225 144.48 -184.275 
v 207.225 144.48 -184.275 
v 144.225 143.48 -184.275 
v 207.225 143.48 -184.275 

vn 1 0 0 
vn 1 0 0 
vn 1 0 0 
vn 1 0 0 
vn 0 1 0 
vn 0 1 0 
vn 0 1 0 
vn 0 1 0 
vn 0 0 1 
vn 0 0 1 
vn 0 0 1 
vn 0 0 1 
vn -1 0 0 
vn -1 0 0 
vn -1 0 0 
vn -1 0 0 
vn 0 -1 0 
vn 0 -1 0 
vn 0 -1 0 
vn 0 -1 0 
vn 0 0 -1 
vn 0 0 -1 
vn 0 0 -1 
vn 0 0 -1 

vt -2.92591 -0.903844 
vt -4.17591 -0.903844 
vt -2.92591 -1.02884 
vt -4.17591 -1.02884 
vt 3.69909 -0.903844 
vt -4.17591 -0.903844 
vt 3.69909 -2.15384 
vt -4.17591 -2.15384 
vt 3.69909 -0.903844 
vt -4.17591 -0.903844 
vt 3.69909 -1.02884 
vt -4.17591 -1.02884 
vt -2.92591 -0.903844 
vt -4.17591 -0.903844 
vt -2.92591 -1.02884 
vt -4.17591 -1.02884 
vt 3.69909 -0.903844 
vt -4.17591 -0.903844 
vt 3.69909 -2.15384 
vt -4.17591 -2.15384 
vt 3.69909 -0.903844 
vt -4.17591 -0.903844 
vt 3.69909 -1.02884 
vt -4.17591 -1.02884 

usemtl Graypart2Mtl

f 697/697/697 698/698/698 699/699/699 
f 699/699/699 698/698/698 700/700/700 
f 701/701/701 702/702/702 703/703/703 
f 703/703/703 702/702/702 704/704/704 
f 705/705/705 706/706/706 707/707/707 
f 707/707/707 706/706/706 708/708/708 
f 709/709/709 710/710/710 711/711/711 
f 711/711/711 710/710/710 712/712/712 
f 713/713/713 714/714/714 715/715/715 
f 715/715/715 714/714/714 716/716/716 
f 717/717/717 718/718/718 719/719/719 
f 719/719/719 718/718/718 720/720/720 

g Grass6

v 207.225 148.48 -154.275 
v 207.225 148.48 -150.275 
v 207.225 144.48 -154.275 
v 207.225 144.48 -150.275 
v 81.225 148.48 -150.275 
v 207.225 148.48 -150.275 
v 81.225 148.48 -154.275 
v 207.225 148.48 -154.275 
v 207.225 148.48 -150.275 
v 81.225 148.48 -150.275 
v 207.225 144.48 -150.275 
v 81.225 144.48 -150.275 
v 81.225 148.48 -150.275 
v 81.225 148.48 -154.275 
v 81.225 144.48 -150.275 
v 81.225 144.48 -154.275 
v 81.225 144.48 -154.275 
v 207.225 144.48 -154.275 
v 81.225 144.48 -150.275 
v 207.225 144.48 -150.275 
v 81.225 148.48 -154.275 
v 207.225 148.48 -154.275 
v 81.225 144.48 -154.275 
v 207.225 144.48 -154.275 

vn 1 0 0 
vn 1 0 0 
vn 1 0 0 
vn 1 0 0 
vn 0 1 0 
vn 0 1 0 
vn 0 1 0 
vn 0 1 0 
vn 0 0 1 
vn 0 0 1 
vn 0 0 1 
vn 0 0 1 
vn -1 0 0 
vn -1 0 0 
vn -1 0 0 
vn -1 0 0 
vn 0 -1 0 
vn 0 -1 0 
vn 0 -1 0 
vn 0 -1 0 
vn 0 0 -1 
vn 0 0 -1 
vn 0 0 -1 
vn 0 0 -1 

vt 8.0014 -7.32609 
vt 7.5014 -7.32609 
vt 8.0014 -7.82609 
vt 7.5014 -7.82609 
vt 23.2514 -7.32609 
vt 7.5014 -7.32609 
vt 23.2514 -7.82609 
vt 7.5014 -7.82609 
vt 23.2514 -7.32609 
vt 7.5014 -7.32609 
vt 23.2514 -7.82609 
vt 7.5014 -7.82609 
vt 8.0014 -7.32609 
vt 7.5014 -7.32609 
vt 8.0014 -7.82609 
vt 7.5014 -7.82609 
vt 23.2514 -7.32609 
vt 7.5014 -7.32609 
vt 23.2514 -7.82609 
vt 7.5014 -7.82609 
vt 23.2514 -7.32609 
vt 7.5014 -7.32609 
vt 23.2514 -7.82609 
vt 7.5014 -7.82609 

usemtl Grass1Mtl

f 721/721/721 722/722/722 723/723/723 
f 723/723/723 722/722/722 724/724/724 
f 725/725/725 726/726/726 727/727/727 
f 727/727/727 726/726/726 728/728/728 
f 729/729/729 730/730/730 731/731/731 
f 731/731/731 730/730/730 732/732/732 
f 733/733/733 734/734/734 735/735/735 
f 735/735/735 734/734/734 736/736/736 
f 737/737/737 738/738/738 739/739/739 
f 739/739/739 738/738/738 740/740/740 
f 741/741/741 742/742/742 743/743/743 
f 743/743/743 742/742/742 744/744/744 

g Whitepart6

v 170.225 143.83 -170.275 
v 170.225 143.83 -168.275 
v 170.225 143.63 -170.275 
v 170.225 143.63 -168.275 
v 153.225 143.83 -168.275 
v 170.225 143.83 -168.275 
v 153.225 143.83 -170.275 
v 170.225 143.83 -170.275 
v 170.225 143.83 -168.275 
v 153.225 143.83 -168.275 
v 170.225 143.63 -168.275 
v 153.225 143.63 -168.275 
v 153.225 143.83 -168.275 
v 153.225 143.83 -170.275 
v 153.225 143.63 -168.275 
v 153.225 143.63 -170.275 
v 153.225 143.63 -170.275 
v 170.225 143.63 -170.275 
v 153.225 143.63 -168.275 
v 170.225 143.63 -168.275 
v 153.225 143.83 -170.275 
v 170.225 143.83 -170.275 
v 153.225 143.63 -170.275 
v 170.225 143.63 -170.275 

vn 1 0 0 
vn 1 0 0 
vn 1 0 0 
vn 1 0 0 
vn 0 1 0 
vn 0 1 0 
vn 0 1 0 
vn 0 1 0 
vn 0 0 1 
vn 0 0 1 
vn 0 0 1 
vn 0 0 1 
vn -1 0 0 
vn -1 0 0 
vn -1 0 0 
vn -1 0 0 
vn 0 -1 0 
vn 0 -1 0 
vn 0 -1 0 
vn 0 -1 0 
vn 0 0 -1 
vn 0 0 -1 
vn 0 0 -1 
vn 0 0 -1 

vt -0.83348 0.437027 
vt -1.08348 0.437027 
vt -0.83348 0.412027 
vt -1.08348 0.412027 
vt 1.04152 0.437027 
vt -1.08348 0.437027 
vt 1.04152 0.187027 
vt -1.08348 0.187027 
vt 1.04152 0.437027 
vt -1.08348 0.437027 
vt 1.04152 0.412027 
vt -1.08348 0.412027 
vt -0.83348 0.437027 
vt -1.08348 0.437027 
vt -0.83348 0.412027 
vt -1.08348 0.412027 
vt 1.04152 0.437027 
vt -1.08348 0.437027 
vt 1.04152 0.187027 
vt -1.08348 0.187027 
vt 1.04152 0.437027 
vt -1.08348 0.437027 
vt 1.04152 0.412027 
vt -1.08348 0.412027 

usemtl Whitepart1Mtl

f 745/745/745 746/746/746 747/747/747 
f 747/747/747 746/746/746 748/748/748 
f 749/749/749 750/750/750 751/751/751 
f 751/751/751 750/750/750 752/752/752 
f 753/753/753 754/754/754 755/755/755 
f 755/755/755 754/754/754 756/756/756 
f 757/757/757 758/758/758 759/759/759 
f 759/759/759 758/758/758 760/760/760 
f 761/761/761 762/762/762 763/763/763 
f 763/763/763 762/762/762 764/764/764 
f 765/765/765 766/766/766 767/767/767 
f 767/767/767 766/766/766 768/768/768 

g Mirrorpart2

v 339.225 182.48 -190.275 
v 339.225 182.48 -150.275 
v 339.225 181.48 -190.275 
v 339.225 181.48 -150.275 
v -173.775 182.48 -150.275 
v 339.225 182.48 -150.275 
v -173.775 182.48 -190.275 
v 339.225 182.48 -190.275 
v 339.225 182.48 -150.275 
v -173.775 182.48 -150.275 
v 339.225 181.48 -150.275 
v -173.775 181.48 -150.275 
v -173.775 182.48 -150.275 
v -173.775 182.48 -190.275 
v -173.775 181.48 -150.275 
v -173.775 181.48 -190.275 
v -173.775 181.48 -190.275 
v 339.225 181.48 -190.275 
v -173.775 181.48 -150.275 
v 339.225 181.48 -150.275 
v -173.775 182.48 -190.275 
v 339.225 182.48 -190.275 
v -173.775 181.48 -190.275 
v 339.225 181.48 -190.275 

vn 1 0 0 
vn 1 0 0 
vn 1 0 0 
vn 1 0 0 
vn 0 1 0 
vn 0 1 0 
vn 0 1 0 
vn 0 1 0 
vn 0 0 1 
vn 0 0 1 
vn 0 0 1 
vn 0 0 1 
vn -1 0 0 
vn -1 0 0 
vn -1 0 0 
vn -1 0 0 
vn 0 -1 0 
vn 0 -1 0 
vn 0 -1 0 
vn 0 -1 0 
vn 0 0 -1 
vn 0 0 -1 
vn 0 0 -1 
vn 0 0 -1 

vt -3.91261 -21.6671 
vt -8.91261 -21.6671 
vt -3.91261 -21.7921 
vt -8.91261 -21.7921 
vt 55.2124 -21.6671 
vt -8.91261 -21.6671 
vt 55.2124 -26.6671 
vt -8.91261 -26.6671 
vt 55.2124 -21.6671 
vt -8.91261 -21.6671 
vt 55.2124 -21.7921 
vt -8.91261 -21.7921 
vt -3.91261 -21.6671 
vt -8.91261 -21.6671 
vt -3.91261 -21.7921 
vt -8.91261 -21.7921 
vt 55.2124 -21.6671 
vt -8.91261 -21.6671 
vt 55.2124 -26.6671 
vt -8.91261 -26.6671 
vt 55.2124 -21.6671 
vt -8.91261 -21.6671 
vt 55.2124 -21.7921 
vt -8.91261 -21.7921 

usemtl Mirrorpart1Mtl

f 769/769/769 770/770/770 771/771/771 
f 771/771/771 770/770/770 772/772/772 
f 773/773/773 774/774/774 775/775/775 
f 775/775/775 774/774/774 776/776/776 
f 777/777/777 778/778/778 779/779/779 
f 779/779/779 778/778/778 780/780/780 
f 781/781/781 782/782/782 783/783/783 
f 783/783/783 782/782/782 784/784/784 
f 785/785/785 786/786/786 787/787/787 
f 787/787/787 786/786/786 788/788/788 
f 789/789/789 790/790/790 791/791/791 
f 791/791/791 790/790/790 792/792/792 

g Mirrorpart3

v 339.225 181.48 -150.275 
v 339.225 181.48 -148.275 
v 339.225 131.48 -150.275 
v 339.225 131.48 -148.275 
v -173.775 181.48 -148.275 
v 339.225 181.48 -148.275 
v -173.775 181.48 -150.275 
v 339.225 181.48 -150.275 
v 339.225 181.48 -148.275 
v -173.775 181.48 -148.275 
v 339.225 131.48 -148.275 
v -173.775 131.48 -148.275 
v -173.775 181.48 -148.275 
v -173.775 181.48 -150.275 
v -173.775 131.48 -148.275 
v -173.775 131.48 -150.275 
v -173.775 131.48 -150.275 
v 339.225 131.48 -150.275 
v -173.775 131.48 -148.275 
v 339.225 131.48 -148.275 
v -173.775 181.48 -150.275 
v 339.225 181.48 -150.275 
v -173.775 131.48 -150.275 
v 339.225 131.48 -150.275 

vn 1 0 0 
vn 1 0 0 
vn 1 0 0 
vn 1 0 0 
vn 0 1 0 
vn 0 1 0 
vn 0 1 0 
vn 0 1 0 
vn 0 0 1 
vn 0 0 1 
vn 0 0 1 
vn 0 0 1 
vn -1 0 0 
vn -1 0 0 
vn -1 0 0 
vn -1 0 0 
vn 0 -1 0 
vn 0 -1 0 
vn 0 -1 0 
vn 0 -1 0 
vn 0 0 -1 
vn 0 0 -1 
vn 0 0 -1 
vn 0 0 -1 

vt 10.7696 -20.016 
vt 10.5196 -20.016 
vt 10.7696 -26.266 
vt 10.5196 -26.266 
vt 74.6446 -20.016 
vt 10.5196 -20.016 
vt 74.6446 -20.266 
vt 10.5196 -20.266 
vt 74.6446 -20.016 
vt 10.5196 -20.016 
vt 74.6446 -26.266 
vt 10.5196 -26.266 
vt 10.7696 -20.016 
vt 10.5196 -20.016 
vt 10.7696 -26.266 
vt 10.5196 -26.266 
vt 74.6446 -20.016 
vt 10.5196 -20.016 
vt 74.6446 -20.266 
vt 10.5196 -20.266 
vt 74.6446 -20.016 
vt 10.5196 -20.016 
vt 74.6446 -26.266 
vt 10.5196 -26.266 

usemtl Mirrorpart1Mtl

f 793/793/793 794/794/794 795/795/795 
f 795/795/795 794/794/794 796/796/796 
f 797/797/797 798/798/798 799/799/799 
f 799/799/799 798/798/798 800/800/800 
f 801/801/801 802/802/802 803/803/803 
f 803/803/803 802/802/802 804/804/804 
f 805/805/805 806/806/806 807/807/807 
f 807/807/807 806/806/806 808/808/808 
f 809/809/809 810/810/810 811/811/811 
f 811/811/811 810/810/810 812/812/812 
f 813/813/813 814/814/814 815/815/815 
f 815/815/815 814/814/814 816/816/816 

g Mirrorpart4

v 339.225 181.48 -190.275 
v 339.225 181.48 -188.275 
v 339.225 131.48 -190.275 
v 339.225 131.48 -188.275 
v -173.775 181.48 -188.275 
v 339.225 181.48 -188.275 
v -173.775 181.48 -190.275 
v 339.225 181.48 -190.275 
v 339.225 181.48 -188.275 
v -173.775 181.48 -188.275 
v 339.225 131.48 -188.275 
v -173.775 131.48 -188.275 
v -173.775 181.48 -188.275 
v -173.775 181.48 -190.275 
v -173.775 131.48 -188.275 
v -173.775 131.48 -190.275 
v -173.775 131.48 -190.275 
v 339.225 131.48 -190.275 
v -173.775 131.48 -188.275 
v 339.225 131.48 -188.275 
v -173.775 181.48 -190.275 
v 339.225 181.48 -190.275 
v -173.775 131.48 -190.275 
v 339.225 131.48 -190.275 

vn 1 0 0 
vn 1 0 0 
vn 1 0 0 
vn 1 0 0 
vn 0 1 0 
vn 0 1 0 
vn 0 1 0 
vn 0 1 0 
vn 0 0 1 
vn 0 0 1 
vn 0 0 1 
vn 0 0 1 
vn -1 0 0 
vn -1 0 0 
vn -1 0 0 
vn -1 0 0 
vn 0 -1 0 
vn 0 -1 0 
vn 0 -1 0 
vn 0 -1 0 
vn 0 0 -1 
vn 0 0 -1 
vn 0 0 -1 
vn 0 0 -1 

vt -9.26799 22.0927 
vt -9.51799 22.0927 
vt -9.26799 15.8427 
vt -9.51799 15.8427 
vt 54.607 22.0927 
vt -9.51799 22.0927 
vt 54.607 21.8427 
vt -9.51799 21.8427 
vt 54.607 22.0927 
vt -9.51799 22.0927 
vt 54.607 15.8427 
vt -9.51799 15.8427 
vt -9.26799 22.0927 
vt -9.51799 22.0927 
vt -9.26799 15.8427 
vt -9.51799 15.8427 
vt 54.607 22.0927 
vt -9.51799 22.0927 
vt 54.607 21.8427 
vt -9.51799 21.8427 
vt 54.607 22.0927 
vt -9.51799 22.0927 
vt 54.607 15.8427 
vt -9.51799 15.8427 

usemtl Mirrorpart1Mtl

f 817/817/817 818/818/818 819/819/819 
f 819/819/819 818/818/818 820/820/820 
f 821/821/821 822/822/822 823/823/823 
f 823/823/823 822/822/822 824/824/824 
f 825/825/825 826/826/826 827/827/827 
f 827/827/827 826/826/826 828/828/828 
f 829/829/829 830/830/830 831/831/831 
f 831/831/831 830/830/830 832/832/832 
f 833/833/833 834/834/834 835/835/835 
f 835/835/835 834/834/834 836/836/836 
f 837/837/837 838/838/838 839/839/839 
f 839/839/839 838/838/838 840/840/840 

g Whitepart7

v 107.225 143.83 -170.275 
v 107.225 143.83 -168.275 
v 107.225 143.63 -170.275 
v 107.225 143.63 -168.275 
v 90.225 143.83 -168.275 
v 107.225 143.83 -168.275 
v 90.225 143.83 -170.275 
v 107.225 143.83 -170.275 
v 107.225 143.83 -168.275 
v 90.225 143.83 -168.275 
v 107.225 143.63 -168.275 
v 90.225 143.63 -168.275 
v 90.225 143.83 -168.275 
v 90.225 143.83 -170.275 
v 90.225 143.63 -168.275 
v 90.225 143.63 -170.275 
v 90.225 143.63 -170.275 
v 107.225 143.63 -170.275 
v 90.225 143.63 -168.275 
v 107.225 143.63 -168.275 
v 90.225 143.83 -170.275 
v 107.225 143.83 -170.275 
v 90.225 143.63 -170.275 
v 107.225 143.63 -170.275 

vn 1 0 0 
vn 1 0 0 
vn 1 0 0 
vn 1 0 0 
vn 0 1 0 
vn 0 1 0 
vn 0 1 0 
vn 0 1 0 
vn 0 0 1 
vn 0 0 1 
vn 0 0 1 
vn 0 0 1 
vn -1 0 0 
vn -1 0 0 
vn -1 0 0 
vn -1 0 0 
vn 0 -1 0 
vn 0 -1 0 
vn 0 -1 0 
vn 0 -1 0 
vn 0 0 -1 
vn 0 0 -1 
vn 0 0 -1 
vn 0 0 -1 

vt -0.275809 0.877547 
vt -0.525809 0.877547 
vt -0.275809 0.852547 
vt -0.525809 0.852547 
vt 1.59919 0.877547 
vt -0.525809 0.877547 
vt 1.59919 0.627547 
vt -0.525809 0.627547 
vt 1.59919 0.877547 
vt -0.525809 0.877547 
vt 1.59919 0.852547 
vt -0.525809 0.852547 
vt -0.275809 0.877547 
vt -0.525809 0.877547 
vt -0.275809 0.852547 
vt -0.525809 0.852547 
vt 1.59919 0.877547 
vt -0.525809 0.877547 
vt 1.59919 0.627547 
vt -0.525809 0.627547 
vt 1.59919 0.877547 
vt -0.525809 0.877547 
vt 1.59919 0.852547 
vt -0.525809 0.852547 

usemtl Whitepart1Mtl

f 841/841/841 842/842/842 843/843/843 
f 843/843/843 842/842/842 844/844/844 
f 845/845/845 846/846/846 847/847/847 
f 847/847/847 846/846/846 848/848/848 
f 849/849/849 850/850/850 851/851/851 
f 851/851/851 850/850/850 852/852/852 
f 853/853/853 854/854/854 855/855/855 
f 855/855/855 854/854/854 856/856/856 
f 857/857/857 858/858/858 859/859/859 
f 859/859/859 858/858/858 860/860/860 
f 861/861/861 862/862/862 863/863/863 
f 863/863/863 862/862/862 864/864/864 

g Blackpart4

v 144.225 143.48 -175.275 
v 144.225 143.48 -163.275 
v 144.225 142.48 -175.275 
v 144.225 142.48 -163.275 
v 81.225 143.48 -163.275 
v 144.225 143.48 -163.275 
v 81.225 143.48 -175.275 
v 144.225 143.48 -175.275 
v 144.225 143.48 -163.275 
v 81.225 143.48 -163.275 
v 144.225 142.48 -163.275 
v 81.225 142.48 -163.275 
v 81.225 143.48 -163.275 
v 81.225 143.48 -175.275 
v 81.225 142.48 -163.275 
v 81.225 142.48 -175.275 
v 81.225 142.48 -175.275 
v 144.225 142.48 -175.275 
v 81.225 142.48 -163.275 
v 144.225 142.48 -163.275 
v 81.225 143.48 -175.275 
v 144.225 143.48 -175.275 
v 81.225 142.48 -175.275 
v 144.225 142.48 -175.275 

vn 1 0 0 
vn 1 0 0 
vn 1 0 0 
vn 1 0 0 
vn 0 1 0 
vn 0 1 0 
vn 0 1 0 
vn 0 1 0 
vn 0 0 1 
vn 0 0 1 
vn 0 0 1 
vn 0 0 1 
vn -1 0 0 
vn -1 0 0 
vn -1 0 0 
vn -1 0 0 
vn 0 -1 0 
vn 0 -1 0 
vn 0 -1 0 
vn 0 -1 0 
vn 0 0 -1 
vn 0 0 -1 
vn 0 0 -1 
vn 0 0 -1 

vt -1.2777 5.28877 
vt -2.7777 5.28877 
vt -1.2777 5.16377 
vt -2.7777 5.16377 
vt 5.0973 5.28877 
vt -2.7777 5.28877 
vt 5.0973 3.78877 
vt -2.7777 3.78877 
vt 5.0973 5.28877 
vt -2.7777 5.28877 
vt 5.0973 5.16377 
vt -2.7777 5.16377 
vt -1.2777 5.28877 
vt -2.7777 5.28877 
vt -1.2777 5.16377 
vt -2.7777 5.16377 
vt 5.0973 5.28877 
vt -2.7777 5.28877 
vt 5.0973 3.78877 
vt -2.7777 3.78877 
vt 5.0973 5.28877 
vt -2.7777 5.28877 
vt 5.0973 5.16377 
vt -2.7777 5.16377 

usemtl Blackpart1Mtl

f 865/865/865 866/866/866 867/867/867 
f 867/867/867 866/866/866 868/868/868 
f 869/869/869 870/870/870 871/871/871 
f 871/871/871 870/870/870 872/872/872 
f 873/873/873 874/874/874 875/875/875 
f 875/875/875 874/874/874 876/876/876 
f 877/877/877 878/878/878 879/879/879 
f 879/879/879 878/878/878 880/880/880 
f 881/881/881 882/882/882 883/883/883 
f 883/883/883 882/882/882 884/884/884 
f 885/885/885 886/886/886 887/887/887 
f 887/887/887 886/886/886 888/888/888 

g Graypart5

v 144.225 144.48 -164.275 
v 144.225 144.48 -154.275 
v 144.225 143.48 -164.275 
v 144.225 143.48 -154.275 
v 81.225 144.48 -154.275 
v 144.225 144.48 -154.275 
v 81.225 144.48 -164.275 
v 144.225 144.48 -164.275 
v 144.225 144.48 -154.275 
v 81.225 144.48 -154.275 
v 144.225 143.48 -154.275 
v 81.225 143.48 -154.275 
v 81.225 144.48 -154.275 
v 81.225 144.48 -164.275 
v 81.225 143.48 -154.275 
v 81.225 143.48 -164.275 
v 81.225 143.48 -164.275 
v 144.225 143.48 -164.275 
v 81.225 143.48 -154.275 
v 144.225 143.48 -154.275 
v 81.225 144.48 -164.275 
v 144.225 144.48 -164.275 
v 81.225 143.48 -164.275 
v 144.225 143.48 -164.275 

vn 1 0 0 
vn 1 0 0 
vn 1 0 0 
vn 1 0 0 
vn 0 1 0 
vn 0 1 0 
vn 0 1 0 
vn 0 1 0 
vn 0 0 1 
vn 0 0 1 
vn 0 0 1 
vn 0 0 1 
vn -1 0 0 
vn -1 0 0 
vn -1 0 0 
vn -1 0 0 
vn 0 -1 0 
vn 0 -1 0 
vn 0 -1 0 
vn 0 -1 0 
vn 0 0 -1 
vn 0 0 -1 
vn 0 0 -1 
vn 0 0 -1 

vt -0.162484 -0.377787 
vt -1.41248 -0.377787 
vt -0.162484 -0.502787 
vt -1.41248 -0.502787 
vt 6.46252 -0.377787 
vt -1.41248 -0.377787 
vt 6.46252 -1.62779 
vt -1.41248 -1.62779 
vt 6.46252 -0.377787 
vt -1.41248 -0.377787 
vt 6.46252 -0.502787 
vt -1.41248 -0.502787 
vt -0.162484 -0.377787 
vt -1.41248 -0.377787 
vt -0.162484 -0.502787 
vt -1.41248 -0.502787 
vt 6.46252 -0.377787 
vt -1.41248 -0.377787 
vt 6.46252 -1.62779 
vt -1.41248 -1.62779 
vt 6.46252 -0.377787 
vt -1.41248 -0.377787 
vt 6.46252 -0.502787 
vt -1.41248 -0.502787 

usemtl Graypart1Mtl

f 889/889/889 890/890/890 891/891/891 
f 891/891/891 890/890/890 892/892/892 
f 893/893/893 894/894/894 895/895/895 
f 895/895/895 894/894/894 896/896/896 
f 897/897/897 898/898/898 899/899/899 
f 899/899/899 898/898/898 900/900/900 
f 901/901/901 902/902/902 903/903/903 
f 903/903/903 902/902/902 904/904/904 
f 905/905/905 906/906/906 907/907/907 
f 907/907/907 906/906/906 908/908/908 
f 909/909/909 910/910/910 911/911/911 
f 911/911/911 910/910/910 912/912/912 

g Graypart6

v 144.225 144.48 -184.275 
v 144.225 144.48 -174.275 
v 144.225 143.48 -184.275 
v 144.225 143.48 -174.275 
v 81.225 144.48 -174.275 
v 144.225 144.48 -174.275 
v 81.225 144.48 -184.275 
v 144.225 144.48 -184.275 
v 144.225 144.48 -174.275 
v 81.225 144.48 -174.275 
v 144.225 143.48 -174.275 
v 81.225 143.48 -174.275 
v 81.225 144.48 -174.275 
v 81.225 144.48 -184.275 
v 81.225 143.48 -174.275 
v 81.225 143.48 -184.275 
v 81.225 143.48 -184.275 
v 144.225 143.48 -184.275 
v 81.225 143.48 -174.275 
v 144.225 143.48 -174.275 
v 81.225 144.48 -184.275 
v 144.225 144.48 -184.275 
v 81.225 143.48 -184.275 
v 144.225 143.48 -184.275 

vn 1 0 0 
vn 1 0 0 
vn 1 0 0 
vn 1 0 0 
vn 0 1 0 
vn 0 1 0 
vn 0 1 0 
vn 0 1 0 
vn 0 0 1 
vn 0 0 1 
vn 0 0 1 
vn 0 0 1 
vn -1 0 0 
vn -1 0 0 
vn -1 0 0 
vn -1 0 0 
vn 0 -1 0 
vn 0 -1 0 
vn 0 -1 0 
vn 0 -1 0 
vn 0 0 -1 
vn 0 0 -1 
vn 0 0 -1 
vn 0 0 -1 

vt -1.40002 -1.16979 
vt -2.65002 -1.16979 
vt -1.40002 -1.29479 
vt -2.65002 -1.29479 
vt 5.22498 -1.16979 
vt -2.65002 -1.16979 
vt 5.22498 -2.41979 
vt -2.65002 -2.41979 
vt 5.22498 -1.16979 
vt -2.65002 -1.16979 
vt 5.22498 -1.29479 
vt -2.65002 -1.29479 
vt -1.40002 -1.16979 
vt -2.65002 -1.16979 
vt -1.40002 -1.29479 
vt -2.65002 -1.29479 
vt 5.22498 -1.16979 
vt -2.65002 -1.16979 
vt 5.22498 -2.41979 
vt -2.65002 -2.41979 
vt 5.22498 -1.16979 
vt -2.65002 -1.16979 
vt 5.22498 -1.29479 
vt -2.65002 -1.29479 

usemtl Graypart2Mtl

f 913/913/913 914/914/914 915/915/915 
f 915/915/915 914/914/914 916/916/916 
f 917/917/917 918/918/918 919/919/919 
f 919/919/919 918/918/918 920/920/920 
f 921/921/921 922/922/922 923/923/923 
f 923/923/923 922/922/922 924/924/924 
f 925/925/925 926/926/926 927/927/927 
f 927/927/927 926/926/926 928/928/928 
f 929/929/929 930/930/930 931/931/931 
f 931/931/931 930/930/930 932/932/932 
f 933/933/933 934/934/934 935/935/935 
f 935/935/935 934/934/934 936/936/936 

g Whitepart8

v 144.225 143.83 -170.275 
v 144.225 143.83 -168.275 
v 144.225 143.63 -170.275 
v 144.225 143.63 -168.275 
v 127.225 143.83 -168.275 
v 144.225 143.83 -168.275 
v 127.225 143.83 -170.275 
v 144.225 143.83 -170.275 
v 144.225 143.83 -168.275 
v 127.225 143.83 -168.275 
v 144.225 143.63 -168.275 
v 127.225 143.63 -168.275 
v 127.225 143.83 -168.275 
v 127.225 143.83 -170.275 
v 127.225 143.63 -168.275 
v 127.225 143.63 -170.275 
v 127.225 143.63 -170.275 
v 144.225 143.63 -170.275 
v 127.225 143.63 -168.275 
v 144.225 143.63 -168.275 
v 127.225 143.83 -170.275 
v 144.225 143.83 -170.275 
v 127.225 143.63 -170.275 
v 144.225 143.63 -170.275 

vn 1 0 0 
vn 1 0 0 
vn 1 0 0 
vn 1 0 0 
vn 0 1 0 
vn 0 1 0 
vn 0 1 0 
vn 0 1 0 
vn 0 0 1 
vn 0 0 1 
vn 0 0 1 
vn 0 0 1 
vn -1 0 0 
vn -1 0 0 
vn -1 0 0 
vn -1 0 0 
vn 0 -1 0 
vn 0 -1 0 
vn 0 -1 0 
vn 0 -1 0 
vn 0 0 -1 
vn 0 0 -1 
vn 0 0 -1 
vn 0 0 -1 

vt -0.945483 0.216006 
vt -1.19548 0.216006 
vt -0.945483 0.191006 
vt -1.19548 0.191006 
vt 0.929517 0.216006 
vt -1.19548 0.216006 
vt 0.929517 -0.0339935 
vt -1.19548 -0.0339935 
vt 0.929517 0.216006 
vt -1.19548 0.216006 
vt 0.929517 0.191006 
vt -1.19548 0.191006 
vt -0.945483 0.216006 
vt -1.19548 0.216006 
vt -0.945483 0.191006 
vt -1.19548 0.191006 
vt 0.929517 0.216006 
vt -1.19548 0.216006 
vt 0.929517 -0.0339935 
vt -1.19548 -0.0339935 
vt 0.929517 0.216006 
vt -1.19548 0.216006 
vt 0.929517 0.191006 
vt -1.19548 0.191006 

usemtl Whitepart1Mtl

f 937/937/937 938/938/938 939/939/939 
f 939/939/939 938/938/938 940/940/940 
f 941/941/941 942/942/942 943/943/943 
f 943/943/943 942/942/942 944/944/944 
f 945/945/945 946/946/946 947/947/947 
f 947/947/947 946/946/946 948/948/948 
f 949/949/949 950/950/950 951/951/951 
f 951/951/951 950/950/950 952/952/952 
f 953/953/953 954/954/954 955/955/955 
f 955/955/955 954/954/954 956/956/956 
f 957/957/957 958/958/958 959/959/959 
f 959/959/959 958/958/958 960/960/960 

g Grass7

v 207.225 148.48 -188.275 
v 207.225 148.48 -184.275 
v 207.225 144.48 -188.275 
v 207.225 144.48 -184.275 
v 81.225 148.48 -184.275 
v 207.225 148.48 -184.275 
v 81.225 148.48 -188.275 
v 207.225 148.48 -188.275 
v 207.225 148.48 -184.275 
v 81.225 148.48 -184.275 
v 207.225 144.48 -184.275 
v 81.225 144.48 -184.275 
v 81.225 148.48 -184.275 
v 81.225 148.48 -188.275 
v 81.225 144.48 -184.275 
v 81.225 144.48 -188.275 
v 81.225 144.48 -188.275 
v 207.225 144.48 -188.275 
v 81.225 144.48 -184.275 
v 207.225 144.48 -184.275 
v 81.225 148.48 -188.275 
v 207.225 148.48 -188.275 
v 81.225 144.48 -188.275 
v 207.225 144.48 -188.275 

vn 1 0 0 
vn 1 0 0 
vn 1 0 0 
vn 1 0 0 
vn 0 1 0 
vn 0 1 0 
vn 0 1 0 
vn 0 1 0 
vn 0 0 1 
vn 0 0 1 
vn 0 0 1 
vn 0 0 1 
vn -1 0 0 
vn -1 0 0 
vn -1 0 0 
vn -1 0 0 
vn 0 -1 0 
vn 0 -1 0 
vn 0 -1 0 
vn 0 -1 0 
vn 0 0 -1 
vn 0 0 -1 
vn 0 0 -1 
vn 0 0 -1 

vt -2.48917 3.07402 
vt -2.98917 3.07402 
vt -2.48917 2.57402 
vt -2.98917 2.57402 
vt 12.7608 3.07402 
vt -2.98917 3.07402 
vt 12.7608 2.57402 
vt -2.98917 2.57402 
vt 12.7608 3.07402 
vt -2.98917 3.07402 
vt 12.7608 2.57402 
vt -2.98917 2.57402 
vt -2.48917 3.07402 
vt -2.98917 3.07402 
vt -2.48917 2.57402 
vt -2.98917 2.57402 
vt 12.7608 3.07402 
vt -2.98917 3.07402 
vt 12.7608 2.57402 
vt -2.98917 2.57402 
vt 12.7608 3.07402 
vt -2.98917 3.07402 
vt 12.7608 2.57402 
vt -2.98917 2.57402 

usemtl Grass1Mtl

f 961/961/961 962/962/962 963/963/963 
f 963/963/963 962/962/962 964/964/964 
f 965/965/965 966/966/966 967/967/967 
f 967/967/967 966/966/966 968/968/968 
f 969/969/969 970/970/970 971/971/971 
f 971/971/971 970/970/970 972/972/972 
f 973/973/973 974/974/974 975/975/975 
f 975/975/975 974/974/974 976/976/976 
f 977/977/977 978/978/978 979/979/979 
f 979/979/979 978/978/978 980/980/980 
f 981/981/981 982/982/982 983/983/983 
f 983/983/983 982/982/982 984/984/984 

g Whitepart9

v 18.225 141.83 -170.275 
v 18.225 141.83 -168.275 
v 18.225 141.63 -170.275 
v 18.225 141.63 -168.275 
v 1.22498 141.83 -168.275 
v 18.225 141.83 -168.275 
v 1.22498 141.83 -170.275 
v 18.225 141.83 -170.275 
v 18.225 141.83 -168.275 
v 1.22498 141.83 -168.275 
v 18.225 141.63 -168.275 
v 1.22498 141.63 -168.275 
v 1.22498 141.83 -168.275 
v 1.22498 141.83 -170.275 
v 1.22498 141.63 -168.275 
v 1.22498 141.63 -170.275 
v 1.22498 141.63 -170.275 
v 18.225 141.63 -170.275 
v 1.22498 141.63 -168.275 
v 18.225 141.63 -168.275 
v 1.22498 141.83 -170.275 
v 18.225 141.83 -170.275 
v 1.22498 141.63 -170.275 
v 18.225 141.63 -170.275 

vn 1 0 0 
vn 1 0 0 
vn 1 0 0 
vn 1 0 0 
vn 0 1 0 
vn 0 1 0 
vn 0 1 0 
vn 0 1 0 
vn 0 0 1 
vn 0 0 1 
vn 0 0 1 
vn 0 0 1 
vn -1 0 0 
vn -1 0 0 
vn -1 0 0 
vn -1 0 0 
vn 0 -1 0 
vn 0 -1 0 
vn 0 -1 0 
vn 0 -1 0 
vn 0 0 -1 
vn 0 0 -1 
vn 0 0 -1 
vn 0 0 -1 

vt 0.0771568 0.148202 
vt -0.172843 0.148202 
vt 0.0771568 0.123202 
vt -0.172843 0.123202 
vt 1.95216 0.148202 
vt -0.172843 0.148202 
vt 1.95216 -0.101798 
vt -0.172843 -0.101798 
vt 1.95216 0.148202 
vt -0.172843 0.148202 
vt 1.95216 0.123202 
vt -0.172843 0.123202 
vt 0.0771568 0.148202 
vt -0.172843 0.148202 
vt 0.0771568 0.123202 
vt -0.172843 0.123202 
vt 1.95216 0.148202 
vt -0.172843 0.148202 
vt 1.95216 -0.101798 
vt -0.172843 -0.101798 
vt 1.95216 0.148202 
vt -0.172843 0.148202 
vt 1.95216 0.123202 
vt -0.172843 0.123202 

usemtl Whitepart1Mtl

f 985/985/985 986/986/986 987/987/987 
f 987/987/987 986/986/986 988/988/988 
f 989/989/989 990/990/990 991/991/991 
f 991/991/991 990/990/990 992/992/992 
f 993/993/993 994/994/994 995/995/995 
f 995/995/995 994/994/994 996/996/996 
f 997/997/997 998/998/998 999/999/999 
f 999/999/999 998/998/998 1000/1000/1000 
f 1001/1001/1001 1002/1002/1002 1003/1003/1003 
f 1003/1003/1003 1002/1002/1002 1004/1004/1004 
f 1005/1005/1005 1006/1006/1006 1007/1007/1007 
f 1007/1007/1007 1006/1006/1006 1008/1008/1008 

g Whitepart10

v 44.225 142.83 -170.275 
v 44.225 142.83 -168.275 
v 44.225 142.63 -170.275 
v 44.225 142.63 -168.275 
v 27.225 142.83 -168.275 
v 44.225 142.83 -168.275 
v 27.225 142.83 -170.275 
v 44.225 142.83 -170.275 
v 44.225 142.83 -168.275 
v 27.225 142.83 -168.275 
v 44.225 142.63 -168.275 
v 27.225 142.63 -168.275 
v 27.225 142.83 -168.275 
v 27.225 142.83 -170.275 
v 27.225 142.63 -168.275 
v 27.225 142.63 -170.275 
v 27.225 142.63 -170.275 
v 44.225 142.63 -170.275 
v 27.225 142.63 -168.275 
v 44.225 142.63 -168.275 
v 27.225 142.83 -170.275 
v 44.225 142.83 -170.275 
v 27.225 142.63 -170.275 
v 44.225 142.63 -170.275 

vn 1 0 0 
vn 1 0 0 
vn 1 0 0 
vn 1 0 0 
vn 0 1 0 
vn 0 1 0 
vn 0 1 0 
vn 0 1 0 
vn 0 0 1 
vn 0 0 1 
vn 0 0 1 
vn 0 0 1 
vn -1 0 0 
vn -1 0 0 
vn -1 0 0 
vn -1 0 0 
vn 0 -1 0 
vn 0 -1 0 
vn 0 -1 0 
vn 0 -1 0 
vn 0 0 -1 
vn 0 0 -1 
vn 0 0 -1 
vn 0 0 -1 

vt -0.135512 0.833891 
vt -0.385512 0.833891 
vt -0.135512 0.808891 
vt -0.385512 0.808891 
vt 1.73949 0.833891 
vt -0.385512 0.833891 
vt 1.73949 0.583891 
vt -0.385512 0.583891 
vt 1.73949 0.833891 
vt -0.385512 0.833891 
vt 1.73949 0.808891 
vt -0.385512 0.808891 
vt -0.135512 0.833891 
vt -0.385512 0.833891 
vt -0.135512 0.808891 
vt -0.385512 0.808891 
vt 1.73949 0.833891 
vt -0.385512 0.833891 
vt 1.73949 0.583891 
vt -0.385512 0.583891 
vt 1.73949 0.833891 
vt -0.385512 0.833891 
vt 1.73949 0.808891 
vt -0.385512 0.808891 

usemtl Whitepart1Mtl

f 1009/1009/1009 1010/1010/1010 1011/1011/1011 
f 1011/1011/1011 1010/1010/1010 1012/1012/1012 
f 1013/1013/1013 1014/1014/1014 1015/1015/1015 
f 1015/1015/1015 1014/1014/1014 1016/1016/1016 
f 1017/1017/1017 1018/1018/1018 1019/1019/1019 
f 1019/1019/1019 1018/1018/1018 1020/1020/1020 
f 1021/1021/1021 1022/1022/1022 1023/1023/1023 
f 1023/1023/1023 1022/1022/1022 1024/1024/1024 
f 1025/1025/1025 1026/1026/1026 1027/1027/1027 
f 1027/1027/1027 1026/1026/1026 1028/1028/1028 
f 1029/1029/1029 1030/1030/1030 1031/1031/1031 
f 1031/1031/1031 1030/1030/1030 1032/1032/1032 

g Graypart7

v 81.225 143.48 -184.275 
v 81.225 143.48 -174.275 
v 81.225 142.48 -184.275 
v 81.225 142.48 -174.275 
v 18.225 143.48 -174.275 
v 81.225 143.48 -174.275 
v 18.225 143.48 -184.275 
v 81.225 143.48 -184.275 
v 81.225 143.48 -174.275 
v 18.225 143.48 -174.275 
v 81.225 142.48 -174.275 
v 18.225 142.48 -174.275 
v 18.225 143.48 -174.275 
v 18.225 143.48 -184.275 
v 18.225 142.48 -174.275 
v 18.225 142.48 -184.275 
v 18.225 142.48 -184.275 
v 81.225 142.48 -184.275 
v 18.225 142.48 -174.275 
v 81.225 142.48 -174.275 
v 18.225 143.48 -184.275 
v 81.225 143.48 -184.275 
v 18.225 142.48 -184.275 
v 81.225 142.48 -184.275 

vn 1 0 0 
vn 1 0 0 
vn 1 0 0 
vn 1 0 0 
vn 0 1 0 
vn 0 1 0 
vn 0 1 0 
vn 0 1 0 
vn 0 0 1 
vn 0 0 1 
vn 0 0 1 
vn 0 0 1 
vn -1 0 0 
vn -1 0 0 
vn -1 0 0 
vn -1 0 0 
vn 0 -1 0 
vn 0 -1 0 
vn 0 -1 0 
vn 0 -1 0 
vn 0 0 -1 
vn 0 0 -1 
vn 0 0 -1 
vn 0 0 -1 

vt 4.26033 -2.84737 
vt 3.01033 -2.84737 
vt 4.26033 -2.97237 
vt 3.01033 -2.97237 
vt 10.8853 -2.84737 
vt 3.01033 -2.84737 
vt 10.8853 -4.09737 
vt 3.01033 -4.09737 
vt 10.8853 -2.84737 
vt 3.01033 -2.84737 
vt 10.8853 -2.97237 
vt 3.01033 -2.97237 
vt 4.26033 -2.84737 
vt 3.01033 -2.84737 
vt 4.26033 -2.97237 
vt 3.01033 -2.97237 
vt 10.8853 -2.84737 
vt 3.01033 -2.84737 
vt 10.8853 -4.09737 
vt 3.01033 -4.09737 
vt 10.8853 -2.84737 
vt 3.01033 -2.84737 
vt 10.8853 -2.97237 
vt 3.01033 -2.97237 

usemtl Graypart2Mtl

f 1033/1033/1033 1034/1034/1034 1035/1035/1035 
f 1035/1035/1035 1034/1034/1034 1036/1036/1036 
f 1037/1037/1037 1038/1038/1038 1039/1039/1039 
f 1039/1039/1039 1038/1038/1038 1040/1040/1040 
f 1041/1041/1041 1042/1042/1042 1043/1043/1043 
f 1043/1043/1043 1042/1042/1042 1044/1044/1044 
f 1045/1045/1045 1046/1046/1046 1047/1047/1047 
f 1047/1047/1047 1046/1046/1046 1048/1048/1048 
f 1049/1049/1049 1050/1050/1050 1051/1051/1051 
f 1051/1051/1051 1050/1050/1050 1052/1052/1052 
f 1053/1053/1053 1054/1054/1054 1055/1055/1055 
f 1055/1055/1055 1054/1054/1054 1056/1056/1056 

g Blackpart5

v 81.225 142.48 -175.275 
v 81.225 142.48 -163.275 
v 81.225 141.48 -175.275 
v 81.225 141.48 -163.275 
v 18.225 142.48 -163.275 
v 81.225 142.48 -163.275 
v 18.225 142.48 -175.275 
v 81.225 142.48 -175.275 
v 81.225 142.48 -163.275 
v 18.225 142.48 -163.275 
v 81.225 141.48 -163.275 
v 18.225 141.48 -163.275 
v 18.225 142.48 -163.275 
v 18.225 142.48 -175.275 
v 18.225 141.48 -163.275 
v 18.225 141.48 -175.275 
v 18.225 141.48 -175.275 
v 81.225 141.48 -175.275 
v 18.225 141.48 -163.275 
v 81.225 141.48 -163.275 
v 18.225 142.48 -175.275 
v 81.225 142.48 -175.275 
v 18.225 141.48 -175.275 
v 81.225 141.48 -175.275 

vn 1 0 0 
vn 1 0 0 
vn 1 0 0 
vn 1 0 0 
vn 0 1 0 
vn 0 1 0 
vn 0 1 0 
vn 0 1 0 
vn 0 0 1 
vn 0 0 1 
vn 0 0 1 
vn 0 0 1 
vn -1 0 0 
vn -1 0 0 
vn -1 0 0 
vn -1 0 0 
vn 0 -1 0 
vn 0 -1 0 
vn 0 -1 0 
vn 0 -1 0 
vn 0 0 -1 
vn 0 0 -1 
vn 0 0 -1 
vn 0 0 -1 

vt 3.72843 2.45066 
vt 2.22843 2.45066 
vt 3.72843 2.32566 
vt 2.22843 2.32566 
vt 10.1034 2.45066 
vt 2.22843 2.45066 
vt 10.1034 0.950659 
vt 2.22843 0.950659 
vt 10.1034 2.45066 
vt 2.22843 2.45066 
vt 10.1034 2.32566 
vt 2.22843 2.32566 
vt 3.72843 2.45066 
vt 2.22843 2.45066 
vt 3.72843 2.32566 
vt 2.22843 2.32566 
vt 10.1034 2.45066 
vt 2.22843 2.45066 
vt 10.1034 0.950659 
vt 2.22843 0.950659 
vt 10.1034 2.45066 
vt 2.22843 2.45066 
vt 10.1034 2.32566 
vt 2.22843 2.32566 

usemtl Blackpart1Mtl

f 1057/1057/1057 1058/1058/1058 1059/1059/1059 
f 1059/1059/1059 1058/1058/1058 1060/1060/1060 
f 1061/1061/1061 1062/1062/1062 1063/1063/1063 
f 1063/1063/1063 1062/1062/1062 1064/1064/1064 
f 1065/1065/1065 1066/1066/1066 1067/1067/1067 
f 1067/1067/1067 1066/1066/1066 1068/1068/1068 
f 1069/1069/1069 1070/1070/1070 1071/1071/1071 
f 1071/1071/1071 1070/1070/1070 1072/1072/1072 
f 1073/1073/1073 1074/1074/1074 1075/1075/1075 
f 1075/1075/1075 1074/1074/1074 1076/1076/1076 
f 1077/1077/1077 1078/1078/1078 1079/1079/1079 
f 1079/1079/1079 1078/1078/1078 1080/1080/1080 

g Graypart8

v 81.225 143.48 -164.275 
v 81.225 143.48 -154.275 
v 81.225 142.48 -164.275 
v 81.225 142.48 -154.275 
v 18.225 143.48 -154.275 
v 81.225 143.48 -154.275 
v 18.225 143.48 -164.275 
v 81.225 143.48 -164.275 
v 81.225 143.48 -154.275 
v 18.225 143.48 -154.275 
v 81.225 142.48 -154.275 
v 18.225 142.48 -154.275 
v 18.225 143.48 -154.275 
v 18.225 143.48 -164.275 
v 18.225 142.48 -154.275 
v 18.225 142.48 -164.275 
v 18.225 142.48 -164.275 
v 81.225 142.48 -164.275 
v 18.225 142.48 -154.275 
v 81.225 142.48 -154.275 
v 18.225 143.48 -164.275 
v 81.225 143.48 -164.275 
v 18.225 142.48 -164.275 
v 81.225 142.48 -164.275 

vn 1 0 0 
vn 1 0 0 
vn 1 0 0 
vn 1 0 0 
vn 0 1 0 
vn 0 1 0 
vn 0 1 0 
vn 0 1 0 
vn 0 0 1 
vn 0 0 1 
vn 0 0 1 
vn 0 0 1 
vn -1 0 0 
vn -1 0 0 
vn -1 0 0 
vn -1 0 0 
vn 0 -1 0 
vn 0 -1 0 
vn 0 -1 0 
vn 0 -1 0 
vn 0 0 -1 
vn 0 0 -1 
vn 0 0 -1 
vn 0 0 -1 

vt 5.39257 3.76258 
vt 4.14257 3.76258 
vt 5.39257 3.63758 
vt 4.14257 3.63758 
vt 12.0176 3.76258 
vt 4.14257 3.76258 
vt 12.0176 2.51258 
vt 4.14257 2.51258 
vt 12.0176 3.76258 
vt 4.14257 3.76258 
vt 12.0176 3.63758 
vt 4.14257 3.63758 
vt 5.39257 3.76258 
vt 4.14257 3.76258 
vt 5.39257 3.63758 
vt 4.14257 3.63758 
vt 12.0176 3.76258 
vt 4.14257 3.76258 
vt 12.0176 2.51258 
vt 4.14257 2.51258 
vt 12.0176 3.76258 
vt 4.14257 3.76258 
vt 12.0176 3.63758 
vt 4.14257 3.63758 

usemtl Graypart1Mtl

f 1081/1081/1081 1082/1082/1082 1083/1083/1083 
f 1083/1083/1083 1082/1082/1082 1084/1084/1084 
f 1085/1085/1085 1086/1086/1086 1087/1087/1087 
f 1087/1087/1087 1086/1086/1086 1088/1088/1088 
f 1089/1089/1089 1090/1090/1090 1091/1091/1091 
f 1091/1091/1091 1090/1090/1090 1092/1092/1092 
f 1093/1093/1093 1094/1094/1094 1095/1095/1095 
f 1095/1095/1095 1094/1094/1094 1096/1096/1096 
f 1097/1097/1097 1098/1098/1098 1099/1099/1099 
f 1099/1099/1099 1098/1098/1098 1100/1100/1100 
f 1101/1101/1101 1102/1102/1102 1103/1103/1103 
f 1103/1103/1103 1102/1102/1102 1104/1104/1104 

g Whitepart11

v 81.225 142.83 -170.275 
v 81.225 142.83 -168.275 
v 81.225 142.63 -170.275 
v 81.225 142.63 -168.275 
v 64.225 142.83 -168.275 
v 81.225 142.83 -168.275 
v 64.225 142.83 -170.275 
v 81.225 142.83 -170.275 
v 81.225 142.83 -168.275 
v 64.225 142.83 -168.275 
v 81.225 142.63 -168.275 
v 64.225 142.63 -168.275 
v 64.225 142.83 -168.275 
v 64.225 142.83 -170.275 
v 64.225 142.63 -168.275 
v 64.225 142.63 -170.275 
v 64.225 142.63 -170.275 
v 81.225 142.63 -170.275 
v 64.225 142.63 -168.275 
v 81.225 142.63 -168.275 
v 64.225 142.83 -170.275 
v 81.225 142.83 -170.275 
v 64.225 142.63 -170.275 
v 81.225 142.63 -170.275 

vn 1 0 0 
vn 1 0 0 
vn 1 0 0 
vn 1 0 0 
vn 0 1 0 
vn 0 1 0 
vn 0 1 0 
vn 0 1 0 
vn 0 0 1 
vn 0 0 1 
vn 0 0 1 
vn 0 0 1 
vn -1 0 0 
vn -1 0 0 
vn -1 0 0 
vn -1 0 0 
vn 0 -1 0 
vn 0 -1 0 
vn 0 -1 0 
vn 0 -1 0 
vn 0 0 -1 
vn 0 0 -1 
vn 0 0 -1 
vn 0 0 -1 

vt -0.437574 1.18257 
vt -0.687574 1.18257 
vt -0.437574 1.15757 
vt -0.687574 1.15757 
vt 1.43743 1.18257 
vt -0.687574 1.18257 
vt 1.43743 0.932573 
vt -0.687574 0.932573 
vt 1.43743 1.18257 
vt -0.687574 1.18257 
vt 1.43743 1.15757 
vt -0.687574 1.15757 
vt -0.437574 1.18257 
vt -0.687574 1.18257 
vt -0.437574 1.15757 
vt -0.687574 1.15757 
vt 1.43743 1.18257 
vt -0.687574 1.18257 
vt 1.43743 0.932573 
vt -0.687574 0.932573 
vt 1.43743 1.18257 
vt -0.687574 1.18257 
vt 1.43743 1.15757 
vt -0.687574 1.15757 

usemtl Whitepart1Mtl

f 1105/1105/1105 1106/1106/1106 1107/1107/1107 
f 1107/1107/1107 1106/1106/1106 1108/1108/1108 
f 1109/1109/1109 1110/1110/1110 1111/1111/1111 
f 1111/1111/1111 1110/1110/1110 1112/1112/1112 
f 1113/1113/1113 1114/1114/1114 1115/1115/1115 
f 1115/1115/1115 1114/1114/1114 1116/1116/1116 
f 1117/1117/1117 1118/1118/1118 1119/1119/1119 
f 1119/1119/1119 1118/1118/1118 1120/1120/1120 
f 1121/1121/1121 1122/1122/1122 1123/1123/1123 
f 1123/1123/1123 1122/1122/1122 1124/1124/1124 
f 1125/1125/1125 1126/1126/1126 1127/1127/1127 
f 1127/1127/1127 1126/1126/1126 1128/1128/1128 

g Grass8

v 81.225 147.48 -188.275 
v 81.225 147.48 -184.275 
v 81.225 143.48 -188.275 
v 81.225 143.48 -184.275 
v 18.225 147.48 -184.275 
v 81.225 147.48 -184.275 
v 18.225 147.48 -188.275 
v 81.225 147.48 -188.275 
v 81.225 147.48 -184.275 
v 18.225 147.48 -184.275 
v 81.225 143.48 -184.275 
v 18.225 143.48 -184.275 
v 18.225 147.48 -184.275 
v 18.225 147.48 -188.275 
v 18.225 143.48 -184.275 
v 18.225 143.48 -188.275 
v 18.225 143.48 -188.275 
v 81.225 143.48 -188.275 
v 18.225 143.48 -184.275 
v 81.225 143.48 -184.275 
v 18.225 147.48 -188.275 
v 81.225 147.48 -188.275 
v 18.225 143.48 -188.275 
v 81.225 143.48 -188.275 

vn 1 0 0 
vn 1 0 0 
vn 1 0 0 
vn 1 0 0 
vn 0 1 0 
vn 0 1 0 
vn 0 1 0 
vn 0 1 0 
vn 0 0 1 
vn 0 0 1 
vn 0 0 1 
vn 0 0 1 
vn -1 0 0 
vn -1 0 0 
vn -1 0 0 
vn -1 0 0 
vn 0 -1 0 
vn 0 -1 0 
vn 0 -1 0 
vn 0 -1 0 
vn 0 0 -1 
vn 0 0 -1 
vn 0 0 -1 
vn 0 0 -1 

vt 0.95282 3.90939 
vt 0.45282 3.90939 
vt 0.95282 3.40939 
vt 0.45282 3.40939 
vt 8.32782 3.90939 
vt 0.45282 3.90939 
vt 8.32782 3.40939 
vt 0.45282 3.40939 
vt 8.32782 3.90939 
vt 0.45282 3.90939 
vt 8.32782 3.40939 
vt 0.45282 3.40939 
vt 0.95282 3.90939 
vt 0.45282 3.90939 
vt 0.95282 3.40939 
vt 0.45282 3.40939 
vt 8.32782 3.90939 
vt 0.45282 3.90939 
vt 8.32782 3.40939 
vt 0.45282 3.40939 
vt 8.32782 3.90939 
vt 0.45282 3.90939 
vt 8.32782 3.40939 
vt 0.45282 3.40939 

usemtl Grass1Mtl

f 1129/1129/1129 1130/1130/1130 1131/1131/1131 
f 1131/1131/1131 1130/1130/1130 1132/1132/1132 
f 1133/1133/1133 1134/1134/1134 1135/1135/1135 
f 1135/1135/1135 1134/1134/1134 1136/1136/1136 
f 1137/1137/1137 1138/1138/1138 1139/1139/1139 
f 1139/1139/1139 1138/1138/1138 1140/1140/1140 
f 1141/1141/1141 1142/1142/1142 1143/1143/1143 
f 1143/1143/1143 1142/1142/1142 1144/1144/1144 
f 1145/1145/1145 1146/1146/1146 1147/1147/1147 
f 1147/1147/1147 1146/1146/1146 1148/1148/1148 
f 1149/1149/1149 1150/1150/1150 1151/1151/1151 
f 1151/1151/1151 1150/1150/1150 1152/1152/1152 

g Grass9

v 81.225 147.48 -154.275 
v 81.225 147.48 -150.275 
v 81.225 143.48 -154.275 
v 81.225 143.48 -150.275 
v 18.225 147.48 -150.275 
v 81.225 147.48 -150.275 
v 18.225 147.48 -154.275 
v 81.225 147.48 -154.275 
v 81.225 147.48 -150.275 
v 18.225 147.48 -150.275 
v 81.225 143.48 -150.275 
v 18.225 143.48 -150.275 
v 18.225 147.48 -150.275 
v 18.225 147.48 -154.275 
v 18.225 143.48 -150.275 
v 18.225 143.48 -154.275 
v 18.225 143.48 -154.275 
v 81.225 143.48 -154.275 
v 18.225 143.48 -150.275 
v 81.225 143.48 -150.275 
v 18.225 147.48 -154.275 
v 81.225 147.48 -154.275 
v 18.225 143.48 -154.275 
v 81.225 143.48 -154.275 

vn 1 0 0 
vn 1 0 0 
vn 1 0 0 
vn 1 0 0 
vn 0 1 0 
vn 0 1 0 
vn 0 1 0 
vn 0 1 0 
vn 0 0 1 
vn 0 0 1 
vn 0 0 1 
vn 0 0 1 
vn -1 0 0 
vn -1 0 0 
vn -1 0 0 
vn -1 0 0 
vn 0 -1 0 
vn 0 -1 0 
vn 0 -1 0 
vn 0 -1 0 
vn 0 0 -1 
vn 0 0 -1 
vn 0 0 -1 
vn 0 0 -1 

vt -2.97589 2.58381 
vt -3.47589 2.58381 
vt -2.97589 2.08381 
vt -3.47589 2.08381 
vt 4.39911 2.58381 
vt -3.47589 2.58381 
vt 4.39911 2.08381 
vt -3.47589 2.08381 
vt 4.39911 2.58381 
vt -3.47589 2.58381 
vt 4.39911 2.08381 
vt -3.47589 2.08381 
vt -2.97589 2.58381 
vt -3.47589 2.58381 
vt -2.97589 2.08381 
vt -3.47589 2.08381 
vt 4.39911 2.58381 
vt -3.47589 2.58381 
vt 4.39911 2.08381 
vt -3.47589 2.08381 
vt 4.39911 2.58381 
vt -3.47589 2.58381 
vt 4.39911 2.08381 
vt -3.47589 2.08381 

usemtl Grass1Mtl

f 1153/1153/1153 1154/1154/1154 1155/1155/1155 
f 1155/1155/1155 1154/1154/1154 1156/1156/1156 
f 1157/1157/1157 1158/1158/1158 1159/1159/1159 
f 1159/1159/1159 1158/1158/1158 1160/1160/1160 
f 1161/1161/1161 1162/1162/1162 1163/1163/1163 
f 1163/1163/1163 1162/1162/1162 1164/1164/1164 
f 1165/1165/1165 1166/1166/1166 1167/1167/1167 
f 1167/1167/1167 1166/1166/1166 1168/1168/1168 
f 1169/1169/1169 1170/1170/1170 1171/1171/1171 
f 1171/1171/1171 1170/1170/1170 1172/1172/1172 
f 1173/1173/1173 1174/1174/1174 1175/1175/1175 
f 1175/1175/1175 1174/1174/1174 1176/1176/1176 

g Part12

v 88 152.48 -188.275 
v 88 152.48 -184.275 
v 88 148.48 -188.275 
v 88 148.48 -184.275 
v 84 152.48 -184.275 
v 88 152.48 -184.275 
v 84 152.48 -188.275 
v 88 152.48 -188.275 
v 88 152.48 -184.275 
v 84 152.48 -184.275 
v 88 148.48 -184.275 
v 84 148.48 -184.275 
v 84 152.48 -184.275 
v 84 152.48 -188.275 
v 84 148.48 -184.275 
v 84 148.48 -188.275 
v 84 148.48 -188.275 
v 88 148.48 -188.275 
v 84 148.48 -184.275 
v 88 148.48 -184.275 
v 84 152.48 -188.275 
v 88 152.48 -188.275 
v 84 148.48 -188.275 
v 88 148.48 -188.275 

vn 1 0 0 
vn 1 0 0 
vn 1 0 0 
vn 1 0 0 
vn 0 1 0 
vn 0 1 0 
vn 0 1 0 
vn 0 1 0 
vn 0 0 1 
vn 0 0 1 
vn 0 0 1 
vn 0 0 1 
vn -1 0 0 
vn -1 0 0 
vn -1 0 0 
vn -1 0 0 
vn 0 -1 0 
vn 0 -1 0 
vn 0 -1 0 
vn 0 -1 0 
vn 0 0 -1 
vn 0 0 -1 
vn 0 0 -1 
vn 0 0 -1 

vt 0.770404 1.41186 
vt 0.270404 1.41186 
vt 0.770404 0.911861 
vt 0.270404 0.911861 
vt 0.770404 1.41186 
vt 0.270404 1.41186 
vt 0.770404 0.911861 
vt 0.270404 0.911861 
vt 0.770404 1.41186 
vt 0.270404 1.41186 
vt 0.770404 0.911861 
vt 0.270404 0.911861 
vt 0.770404 1.41186 
vt 0.270404 1.41186 
vt 0.770404 0.911861 
vt 0.270404 0.911861 
vt 0.770404 1.41186 
vt 0.270404 1.41186 
vt 0.770404 0.911861 
vt 0.270404 0.911861 
vt 0.770404 1.41186 
vt 0.270404 1.41186 
vt 0.770404 0.911861 
vt 0.270404 0.911861 

usemtl Grass1Mtl

f 1177/1177/1177 1178/1178/1178 1179/1179/1179 
f 1179/1179/1179 1178/1178/1178 1180/1180/1180 
f 1181/1181/1181 1182/1182/1182 1183/1183/1183 
f 1183/1183/1183 1182/1182/1182 1184/1184/1184 
f 1185/1185/1185 1186/1186/1186 1187/1187/1187 
f 1187/1187/1187 1186/1186/1186 1188/1188/1188 
f 1189/1189/1189 1190/1190/1190 1191/1191/1191 
f 1191/1191/1191 1190/1190/1190 1192/1192/1192 
f 1193/1193/1193 1194/1194/1194 1195/1195/1195 
f 1195/1195/1195 1194/1194/1194 1196/1196/1196 
f 1197/1197/1197 1198/1198/1198 1199/1199/1199 
f 1199/1199/1199 1198/1198/1198 1200/1200/1200 

g Part13

v 88 168.48 -175.275 
v 88 168.48 -163.275 
v 88 164.48 -175.275 
v 88 164.48 -163.275 
v 84 168.48 -163.275 
v 88 168.48 -163.275 
v 84 168.48 -175.275 
v 88 168.48 -175.275 
v 88 168.48 -163.275 
v 84 168.48 -163.275 
v 88 164.48 -163.275 
v 84 164.48 -163.275 
v 84 168.48 -163.275 
v 84 168.48 -175.275 
v 84 164.48 -163.275 
v 84 164.48 -175.275 
v 84 164.48 -175.275 
v 88 164.48 -175.275 
v 84 164.48 -163.275 
v 88 164.48 -163.275 
v 84 168.48 -175.275 
v 88 168.48 -175.275 
v 84 164.48 -175.275 
v 88 164.48 -175.275 

vn 1 0 0 
vn 1 0 0 
vn 1 0 0 
vn 1 0 0 
vn 0 1 0 
vn 0 1 0 
vn 0 1 0 
vn 0 1 0 
vn 0 0 1 
vn 0 0 1 
vn 0 0 1 
vn 0 0 1 
vn -1 0 0 
vn -1 0 0 
vn -1 0 0 
vn -1 0 0 
vn 0 -1 0 
vn 0 -1 0 
vn 0 -1 0 
vn 0 -1 0 
vn 0 0 -1 
vn 0 0 -1 
vn 0 0 -1 
vn 0 0 -1 

vt 1.06098 -0.174358 
vt -0.439017 -0.174358 
vt 1.06098 -0.674358 
vt -0.439017 -0.674358 
vt 0.0609825 -0.174358 
vt -0.439017 -0.174358 
vt 0.0609825 -1.67436 
vt -0.439017 -1.67436 
vt 0.0609825 -0.174358 
vt -0.439017 -0.174358 
vt 0.0609825 -0.674358 
vt -0.439017 -0.674358 
vt 1.06098 -0.174358 
vt -0.439017 -0.174358 
vt 1.06098 -0.674358 
vt -0.439017 -0.674358 
vt 0.0609825 -0.174358 
vt -0.439017 -0.174358 
vt 0.0609825 -1.67436 
vt -0.439017 -1.67436 
vt 0.0609825 -0.174358 
vt -0.439017 -0.174358 
vt 0.0609825 -0.674358 
vt -0.439017 -0.674358 

usemtl Grass1Mtl

f 1201/1201/1201 1202/1202/1202 1203/1203/1203 
f 1203/1203/1203 1202/1202/1202 1204/1204/1204 
f 1205/1205/1205 1206/1206/1206 1207/1207/1207 
f 1207/1207/1207 1206/1206/1206 1208/1208/1208 
f 1209/1209/1209 1210/1210/1210 1211/1211/1211 
f 1211/1211/1211 1210/1210/1210 1212/1212/1212 
f 1213/1213/1213 1214/1214/1214 1215/1215/1215 
f 1215/1215/1215 1214/1214/1214 1216/1216/1216 
f 1217/1217/1217 1218/1218/1218 1219/1219/1219 
f 1219/1219/1219 1218/1218/1218 1220/1220/1220 
f 1221/1221/1221 1222/1222/1222 1223/1223/1223 
f 1223/1223/1223 1222/1222/1222 1224/1224/1224 

g Part14

v 88 164.48 -163.275 
v 88 164.48 -159.275 
v 88 160.48 -163.275 
v 88 160.48 -159.275 
v 84 164.48 -159.275 
v 88 164.48 -159.275 
v 84 164.48 -163.275 
v 88 164.48 -163.275 
v 88 164.48 -159.275 
v 84 164.48 -159.275 
v 88 160.48 -159.275 
v 84 160.48 -159.275 
v 84 164.48 -159.275 
v 84 164.48 -163.275 
v 84 160.48 -159.275 
v 84 160.48 -163.275 
v 84 160.48 -163.275 
v 88 160.48 -163.275 
v 84 160.48 -159.275 
v 88 160.48 -159.275 
v 84 164.48 -163.275 
v 88 164.48 -163.275 
v 84 160.48 -163.275 
v 88 160.48 -163.275 

vn 1 0 0 
vn 1 0 0 
vn 1 0 0 
vn 1 0 0 
vn 0 1 0 
vn 0 1 0 
vn 0 1 0 
vn 0 1 0 
vn 0 0 1 
vn 0 0 1 
vn 0 0 1 
vn 0 0 1 
vn -1 0 0 
vn -1 0 0 
vn -1 0 0 
vn -1 0 0 
vn 0 -1 0 
vn 0 -1 0 
vn 0 -1 0 
vn 0 -1 0 
vn 0 0 -1 
vn 0 0 -1 
vn 0 0 -1 
vn 0 0 -1 

vt 0.306947 1.20215 
vt -0.193053 1.20215 
vt 0.306947 0.702152 
vt -0.193053 0.702152 
vt 0.306947 1.20215 
vt -0.193053 1.20215 
vt 0.306947 0.702152 
vt -0.193053 0.702152 
vt 0.306947 1.20215 
vt -0.193053 1.20215 
vt 0.306947 0.702152 
vt -0.193053 0.702152 
vt 0.306947 1.20215 
vt -0.193053 1.20215 
vt 0.306947 0.702152 
vt -0.193053 0.702152 
vt 0.306947 1.20215 
vt -0.193053 1.20215 
vt 0.306947 0.702152 
vt -0.193053 0.702152 
vt 0.306947 1.20215 
vt -0.193053 1.20215 
vt 0.306947 0.702152 
vt -0.193053 0.702152 

usemtl Grass1Mtl

f 1225/1225/1225 1226/1226/1226 1227/1227/1227 
f 1227/1227/1227 1226/1226/1226 1228/1228/1228 
f 1229/1229/1229 1230/1230/1230 1231/1231/1231 
f 1231/1231/1231 1230/1230/1230 1232/1232/1232 
f 1233/1233/1233 1234/1234/1234 1235/1235/1235 
f 1235/1235/1235 1234/1234/1234 1236/1236/1236 
f 1237/1237/1237 1238/1238/1238 1239/1239/1239 
f 1239/1239/1239 1238/1238/1238 1240/1240/1240 
f 1241/1241/1241 1242/1242/1242 1243/1243/1243 
f 1243/1243/1243 1242/1242/1242 1244/1244/1244 
f 1245/1245/1245 1246/1246/1246 1247/1247/1247 
f 1247/1247/1247 1246/1246/1246 1248/1248/1248 

g Part15

v 88 160.48 -159.275 
v 88 160.48 -155.275 
v 88 156.48 -159.275 
v 88 156.48 -155.275 
v 84 160.48 -155.275 
v 88 160.48 -155.275 
v 84 160.48 -159.275 
v 88 160.48 -159.275 
v 88 160.48 -155.275 
v 84 160.48 -155.275 
v 88 156.48 -155.275 
v 84 156.48 -155.275 
v 84 160.48 -155.275 
v 84 160.48 -159.275 
v 84 156.48 -155.275 
v 84 156.48 -159.275 
v 84 156.48 -159.275 
v 88 156.48 -159.275 
v 84 156.48 -155.275 
v 88 156.48 -155.275 
v 84 160.48 -159.275 
v 88 160.48 -159.275 
v 84 156.48 -159.275 
v 88 156.48 -159.275 

vn 1 0 0 
vn 1 0 0 
vn 1 0 0 
vn 1 0 0 
vn 0 1 0 
vn 0 1 0 
vn 0 1 0 
vn 0 1 0 
vn 0 0 1 
vn 0 0 1 
vn 0 0 1 
vn 0 0 1 
vn -1 0 0 
vn -1 0 0 
vn -1 0 0 
vn -1 0 0 
vn 0 -1 0 
vn 0 -1 0 
vn 0 -1 0 
vn 0 -1 0 
vn 0 0 -1 
vn 0 0 -1 
vn 0 0 -1 
vn 0 0 -1 

vt 1.02207 0.542387 
vt 0.522067 0.542387 
vt 1.02207 0.0423875 
vt 0.522067 0.0423875 
vt 1.02207 0.542387 
vt 0.522067 0.542387 
vt 1.02207 0.0423875 
vt 0.522067 0.0423875 
vt 1.02207 0.542387 
vt 0.522067 0.542387 
vt 1.02207 0.0423875 
vt 0.522067 0.0423875 
vt 1.02207 0.542387 
vt 0.522067 0.542387 
vt 1.02207 0.0423875 
vt 0.522067 0.0423875 
vt 1.02207 0.542387 
vt 0.522067 0.542387 
vt 1.02207 0.0423875 
vt 0.522067 0.0423875 
vt 1.02207 0.542387 
vt 0.522067 0.542387 
vt 1.02207 0.0423875 
vt 0.522067 0.0423875 

usemtl Grass1Mtl

f 1249/1249/1249 1250/1250/1250 1251/1251/1251 
f 1251/1251/1251 1250/1250/1250 1252/1252/1252 
f 1253/1253/1253 1254/1254/1254 1255/1255/1255 
f 1255/1255/1255 1254/1254/1254 1256/1256/1256 
f 1257/1257/1257 1258/1258/1258 1259/1259/1259 
f 1259/1259/1259 1258/1258/1258 1260/1260/1260 
f 1261/1261/1261 1262/1262/1262 1263/1263/1263 
f 1263/1263/1263 1262/1262/1262 1264/1264/1264 
f 1265/1265/1265 1266/1266/1266 1267/1267/1267 
f 1267/1267/1267 1266/1266/1266 1268/1268/1268 
f 1269/1269/1269 1270/1270/1270 1271/1271/1271 
f 1271/1271/1271 1270/1270/1270 1272/1272/1272 

g Part16

v 88 152.48 -154.275 
v 88 152.48 -150.275 
v 88 148.48 -154.275 
v 88 148.48 -150.275 
v 84 152.48 -150.275 
v 88 152.48 -150.275 
v 84 152.48 -154.275 
v 88 152.48 -154.275 
v 88 152.48 -150.275 
v 84 152.48 -150.275 
v 88 148.48 -150.275 
v 84 148.48 -150.275 
v 84 152.48 -150.275 
v 84 152.48 -154.275 
v 84 148.48 -150.275 
v 84 148.48 -154.275 
v 84 148.48 -154.275 
v 88 148.48 -154.275 
v 84 148.48 -150.275 
v 88 148.48 -150.275 
v 84 152.48 -154.275 
v 88 152.48 -154.275 
v 84 148.48 -154.275 
v 88 148.48 -154.275 

vn 1 0 0 
vn 1 0 0 
vn 1 0 0 
vn 1 0 0 
vn 0 1 0 
vn 0 1 0 
vn 0 1 0 
vn 0 1 0 
vn 0 0 1 
vn 0 0 1 
vn 0 0 1 
vn 0 0 1 
vn -1 0 0 
vn -1 0 0 
vn -1 0 0 
vn -1 0 0 
vn 0 -1 0 
vn 0 -1 0 
vn 0 -1 0 
vn 0 -1 0 
vn 0 0 -1 
vn 0 0 -1 
vn 0 0 -1 
vn 0 0 -1 

vt 0.861004 0.397462 
vt 0.361004 0.397462 
vt 0.861004 -0.102538 
vt 0.361004 -0.102538 
vt 0.861004 0.397462 
vt 0.361004 0.397462 
vt 0.861004 -0.102538 
vt 0.361004 -0.102538 
vt 0.861004 0.397462 
vt 0.361004 0.397462 
vt 0.861004 -0.102538 
vt 0.361004 -0.102538 
vt 0.861004 0.397462 
vt 0.361004 0.397462 
vt 0.861004 -0.102538 
vt 0.361004 -0.102538 
vt 0.861004 0.397462 
vt 0.361004 0.397462 
vt 0.861004 -0.102538 
vt 0.361004 -0.102538 
vt 0.861004 0.397462 
vt 0.361004 0.397462 
vt 0.861004 -0.102538 
vt 0.361004 -0.102538 

usemtl Grass1Mtl

f 1273/1273/1273 1274/1274/1274 1275/1275/1275 
f 1275/1275/1275 1274/1274/1274 1276/1276/1276 
f 1277/1277/1277 1278/1278/1278 1279/1279/1279 
f 1279/1279/1279 1278/1278/1278 1280/1280/1280 
f 1281/1281/1281 1282/1282/1282 1283/1283/1283 
f 1283/1283/1283 1282/1282/1282 1284/1284/1284 
f 1285/1285/1285 1286/1286/1286 1287/1287/1287 
f 1287/1287/1287 1286/1286/1286 1288/1288/1288 
f 1289/1289/1289 1290/1290/1290 1291/1291/1291 
f 1291/1291/1291 1290/1290/1290 1292/1292/1292 
f 1293/1293/1293 1294/1294/1294 1295/1295/1295 
f 1295/1295/1295 1294/1294/1294 1296/1296/1296 

g Part17

v 88 156.48 -156.275 
v 88 156.48 -152.275 
v 88 152.48 -156.275 
v 88 152.48 -152.275 
v 84 156.48 -152.275 
v 88 156.48 -152.275 
v 84 156.48 -156.275 
v 88 156.48 -156.275 
v 88 156.48 -152.275 
v 84 156.48 -152.275 
v 88 152.48 -152.275 
v 84 152.48 -152.275 
v 84 156.48 -152.275 
v 84 156.48 -156.275 
v 84 152.48 -152.275 
v 84 152.48 -156.275 
v 84 152.48 -156.275 
v 88 152.48 -156.275 
v 84 152.48 -152.275 
v 88 152.48 -152.275 
v 84 156.48 -156.275 
v 88 156.48 -156.275 
v 84 152.48 -156.275 
v 88 152.48 -156.275 

vn 1 0 0 
vn 1 0 0 
vn 1 0 0 
vn 1 0 0 
vn 0 1 0 
vn 0 1 0 
vn 0 1 0 
vn 0 1 0 
vn 0 0 1 
vn 0 0 1 
vn 0 0 1 
vn 0 0 1 
vn -1 0 0 
vn -1 0 0 
vn -1 0 0 
vn -1 0 0 
vn 0 -1 0 
vn 0 -1 0 
vn 0 -1 0 
vn 0 -1 0 
vn 0 0 -1 
vn 0 0 -1 
vn 0 0 -1 
vn 0 0 -1 

vt 0.314267 0.561259 
vt -0.185733 0.561259 
vt 0.314267 0.061259 
vt -0.185733 0.061259 
vt 0.314267 0.561259 
vt -0.185733 0.561259 
vt 0.314267 0.061259 
vt -0.185733 0.061259 
vt 0.314267 0.561259 
vt -0.185733 0.561259 
vt 0.314267 0.061259 
vt -0.185733 0.061259 
vt 0.314267 0.561259 
vt -0.185733 0.561259 
vt 0.314267 0.061259 
vt -0.185733 0.061259 
vt 0.314267 0.561259 
vt -0.185733 0.561259 
vt 0.314267 0.061259 
vt -0.185733 0.061259 
vt 0.314267 0.561259 
vt -0.185733 0.561259 
vt 0.314267 0.061259 
vt -0.185733 0.061259 

usemtl Grass1Mtl

f 1297/1297/1297 1298/1298/1298 1299/1299/1299 
f 1299/1299/1299 1298/1298/1298 1300/1300/1300 
f 1301/1301/1301 1302/1302/1302 1303/1303/1303 
f 1303/1303/1303 1302/1302/1302 1304/1304/1304 
f 1305/1305/1305 1306/1306/1306 1307/1307/1307 
f 1307/1307/1307 1306/1306/1306 1308/1308/1308 
f 1309/1309/1309 1310/1310/1310 1311/1311/1311 
f 1311/1311/1311 1310/1310/1310 1312/1312/1312 
f 1313/1313/1313 1314/1314/1314 1315/1315/1315 
f 1315/1315/1315 1314/1314/1314 1316/1316/1316 
f 1317/1317/1317 1318/1318/1318 1319/1319/1319 
f 1319/1319/1319 1318/1318/1318 1320/1320/1320 

g Part18

v 84 164.48 -175.275 
v 84 164.48 -179.275 
v 84 160.48 -175.275 
v 84 160.48 -179.275 
v 88 164.48 -179.275 
v 84 164.48 -179.275 
v 88 164.48 -175.275 
v 84 164.48 -175.275 
v 84 164.48 -179.275 
v 88 164.48 -179.275 
v 84 160.48 -179.275 
v 88 160.48 -179.275 
v 88 164.48 -179.275 
v 88 164.48 -175.275 
v 88 160.48 -179.275 
v 88 160.48 -175.275 
v 88 160.48 -175.275 
v 84 160.48 -175.275 
v 88 160.48 -179.275 
v 84 160.48 -179.275 
v 88 164.48 -175.275 
v 84 164.48 -175.275 
v 88 160.48 -175.275 
v 84 160.48 -175.275 

vn -1 0 0 
vn -1 0 0 
vn -1 0 0 
vn -1 0 0 
vn 0 1 0 
vn 0 1 0 
vn 0 1 0 
vn 0 1 0 
vn 0 0 -1 
vn 0 0 -1 
vn 0 0 -1 
vn 0 0 -1 
vn 1 0 0 
vn 1 0 0 
vn 1 0 0 
vn 1 0 0 
vn 0 -1 0 
vn 0 -1 0 
vn 0 -1 0 
vn 0 -1 0 
vn 0 0 1 
vn 0 0 1 
vn 0 0 1 
vn 0 0 1 

vt 0.957613 1.33648 
vt 0.457612 1.33648 
vt 0.957613 0.836483 
vt 0.457612 0.836483 
vt 0.957613 1.33648 
vt 0.457612 1.33648 
vt 0.957613 0.836483 
vt 0.457612 0.836483 
vt 0.957613 1.33648 
vt 0.457612 1.33648 
vt 0.957613 0.836483 
vt 0.457612 0.836483 
vt 0.957613 1.33648 
vt 0.457612 1.33648 
vt 0.957613 0.836483 
vt 0.457612 0.836483 
vt 0.957613 1.33648 
vt 0.457612 1.33648 
vt 0.957613 0.836483 
vt 0.457612 0.836483 
vt 0.957613 1.33648 
vt 0.457612 1.33648 
vt 0.957613 0.836483 
vt 0.457612 0.836483 

usemtl Grass1Mtl

f 1321/1321/1321 1322/1322/1322 1323/1323/1323 
f 1323/1323/1323 1322/1322/1322 1324/1324/1324 
f 1325/1325/1325 1326/1326/1326 1327/1327/1327 
f 1327/1327/1327 1326/1326/1326 1328/1328/1328 
f 1329/1329/1329 1330/1330/1330 1331/1331/1331 
f 1331/1331/1331 1330/1330/1330 1332/1332/1332 
f 1333/1333/1333 1334/1334/1334 1335/1335/1335 
f 1335/1335/1335 1334/1334/1334 1336/1336/1336 
f 1337/1337/1337 1338/1338/1338 1339/1339/1339 
f 1339/1339/1339 1338/1338/1338 1340/1340/1340 
f 1341/1341/1341 1342/1342/1342 1343/1343/1343 
f 1343/1343/1343 1342/1342/1342 1344/1344/1344 

g Part19

v 84 160.48 -179.275 
v 84 160.48 -183.275 
v 84 156.48 -179.275 
v 84 156.48 -183.275 
v 88 160.48 -183.275 
v 84 160.48 -183.275 
v 88 160.48 -179.275 
v 84 160.48 -179.275 
v 84 160.48 -183.275 
v 88 160.48 -183.275 
v 84 156.48 -183.275 
v 88 156.48 -183.275 
v 88 160.48 -183.275 
v 88 160.48 -179.275 
v 88 156.48 -183.275 
v 88 156.48 -179.275 
v 88 156.48 -179.275 
v 84 156.48 -179.275 
v 88 156.48 -183.275 
v 84 156.48 -183.275 
v 88 160.48 -179.275 
v 84 160.48 -179.275 
v 88 156.48 -179.275 
v 84 156.48 -179.275 

vn -1 0 0 
vn -1 0 0 
vn -1 0 0 
vn -1 0 0 
vn 0 1 0 
vn 0 1 0 
vn 0 1 0 
vn 0 1 0 
vn 0 0 -1 
vn 0 0 -1 
vn 0 0 -1 
vn 0 0 -1 
vn 1 0 0 
vn 1 0 0 
vn 1 0 0 
vn 1 0 0 
vn 0 -1 0 
vn 0 -1 0 
vn 0 -1 0 
vn 0 -1 0 
vn 0 0 1 
vn 0 0 1 
vn 0 0 1 
vn 0 0 1 

vt 0.576533 1.20215 
vt 0.076533 1.20215 
vt 0.576533 0.702152 
vt 0.076533 0.702152 
vt 0.576533 1.20215 
vt 0.076533 1.20215 
vt 0.576533 0.702152 
vt 0.076533 0.702152 
vt 0.576533 1.20215 
vt 0.076533 1.20215 
vt 0.576533 0.702152 
vt 0.076533 0.702152 
vt 0.576533 1.20215 
vt 0.076533 1.20215 
vt 0.576533 0.702152 
vt 0.076533 0.702152 
vt 0.576533 1.20215 
vt 0.076533 1.20215 
vt 0.576533 0.702152 
vt 0.076533 0.702152 
vt 0.576533 1.20215 
vt 0.076533 1.20215 
vt 0.576533 0.702152 
vt 0.076533 0.702152 

usemtl Grass1Mtl

f 1345/1345/1345 1346/1346/1346 1347/1347/1347 
f 1347/1347/1347 1346/1346/1346 1348/1348/1348 
f 1349/1349/1349 1350/1350/1350 1351/1351/1351 
f 1351/1351/1351 1350/1350/1350 1352/1352/1352 
f 1353/1353/1353 1354/1354/1354 1355/1355/1355 
f 1355/1355/1355 1354/1354/1354 1356/1356/1356 
f 1357/1357/1357 1358/1358/1358 1359/1359/1359 
f 1359/1359/1359 1358/1358/1358 1360/1360/1360 
f 1361/1361/1361 1362/1362/1362 1363/1363/1363 
f 1363/1363/1363 1362/1362/1362 1364/1364/1364 
f 1365/1365/1365 1366/1366/1366 1367/1367/1367 
f 1367/1367/1367 1366/1366/1366 1368/1368/1368 

g Part20

v 84 156.48 -182.275 
v 84 156.48 -186.275 
v 84 152.48 -182.275 
v 84 152.48 -186.275 
v 88 156.48 -186.275 
v 84 156.48 -186.275 
v 88 156.48 -182.275 
v 84 156.48 -182.275 
v 84 156.48 -186.275 
v 88 156.48 -186.275 
v 84 152.48 -186.275 
v 88 152.48 -186.275 
v 88 156.48 -186.275 
v 88 156.48 -182.275 
v 88 152.48 -186.275 
v 88 152.48 -182.275 
v 88 152.48 -182.275 
v 84 152.48 -182.275 
v 88 152.48 -186.275 
v 84 152.48 -186.275 
v 88 156.48 -182.275 
v 84 156.48 -182.275 
v 88 152.48 -182.275 
v 84 152.48 -182.275 

vn -1 0 0 
vn -1 0 0 
vn -1 0 0 
vn -1 0 0 
vn 0 1 0 
vn 0 1 0 
vn 0 1 0 
vn 0 1 0 
vn 0 0 -1 
vn 0 0 -1 
vn 0 0 -1 
vn 0 0 -1 
vn 1 0 0 
vn 1 0 0 
vn 1 0 0 
vn 1 0 0 
vn 0 -1 0 
vn 0 -1 0 
vn 0 -1 0 
vn 0 -1 0 
vn 0 0 1 
vn 0 0 1 
vn 0 0 1 
vn 0 0 1 

vt 0.117944 0.811182 
vt -0.382056 0.811182 
vt 0.117944 0.311182 
vt -0.382056 0.311182 
vt 0.117944 0.811182 
vt -0.382056 0.811182 
vt 0.117944 0.311182 
vt -0.382056 0.311182 
vt 0.117944 0.811182 
vt -0.382056 0.811182 
vt 0.117944 0.311182 
vt -0.382056 0.311182 
vt 0.117944 0.811182 
vt -0.382056 0.811182 
vt 0.117944 0.311182 
vt -0.382056 0.311182 
vt 0.117944 0.811182 
vt -0.382056 0.811182 
vt 0.117944 0.311182 
vt -0.382056 0.311182 
vt 0.117944 0.811182 
vt -0.382056 0.811182 
vt 0.117944 0.311182 
vt -0.382056 0.311182 

usemtl Grass1Mtl

f 1369/1369/1369 1370/1370/1370 1371/1371/1371 
f 1371/1371/1371 1370/1370/1370 1372/1372/1372 
f 1373/1373/1373 1374/1374/1374 1375/1375/1375 
f 1375/1375/1375 1374/1374/1374 1376/1376/1376 
f 1377/1377/1377 1378/1378/1378 1379/1379/1379 
f 1379/1379/1379 1378/1378/1378 1380/1380/1380 
f 1381/1381/1381 1382/1382/1382 1383/1383/1383 
f 1383/1383/1383 1382/1382/1382 1384/1384/1384 
f 1385/1385/1385 1386/1386/1386 1387/1387/1387 
f 1387/1387/1387 1386/1386/1386 1388/1388/1388 
f 1389/1389/1389 1390/1390/1390 1391/1391/1391 
f 1391/1391/1391 1390/1390/1390 1392/1392/1392 

g Blackpart6

v 18.225 141.48 -175.275 
v 18.225 141.48 -163.275 
v 18.225 140.48 -175.275 
v 18.225 140.48 -163.275 
v -44.775 141.48 -163.275 
v 18.225 141.48 -163.275 
v -44.775 141.48 -175.275 
v 18.225 141.48 -175.275 
v 18.225 141.48 -163.275 
v -44.775 141.48 -163.275 
v 18.225 140.48 -163.275 
v -44.775 140.48 -163.275 
v -44.775 141.48 -163.275 
v -44.775 141.48 -175.275 
v -44.775 140.48 -163.275 
v -44.775 140.48 -175.275 
v -44.775 140.48 -175.275 
v 18.225 140.48 -175.275 
v -44.775 140.48 -163.275 
v 18.225 140.48 -163.275 
v -44.775 141.48 -175.275 
v 18.225 141.48 -175.275 
v -44.775 140.48 -175.275 
v 18.225 140.48 -175.275 

vn 1 0 0 
vn 1 0 0 
vn 1 0 0 
vn 1 0 0 
vn 0 1 0 
vn 0 1 0 
vn 0 1 0 
vn 0 1 0 
vn 0 0 1 
vn 0 0 1 
vn 0 0 1 
vn 0 0 1 
vn -1 0 0 
vn -1 0 0 
vn -1 0 0 
vn -1 0 0 
vn 0 -1 0 
vn 0 -1 0 
vn 0 -1 0 
vn 0 -1 0 
vn 0 0 -1 
vn 0 0 -1 
vn 0 0 -1 
vn 0 0 -1 

vt 5.75453 -3.25453 
vt 4.25453 -3.25453 
vt 5.75453 -3.37953 
vt 4.25453 -3.37953 
vt 12.1295 -3.25453 
vt 4.25453 -3.25453 
vt 12.1295 -4.75453 
vt 4.25453 -4.75453 
vt 12.1295 -3.25453 
vt 4.25453 -3.25453 
vt 12.1295 -3.37953 
vt 4.25453 -3.37953 
vt 5.75453 -3.25453 
vt 4.25453 -3.25453 
vt 5.75453 -3.37953 
vt 4.25453 -3.37953 
vt 12.1295 -3.25453 
vt 4.25453 -3.25453 
vt 12.1295 -4.75453 
vt 4.25453 -4.75453 
vt 12.1295 -3.25453 
vt 4.25453 -3.25453 
vt 12.1295 -3.37953 
vt 4.25453 -3.37953 

usemtl Blackpart1Mtl

f 1393/1393/1393 1394/1394/1394 1395/1395/1395 
f 1395/1395/1395 1394/1394/1394 1396/1396/1396 
f 1397/1397/1397 1398/1398/1398 1399/1399/1399 
f 1399/1399/1399 1398/1398/1398 1400/1400/1400 
f 1401/1401/1401 1402/1402/1402 1403/1403/1403 
f 1403/1403/1403 1402/1402/1402 1404/1404/1404 
f 1405/1405/1405 1406/1406/1406 1407/1407/1407 
f 1407/1407/1407 1406/1406/1406 1408/1408/1408 
f 1409/1409/1409 1410/1410/1410 1411/1411/1411 
f 1411/1411/1411 1410/1410/1410 1412/1412/1412 
f 1413/1413/1413 1414/1414/1414 1415/1415/1415 
f 1415/1415/1415 1414/1414/1414 1416/1416/1416 

g Graypart9

v 18.225 142.48 -164.275 
v 18.225 142.48 -154.275 
v 18.225 141.48 -164.275 
v 18.225 141.48 -154.275 
v -44.775 142.48 -154.275 
v 18.225 142.48 -154.275 
v -44.775 142.48 -164.275 
v 18.225 142.48 -164.275 
v 18.225 142.48 -154.275 
v -44.775 142.48 -154.275 
v 18.225 141.48 -154.275 
v -44.775 141.48 -154.275 
v -44.775 142.48 -154.275 
v -44.775 142.48 -164.275 
v -44.775 141.48 -154.275 
v -44.775 141.48 -164.275 
v -44.775 141.48 -164.275 
v 18.225 141.48 -164.275 
v -44.775 141.48 -154.275 
v 18.225 141.48 -154.275 
v -44.775 142.48 -164.275 
v 18.225 142.48 -164.275 
v -44.775 141.48 -164.275 
v 18.225 141.48 -164.275 

vn 1 0 0 
vn 1 0 0 
vn 1 0 0 
vn 1 0 0 
vn 0 1 0 
vn 0 1 0 
vn 0 1 0 
vn 0 1 0 
vn 0 0 1 
vn 0 0 1 
vn 0 0 1 
vn 0 0 1 
vn -1 0 0 
vn -1 0 0 
vn -1 0 0 
vn -1 0 0 
vn 0 -1 0 
vn 0 -1 0 
vn 0 -1 0 
vn 0 -1 0 
vn 0 0 -1 
vn 0 0 -1 
vn 0 0 -1 
vn 0 0 -1 

vt 0.00339592 4.98235 
vt -1.2466 4.98235 
vt 0.00339592 4.85735 
vt -1.2466 4.85735 
vt 6.6284 4.98235 
vt -1.2466 4.98235 
vt 6.6284 3.73235 
vt -1.2466 3.73235 
vt 6.6284 4.98235 
vt -1.2466 4.98235 
vt 6.6284 4.85735 
vt -1.2466 4.85735 
vt 0.00339592 4.98235 
vt -1.2466 4.98235 
vt 0.00339592 4.85735 
vt -1.2466 4.85735 
vt 6.6284 4.98235 
vt -1.2466 4.98235 
vt 6.6284 3.73235 
vt -1.2466 3.73235 
vt 6.6284 4.98235 
vt -1.2466 4.98235 
vt 6.6284 4.85735 
vt -1.2466 4.85735 

usemtl Graypart1Mtl

f 1417/1417/1417 1418/1418/1418 1419/1419/1419 
f 1419/1419/1419 1418/1418/1418 1420/1420/1420 
f 1421/1421/1421 1422/1422/1422 1423/1423/1423 
f 1423/1423/1423 1422/1422/1422 1424/1424/1424 
f 1425/1425/1425 1426/1426/1426 1427/1427/1427 
f 1427/1427/1427 1426/1426/1426 1428/1428/1428 
f 1429/1429/1429 1430/1430/1430 1431/1431/1431 
f 1431/1431/1431 1430/1430/1430 1432/1432/1432 
f 1433/1433/1433 1434/1434/1434 1435/1435/1435 
f 1435/1435/1435 1434/1434/1434 1436/1436/1436 
f 1437/1437/1437 1438/1438/1438 1439/1439/1439 
f 1439/1439/1439 1438/1438/1438 1440/1440/1440 

g Grass10

v 18.225 146.48 -154.275 
v 18.225 146.48 -150.275 
v 18.225 142.48 -154.275 
v 18.225 142.48 -150.275 
v -44.775 146.48 -150.275 
v 18.225 146.48 -150.275 
v -44.775 146.48 -154.275 
v 18.225 146.48 -154.275 
v 18.225 146.48 -150.275 
v -44.775 146.48 -150.275 
v 18.225 142.48 -150.275 
v -44.775 142.48 -150.275 
v -44.775 146.48 -150.275 
v -44.775 146.48 -154.275 
v -44.775 142.48 -150.275 
v -44.775 142.48 -154.275 
v -44.775 142.48 -154.275 
v 18.225 142.48 -154.275 
v -44.775 142.48 -150.275 
v 18.225 142.48 -150.275 
v -44.775 146.48 -154.275 
v 18.225 146.48 -154.275 
v -44.775 142.48 -154.275 
v 18.225 142.48 -154.275 

vn 1 0 0 
vn 1 0 0 
vn 1 0 0 
vn 1 0 0 
vn 0 1 0 
vn 0 1 0 
vn 0 1 0 
vn 0 1 0 
vn 0 0 1 
vn 0 0 1 
vn 0 0 1 
vn 0 0 1 
vn -1 0 0 
vn -1 0 0 
vn -1 0 0 
vn -1 0 0 
vn 0 -1 0 
vn 0 -1 0 
vn 0 -1 0 
vn 0 -1 0 
vn 0 0 -1 
vn 0 0 -1 
vn 0 0 -1 
vn 0 0 -1 

vt 4.82755 4.47589 
vt 4.32755 4.47589 
vt 4.82755 3.97589 
vt 4.32755 3.97589 
vt 12.2025 4.47589 
vt 4.32755 4.47589 
vt 12.2025 3.97589 
vt 4.32755 3.97589 
vt 12.2025 4.47589 
vt 4.32755 4.47589 
vt 12.2025 3.97589 
vt 4.32755 3.97589 
vt 4.82755 4.47589 
vt 4.32755 4.47589 
vt 4.82755 3.97589 
vt 4.32755 3.97589 
vt 12.2025 4.47589 
vt 4.32755 4.47589 
vt 12.2025 3.97589 
vt 4.32755 3.97589 
vt 12.2025 4.47589 
vt 4.32755 4.47589 
vt 12.2025 3.97589 
vt 4.32755 3.97589 

usemtl Grass1Mtl

f 1441/1441/1441 1442/1442/1442 1443/1443/1443 
f 1443/1443/1443 1442/1442/1442 1444/1444/1444 
f 1445/1445/1445 1446/1446/1446 1447/1447/1447 
f 1447/1447/1447 1446/1446/1446 1448/1448/1448 
f 1449/1449/1449 1450/1450/1450 1451/1451/1451 
f 1451/1451/1451 1450/1450/1450 1452/1452/1452 
f 1453/1453/1453 1454/1454/1454 1455/1455/1455 
f 1455/1455/1455 1454/1454/1454 1456/1456/1456 
f 1457/1457/1457 1458/1458/1458 1459/1459/1459 
f 1459/1459/1459 1458/1458/1458 1460/1460/1460 
f 1461/1461/1461 1462/1462/1462 1463/1463/1463 
f 1463/1463/1463 1462/1462/1462 1464/1464/1464 

g Graypart10

v -44.775 141.48 -184.275 
v -44.775 141.48 -174.275 
v -44.775 140.48 -184.275 
v -44.775 140.48 -174.275 
v -107.775 141.48 -174.275 
v -44.775 141.48 -174.275 
v -107.775 141.48 -184.275 
v -44.775 141.48 -184.275 
v -44.775 141.48 -174.275 
v -107.775 141.48 -174.275 
v -44.775 140.48 -174.275 
v -107.775 140.48 -174.275 
v -107.775 141.48 -174.275 
v -107.775 141.48 -184.275 
v -107.775 140.48 -174.275 
v -107.775 140.48 -184.275 
v -107.775 140.48 -184.275 
v -44.775 140.48 -184.275 
v -107.775 140.48 -174.275 
v -44.775 140.48 -174.275 
v -107.775 141.48 -184.275 
v -44.775 141.48 -184.275 
v -107.775 140.48 -184.275 
v -44.775 140.48 -184.275 

vn 1 0 0 
vn 1 0 0 
vn 1 0 0 
vn 1 0 0 
vn 0 1 0 
vn 0 1 0 
vn 0 1 0 
vn 0 1 0 
vn 0 0 1 
vn 0 0 1 
vn 0 0 1 
vn 0 0 1 
vn -1 0 0 
vn -1 0 0 
vn -1 0 0 
vn -1 0 0 
vn 0 -1 0 
vn 0 -1 0 
vn 0 -1 0 
vn 0 -1 0 
vn 0 0 -1 
vn 0 0 -1 
vn 0 0 -1 
vn 0 0 -1 

vt 2.62779 3.53981 
vt 1.37779 3.53981 
vt 2.62779 3.41481 
vt 1.37779 3.41481 
vt 9.25279 3.53981 
vt 1.37779 3.53981 
vt 9.25279 2.28981 
vt 1.37779 2.28981 
vt 9.25279 3.53981 
vt 1.37779 3.53981 
vt 9.25279 3.41481 
vt 1.37779 3.41481 
vt 2.62779 3.53981 
vt 1.37779 3.53981 
vt 2.62779 3.41481 
vt 1.37779 3.41481 
vt 9.25279 3.53981 
vt 1.37779 3.53981 
vt 9.25279 2.28981 
vt 1.37779 2.28981 
vt 9.25279 3.53981 
vt 1.37779 3.53981 
vt 9.25279 3.41481 
vt 1.37779 3.41481 

usemtl Graypart2Mtl

f 1465/1465/1465 1466/1466/1466 1467/1467/1467 
f 1467/1467/1467 1466/1466/1466 1468/1468/1468 
f 1469/1469/1469 1470/1470/1470 1471/1471/1471 
f 1471/1471/1471 1470/1470/1470 1472/1472/1472 
f 1473/1473/1473 1474/1474/1474 1475/1475/1475 
f 1475/1475/1475 1474/1474/1474 1476/1476/1476 
f 1477/1477/1477 1478/1478/1478 1479/1479/1479 
f 1479/1479/1479 1478/1478/1478 1480/1480/1480 
f 1481/1481/1481 1482/1482/1482 1483/1483/1483 
f 1483/1483/1483 1482/1482/1482 1484/1484/1484 
f 1485/1485/1485 1486/1486/1486 1487/1487/1487 
f 1487/1487/1487 1486/1486/1486 1488/1488/1488 

g Blackpart7

v -44.775 140.48 -175.275 
v -44.775 140.48 -163.275 
v -44.775 139.48 -175.275 
v -44.775 139.48 -163.275 
v -107.775 140.48 -163.275 
v -44.775 140.48 -163.275 
v -107.775 140.48 -175.275 
v -44.775 140.48 -175.275 
v -44.775 140.48 -163.275 
v -107.775 140.48 -163.275 
v -44.775 139.48 -163.275 
v -107.775 139.48 -163.275 
v -107.775 140.48 -163.275 
v -107.775 140.48 -175.275 
v -107.775 139.48 -163.275 
v -107.775 139.48 -175.275 
v -107.775 139.48 -175.275 
v -44.775 139.48 -175.275 
v -107.775 139.48 -163.275 
v -44.775 139.48 -163.275 
v -107.775 140.48 -175.275 
v -44.775 140.48 -175.275 
v -107.775 139.48 -175.275 
v -44.775 139.48 -175.275 

vn 1 0 0 
vn 1 0 0 
vn 1 0 0 
vn 1 0 0 
vn 0 1 0 
vn 0 1 0 
vn 0 1 0 
vn 0 1 0 
vn 0 0 1 
vn 0 0 1 
vn 0 0 1 
vn 0 0 1 
vn -1 0 0 
vn -1 0 0 
vn -1 0 0 
vn -1 0 0 
vn 0 -1 0 
vn 0 -1 0 
vn 0 -1 0 
vn 0 -1 0 
vn 0 0 -1 
vn 0 0 -1 
vn 0 0 -1 
vn 0 0 -1 

vt -0.168266 -0.712556 
vt -1.66827 -0.712556 
vt -0.168266 -0.837556 
vt -1.66827 -0.837556 
vt 6.20673 -0.712556 
vt -1.66827 -0.712556 
vt 6.20673 -2.21256 
vt -1.66827 -2.21256 
vt 6.20673 -0.712556 
vt -1.66827 -0.712556 
vt 6.20673 -0.837556 
vt -1.66827 -0.837556 
vt -0.168266 -0.712556 
vt -1.66827 -0.712556 
vt -0.168266 -0.837556 
vt -1.66827 -0.837556 
vt 6.20673 -0.712556 
vt -1.66827 -0.712556 
vt 6.20673 -2.21256 
vt -1.66827 -2.21256 
vt 6.20673 -0.712556 
vt -1.66827 -0.712556 
vt 6.20673 -0.837556 
vt -1.66827 -0.837556 

usemtl Blackpart1Mtl

f 1489/1489/1489 1490/1490/1490 1491/1491/1491 
f 1491/1491/1491 1490/1490/1490 1492/1492/1492 
f 1493/1493/1493 1494/1494/1494 1495/1495/1495 
f 1495/1495/1495 1494/1494/1494 1496/1496/1496 
f 1497/1497/1497 1498/1498/1498 1499/1499/1499 
f 1499/1499/1499 1498/1498/1498 1500/1500/1500 
f 1501/1501/1501 1502/1502/1502 1503/1503/1503 
f 1503/1503/1503 1502/1502/1502 1504/1504/1504 
f 1505/1505/1505 1506/1506/1506 1507/1507/1507 
f 1507/1507/1507 1506/1506/1506 1508/1508/1508 
f 1509/1509/1509 1510/1510/1510 1511/1511/1511 
f 1511/1511/1511 1510/1510/1510 1512/1512/1512 

g Graypart11

v -44.775 141.48 -164.275 
v -44.775 141.48 -154.275 
v -44.775 140.48 -164.275 
v -44.775 140.48 -154.275 
v -107.775 141.48 -154.275 
v -44.775 141.48 -154.275 
v -107.775 141.48 -164.275 
v -44.775 141.48 -164.275 
v -44.775 141.48 -154.275 
v -107.775 141.48 -154.275 
v -44.775 140.48 -154.275 
v -107.775 140.48 -154.275 
v -107.775 141.48 -154.275 
v -107.775 141.48 -164.275 
v -107.775 140.48 -154.275 
v -107.775 140.48 -164.275 
v -107.775 140.48 -164.275 
v -44.775 140.48 -164.275 
v -107.775 140.48 -154.275 
v -44.775 140.48 -154.275 
v -107.775 141.48 -164.275 
v -44.775 141.48 -164.275 
v -107.775 140.48 -164.275 
v -44.775 140.48 -164.275 

vn 1 0 0 
vn 1 0 0 
vn 1 0 0 
vn 1 0 0 
vn 0 1 0 
vn 0 1 0 
vn 0 1 0 
vn 0 1 0 
vn 0 0 1 
vn 0 0 1 
vn 0 0 1 
vn 0 0 1 
vn -1 0 0 
vn -1 0 0 
vn -1 0 0 
vn -1 0 0 
vn 0 -1 0 
vn 0 -1 0 
vn 0 -1 0 
vn 0 -1 0 
vn 0 0 -1 
vn 0 0 -1 
vn 0 0 -1 
vn 0 0 -1 

vt 0.546334 -1.16979 
vt -0.703666 -1.16979 
vt 0.546334 -1.29479 
vt -0.703666 -1.29479 
vt 7.17133 -1.16979 
vt -0.703666 -1.16979 
vt 7.17133 -2.41979 
vt -0.703666 -2.41979 
vt 7.17133 -1.16979 
vt -0.703666 -1.16979 
vt 7.17133 -1.29479 
vt -0.703666 -1.29479 
vt 0.546334 -1.16979 
vt -0.703666 -1.16979 
vt 0.546334 -1.29479 
vt -0.703666 -1.29479 
vt 7.17133 -1.16979 
vt -0.703666 -1.16979 
vt 7.17133 -2.41979 
vt -0.703666 -2.41979 
vt 7.17133 -1.16979 
vt -0.703666 -1.16979 
vt 7.17133 -1.29479 
vt -0.703666 -1.29479 

usemtl Graypart1Mtl

f 1513/1513/1513 1514/1514/1514 1515/1515/1515 
f 1515/1515/1515 1514/1514/1514 1516/1516/1516 
f 1517/1517/1517 1518/1518/1518 1519/1519/1519 
f 1519/1519/1519 1518/1518/1518 1520/1520/1520 
f 1521/1521/1521 1522/1522/1522 1523/1523/1523 
f 1523/1523/1523 1522/1522/1522 1524/1524/1524 
f 1525/1525/1525 1526/1526/1526 1527/1527/1527 
f 1527/1527/1527 1526/1526/1526 1528/1528/1528 
f 1529/1529/1529 1530/1530/1530 1531/1531/1531 
f 1531/1531/1531 1530/1530/1530 1532/1532/1532 
f 1533/1533/1533 1534/1534/1534 1535/1535/1535 
f 1535/1535/1535 1534/1534/1534 1536/1536/1536 

g Whitepart12

v -44.775 140.83 -170.275 
v -44.775 140.83 -168.275 
v -44.775 140.63 -170.275 
v -44.775 140.63 -168.275 
v -61.775 140.83 -168.275 
v -44.775 140.83 -168.275 
v -61.775 140.83 -170.275 
v -44.775 140.83 -170.275 
v -44.775 140.83 -168.275 
v -61.775 140.83 -168.275 
v -44.775 140.63 -168.275 
v -61.775 140.63 -168.275 
v -61.775 140.83 -168.275 
v -61.775 140.83 -170.275 
v -61.775 140.63 -168.275 
v -61.775 140.63 -170.275 
v -61.775 140.63 -170.275 
v -44.775 140.63 -170.275 
v -61.775 140.63 -168.275 
v -44.775 140.63 -168.275 
v -61.775 140.83 -170.275 
v -44.775 140.83 -170.275 
v -61.775 140.63 -170.275 
v -44.775 140.63 -170.275 

vn 1 0 0 
vn 1 0 0 
vn 1 0 0 
vn 1 0 0 
vn 0 1 0 
vn 0 1 0 
vn 0 1 0 
vn 0 1 0 
vn 0 0 1 
vn 0 0 1 
vn 0 0 1 
vn 0 0 1 
vn -1 0 0 
vn -1 0 0 
vn -1 0 0 
vn -1 0 0 
vn 0 -1 0 
vn 0 -1 0 
vn 0 -1 0 
vn 0 -1 0 
vn 0 0 -1 
vn 0 0 -1 
vn 0 0 -1 
vn 0 0 -1 

vt 1.3567 2.07231 
vt 1.1067 2.07231 
vt 1.3567 2.04731 
vt 1.1067 2.04731 
vt 3.2317 2.07231 
vt 1.1067 2.07231 
vt 3.2317 1.82231 
vt 1.1067 1.82231 
vt 3.2317 2.07231 
vt 1.1067 2.07231 
vt 3.2317 2.04731 
vt 1.1067 2.04731 
vt 1.3567 2.07231 
vt 1.1067 2.07231 
vt 1.3567 2.04731 
vt 1.1067 2.04731 
vt 3.2317 2.07231 
vt 1.1067 2.07231 
vt 3.2317 1.82231 
vt 1.1067 1.82231 
vt 3.2317 2.07231 
vt 1.1067 2.07231 
vt 3.2317 2.04731 
vt 1.1067 2.04731 

usemtl Whitepart1Mtl

f 1537/1537/1537 1538/1538/1538 1539/1539/1539 
f 1539/1539/1539 1538/1538/1538 1540/1540/1540 
f 1541/1541/1541 1542/1542/1542 1543/1543/1543 
f 1543/1543/1543 1542/1542/1542 1544/1544/1544 
f 1545/1545/1545 1546/1546/1546 1547/1547/1547 
f 1547/1547/1547 1546/1546/1546 1548/1548/1548 
f 1549/1549/1549 1550/1550/1550 1551/1551/1551 
f 1551/1551/1551 1550/1550/1550 1552/1552/1552 
f 1553/1553/1553 1554/1554/1554 1555/1555/1555 
f 1555/1555/1555 1554/1554/1554 1556/1556/1556 
f 1557/1557/1557 1558/1558/1558 1559/1559/1559 
f 1559/1559/1559 1558/1558/1558 1560/1560/1560 

g Whitepart13

v -18.775 141.83 -170.275 
v -18.775 141.83 -168.275 
v -18.775 141.63 -170.275 
v -18.775 141.63 -168.275 
v -35.775 141.83 -168.275 
v -18.775 141.83 -168.275 
v -35.775 141.83 -170.275 
v -18.775 141.83 -170.275 
v -18.775 141.83 -168.275 
v -35.775 141.83 -168.275 
v -18.775 141.63 -168.275 
v -35.775 141.63 -168.275 
v -35.775 141.83 -168.275 
v -35.775 141.83 -170.275 
v -35.775 141.63 -168.275 
v -35.775 141.63 -170.275 
v -35.775 141.63 -170.275 
v -18.775 141.63 -170.275 
v -35.775 141.63 -168.275 
v -18.775 141.63 -168.275 
v -35.775 141.83 -170.275 
v -18.775 141.83 -170.275 
v -35.775 141.63 -170.275 
v -18.775 141.63 -170.275 

vn 1 0 0 
vn 1 0 0 
vn 1 0 0 
vn 1 0 0 
vn 0 1 0 
vn 0 1 0 
vn 0 1 0 
vn 0 1 0 
vn 0 0 1 
vn 0 0 1 
vn 0 0 1 
vn 0 0 1 
vn -1 0 0 
vn -1 0 0 
vn -1 0 0 
vn -1 0 0 
vn 0 -1 0 
vn 0 -1 0 
vn 0 -1 0 
vn 0 -1 0 
vn 0 0 -1 
vn 0 0 -1 
vn 0 0 -1 
vn 0 0 -1 

vt 0.55211 1.29717 
vt 0.30211 1.29717 
vt 0.55211 1.27217 
vt 0.30211 1.27217 
vt 2.42711 1.29717 
vt 0.30211 1.29717 
vt 2.42711 1.04717 
vt 0.30211 1.04717 
vt 2.42711 1.29717 
vt 0.30211 1.29717 
vt 2.42711 1.27217 
vt 0.30211 1.27217 
vt 0.55211 1.29717 
vt 0.30211 1.29717 
vt 0.55211 1.27217 
vt 0.30211 1.27217 
vt 2.42711 1.29717 
vt 0.30211 1.29717 
vt 2.42711 1.04717 
vt 0.30211 1.04717 
vt 2.42711 1.29717 
vt 0.30211 1.29717 
vt 2.42711 1.27217 
vt 0.30211 1.27217 

usemtl Whitepart1Mtl

f 1561/1561/1561 1562/1562/1562 1563/1563/1563 
f 1563/1563/1563 1562/1562/1562 1564/1564/1564 
f 1565/1565/1565 1566/1566/1566 1567/1567/1567 
f 1567/1567/1567 1566/1566/1566 1568/1568/1568 
f 1569/1569/1569 1570/1570/1570 1571/1571/1571 
f 1571/1571/1571 1570/1570/1570 1572/1572/1572 
f 1573/1573/1573 1574/1574/1574 1575/1575/1575 
f 1575/1575/1575 1574/1574/1574 1576/1576/1576 
f 1577/1577/1577 1578/1578/1578 1579/1579/1579 
f 1579/1579/1579 1578/1578/1578 1580/1580/1580 
f 1581/1581/1581 1582/1582/1582 1583/1583/1583 
f 1583/1583/1583 1582/1582/1582 1584/1584/1584 

g Graypart12

v 18.225 142.48 -184.275 
v 18.225 142.48 -174.275 
v 18.225 141.48 -184.275 
v 18.225 141.48 -174.275 
v -44.775 142.48 -174.275 
v 18.225 142.48 -174.275 
v -44.775 142.48 -184.275 
v 18.225 142.48 -184.275 
v 18.225 142.48 -174.275 
v -44.775 142.48 -174.275 
v 18.225 141.48 -174.275 
v -44.775 141.48 -174.275 
v -44.775 142.48 -174.275 
v -44.775 142.48 -184.275 
v -44.775 141.48 -174.275 
v -44.775 141.48 -184.275 
v -44.775 141.48 -184.275 
v 18.225 141.48 -184.275 
v -44.775 141.48 -174.275 
v 18.225 141.48 -174.275 
v -44.775 142.48 -184.275 
v 18.225 142.48 -184.275 
v -44.775 141.48 -184.275 
v 18.225 141.48 -184.275 

vn 1 0 0 
vn 1 0 0 
vn 1 0 0 
vn 1 0 0 
vn 0 1 0 
vn 0 1 0 
vn 0 1 0 
vn 0 1 0 
vn 0 0 1 
vn 0 0 1 
vn 0 0 1 
vn 0 0 1 
vn -1 0 0 
vn -1 0 0 
vn -1 0 0 
vn -1 0 0 
vn 0 -1 0 
vn 0 -1 0 
vn 0 -1 0 
vn 0 -1 0 
vn 0 0 -1 
vn 0 0 -1 
vn 0 0 -1 
vn 0 0 -1 

vt -0.374365 2.00124 
vt -1.62436 2.00124 
vt -0.374365 1.87624 
vt -1.62436 1.87624 
vt 6.25064 2.00124 
vt -1.62436 2.00124 
vt 6.25064 0.751239 
vt -1.62436 0.751239 
vt 6.25064 2.00124 
vt -1.62436 2.00124 
vt 6.25064 1.87624 
vt -1.62436 1.87624 
vt -0.374365 2.00124 
vt -1.62436 2.00124 
vt -0.374365 1.87624 
vt -1.62436 1.87624 
vt 6.25064 2.00124 
vt -1.62436 2.00124 
vt 6.25064 0.751239 
vt -1.62436 0.751239 
vt 6.25064 2.00124 
vt -1.62436 2.00124 
vt 6.25064 1.87624 
vt -1.62436 1.87624 

usemtl Graypart2Mtl

f 1585/1585/1585 1586/1586/1586 1587/1587/1587 
f 1587/1587/1587 1586/1586/1586 1588/1588/1588 
f 1589/1589/1589 1590/1590/1590 1591/1591/1591 
f 1591/1591/1591 1590/1590/1590 1592/1592/1592 
f 1593/1593/1593 1594/1594/1594 1595/1595/1595 
f 1595/1595/1595 1594/1594/1594 1596/1596/1596 
f 1597/1597/1597 1598/1598/1598 1599/1599/1599 
f 1599/1599/1599 1598/1598/1598 1600/1600/1600 
f 1601/1601/1601 1602/1602/1602 1603/1603/1603 
f 1603/1603/1603 1602/1602/1602 1604/1604/1604 
f 1605/1605/1605 1606/1606/1606 1607/1607/1607 
f 1607/1607/1607 1606/1606/1606 1608/1608/1608 

g Grass11

v 18.225 146.48 -188.275 
v 18.225 146.48 -184.275 
v 18.225 142.48 -188.275 
v 18.225 142.48 -184.275 
v -44.775 146.48 -184.275 
v 18.225 146.48 -184.275 
v -44.775 146.48 -188.275 
v 18.225 146.48 -188.275 
v 18.225 146.48 -184.275 
v -44.775 146.48 -184.275 
v 18.225 142.48 -184.275 
v -44.775 142.48 -184.275 
v -44.775 146.48 -184.275 
v -44.775 146.48 -188.275 
v -44.775 142.48 -184.275 
v -44.775 142.48 -188.275 
v -44.775 142.48 -188.275 
v 18.225 142.48 -188.275 
v -44.775 142.48 -184.275 
v 18.225 142.48 -184.275 
v -44.775 146.48 -188.275 
v 18.225 146.48 -188.275 
v -44.775 142.48 -188.275 
v 18.225 142.48 -188.275 

vn 1 0 0 
vn 1 0 0 
vn 1 0 0 
vn 1 0 0 
vn 0 1 0 
vn 0 1 0 
vn 0 1 0 
vn 0 1 0 
vn 0 0 1 
vn 0 0 1 
vn 0 0 1 
vn 0 0 1 
vn -1 0 0 
vn -1 0 0 
vn -1 0 0 
vn -1 0 0 
vn 0 -1 0 
vn 0 -1 0 
vn 0 -1 0 
vn 0 -1 0 
vn 0 0 -1 
vn 0 0 -1 
vn 0 0 -1 
vn 0 0 -1 

vt 2.20566 0.670542 
vt 1.70566 0.670542 
vt 2.20566 0.170542 
vt 1.70566 0.170542 
vt 9.58066 0.670542 
vt 1.70566 0.670542 
vt 9.58066 0.170542 
vt 1.70566 0.170542 
vt 9.58066 0.670542 
vt 1.70566 0.670542 
vt 9.58066 0.170542 
vt 1.70566 0.170542 
vt 2.20566 0.670542 
vt 1.70566 0.670542 
vt 2.20566 0.170542 
vt 1.70566 0.170542 
vt 9.58066 0.670542 
vt 1.70566 0.670542 
vt 9.58066 0.170542 
vt 1.70566 0.170542 
vt 9.58066 0.670542 
vt 1.70566 0.670542 
vt 9.58066 0.170542 
vt 1.70566 0.170542 

usemtl Grass1Mtl

f 1609/1609/1609 1610/1610/1610 1611/1611/1611 
f 1611/1611/1611 1610/1610/1610 1612/1612/1612 
f 1613/1613/1613 1614/1614/1614 1615/1615/1615 
f 1615/1615/1615 1614/1614/1614 1616/1616/1616 
f 1617/1617/1617 1618/1618/1618 1619/1619/1619 
f 1619/1619/1619 1618/1618/1618 1620/1620/1620 
f 1621/1621/1621 1622/1622/1622 1623/1623/1623 
f 1623/1623/1623 1622/1622/1622 1624/1624/1624 
f 1625/1625/1625 1626/1626/1626 1627/1627/1627 
f 1627/1627/1627 1626/1626/1626 1628/1628/1628 
f 1629/1629/1629 1630/1630/1630 1631/1631/1631 
f 1631/1631/1631 1630/1630/1630 1632/1632/1632 

g Part21

v -40.775 150.48 -154.275 
v -40.775 150.48 -150.275 
v -40.775 146.48 -154.275 
v -40.775 146.48 -150.275 
v -44.775 150.48 -150.275 
v -40.775 150.48 -150.275 
v -44.775 150.48 -154.275 
v -40.775 150.48 -154.275 
v -40.775 150.48 -150.275 
v -44.775 150.48 -150.275 
v -40.775 146.48 -150.275 
v -44.775 146.48 -150.275 
v -44.775 150.48 -150.275 
v -44.775 150.48 -154.275 
v -44.775 146.48 -150.275 
v -44.775 146.48 -154.275 
v -44.775 146.48 -154.275 
v -40.775 146.48 -154.275 
v -44.775 146.48 -150.275 
v -40.775 146.48 -150.275 
v -44.775 150.48 -154.275 
v -40.775 150.48 -154.275 
v -44.775 146.48 -154.275 
v -40.775 146.48 -154.275 

vn 1 0 0 
vn 1 0 0 
vn 1 0 0 
vn 1 0 0 
vn 0 1 0 
vn 0 1 0 
vn 0 1 0 
vn 0 1 0 
vn 0 0 1 
vn 0 0 1 
vn 0 0 1 
vn 0 0 1 
vn -1 0 0 
vn -1 0 0 
vn -1 0 0 
vn -1 0 0 
vn 0 -1 0 
vn 0 -1 0 
vn 0 -1 0 
vn 0 -1 0 
vn 0 0 -1 
vn 0 0 -1 
vn 0 0 -1 
vn 0 0 -1 

vt 1.03237 1.33648 
vt 0.532374 1.33648 
vt 1.03237 0.836483 
vt 0.532374 0.836483 
vt 1.03237 1.33648 
vt 0.532374 1.33648 
vt 1.03237 0.836483 
vt 0.532374 0.836483 
vt 1.03237 1.33648 
vt 0.532374 1.33648 
vt 1.03237 0.836483 
vt 0.532374 0.836483 
vt 1.03237 1.33648 
vt 0.532374 1.33648 
vt 1.03237 0.836483 
vt 0.532374 0.836483 
vt 1.03237 1.33648 
vt 0.532374 1.33648 
vt 1.03237 0.836483 
vt 0.532374 0.836483 
vt 1.03237 1.33648 
vt 0.532374 1.33648 
vt 1.03237 0.836483 
vt 0.532374 0.836483 

usemtl Grass1Mtl

f 1633/1633/1633 1634/1634/1634 1635/1635/1635 
f 1635/1635/1635 1634/1634/1634 1636/1636/1636 
f 1637/1637/1637 1638/1638/1638 1639/1639/1639 
f 1639/1639/1639 1638/1638/1638 1640/1640/1640 
f 1641/1641/1641 1642/1642/1642 1643/1643/1643 
f 1643/1643/1643 1642/1642/1642 1644/1644/1644 
f 1645/1645/1645 1646/1646/1646 1647/1647/1647 
f 1647/1647/1647 1646/1646/1646 1648/1648/1648 
f 1649/1649/1649 1650/1650/1650 1651/1651/1651 
f 1651/1651/1651 1650/1650/1650 1652/1652/1652 
f 1653/1653/1653 1654/1654/1654 1655/1655/1655 
f 1655/1655/1655 1654/1654/1654 1656/1656/1656 

g Part22

v -44.775 158.48 -179.275 
v -44.775 158.48 -183.275 
v -44.775 154.48 -179.275 
v -44.775 154.48 -183.275 
v -40.775 158.48 -183.275 
v -44.775 158.48 -183.275 
v -40.775 158.48 -179.275 
v -44.775 158.48 -179.275 
v -44.775 158.48 -183.275 
v -40.775 158.48 -183.275 
v -44.775 154.48 -183.275 
v -40.775 154.48 -183.275 
v -40.775 158.48 -183.275 
v -40.775 158.48 -179.275 
v -40.775 154.48 -183.275 
v -40.775 154.48 -179.275 
v -40.775 154.48 -179.275 
v -44.775 154.48 -179.275 
v -40.775 154.48 -183.275 
v -44.775 154.48 -183.275 
v -40.775 158.48 -179.275 
v -44.775 158.48 -179.275 
v -40.775 154.48 -179.275 
v -44.775 154.48 -179.275 

vn -1 0 0 
vn -1 0 0 
vn -1 0 0 
vn -1 0 0 
vn 0 1 0 
vn 0 1 0 
vn 0 1 0 
vn 0 1 0 
vn 0 0 -1 
vn 0 0 -1 
vn 0 0 -1 
vn 0 0 -1 
vn 1 0 0 
vn 1 0 0 
vn 1 0 0 
vn 1 0 0 
vn 0 -1 0 
vn 0 -1 0 
vn 0 -1 0 
vn 0 -1 0 
vn 0 0 1 
vn 0 0 1 
vn 0 0 1 
vn 0 0 1 

vt 0.297848 0.557536 
vt -0.202152 0.557536 
vt 0.297848 0.057536 
vt -0.202152 0.057536 
vt 0.297848 0.557536 
vt -0.202152 0.557536 
vt 0.297848 0.057536 
vt -0.202152 0.057536 
vt 0.297848 0.557536 
vt -0.202152 0.557536 
vt 0.297848 0.057536 
vt -0.202152 0.057536 
vt 0.297848 0.557536 
vt -0.202152 0.557536 
vt 0.297848 0.057536 
vt -0.202152 0.057536 
vt 0.297848 0.557536 
vt -0.202152 0.557536 
vt 0.297848 0.057536 
vt -0.202152 0.057536 
vt 0.297848 0.557536 
vt -0.202152 0.557536 
vt 0.297848 0.057536 
vt -0.202152 0.057536 

usemtl Grass1Mtl

f 1657/1657/1657 1658/1658/1658 1659/1659/1659 
f 1659/1659/1659 1658/1658/1658 1660/1660/1660 
f 1661/1661/1661 1662/1662/1662 1663/1663/1663 
f 1663/1663/1663 1662/1662/1662 1664/1664/1664 
f 1665/1665/1665 1666/1666/1666 1667/1667/1667 
f 1667/1667/1667 1666/1666/1666 1668/1668/1668 
f 1669/1669/1669 1670/1670/1670 1671/1671/1671 
f 1671/1671/1671 1670/1670/1670 1672/1672/1672 
f 1673/1673/1673 1674/1674/1674 1675/1675/1675 
f 1675/1675/1675 1674/1674/1674 1676/1676/1676 
f 1677/1677/1677 1678/1678/1678 1679/1679/1679 
f 1679/1679/1679 1678/1678/1678 1680/1680/1680 

g Part23

v -44.775 162.48 -175.275 
v -44.775 162.48 -179.275 
v -44.775 158.48 -175.275 
v -44.775 158.48 -179.275 
v -40.775 162.48 -179.275 
v -44.775 162.48 -179.275 
v -40.775 162.48 -175.275 
v -44.775 162.48 -175.275 
v -44.775 162.48 -179.275 
v -40.775 162.48 -179.275 
v -44.775 158.48 -179.275 
v -40.775 158.48 -179.275 
v -40.775 162.48 -179.275 
v -40.775 162.48 -175.275 
v -40.775 158.48 -179.275 
v -40.775 158.48 -175.275 
v -40.775 158.48 -175.275 
v -44.775 158.48 -175.275 
v -40.775 158.48 -179.275 
v -44.775 158.48 -179.275 
v -40.775 162.48 -175.275 
v -44.775 162.48 -175.275 
v -40.775 158.48 -175.275 
v -44.775 158.48 -175.275 

vn -1 0 0 
vn -1 0 0 
vn -1 0 0 
vn -1 0 0 
vn 0 1 0 
vn 0 1 0 
vn 0 1 0 
vn 0 1 0 
vn 0 0 -1 
vn 0 0 -1 
vn 0 0 -1 
vn 0 0 -1 
vn 1 0 0 
vn 1 0 0 
vn 1 0 0 
vn 1 0 0 
vn 0 -1 0 
vn 0 -1 0 
vn 0 -1 0 
vn 0 -1 0 
vn 0 0 1 
vn 0 0 1 
vn 0 0 1 
vn 0 0 1 

vt 0.938741 1.26341 
vt 0.438741 1.26341 
vt 0.938741 0.763411 
vt 0.438741 0.763411 
vt 0.938741 1.26341 
vt 0.438741 1.26341 
vt 0.938741 0.763411 
vt 0.438741 0.763411 
vt 0.938741 1.26341 
vt 0.438741 1.26341 
vt 0.938741 0.763411 
vt 0.438741 0.763411 
vt 0.938741 1.26341 
vt 0.438741 1.26341 
vt 0.938741 0.763411 
vt 0.438741 0.763411 
vt 0.938741 1.26341 
vt 0.438741 1.26341 
vt 0.938741 0.763411 
vt 0.438741 0.763411 
vt 0.938741 1.26341 
vt 0.438741 1.26341 
vt 0.938741 0.763411 
vt 0.438741 0.763411 

usemtl Grass1Mtl

f 1681/1681/1681 1682/1682/1682 1683/1683/1683 
f 1683/1683/1683 1682/1682/1682 1684/1684/1684 
f 1685/1685/1685 1686/1686/1686 1687/1687/1687 
f 1687/1687/1687 1686/1686/1686 1688/1688/1688 
f 1689/1689/1689 1690/1690/1690 1691/1691/1691 
f 1691/1691/1691 1690/1690/1690 1692/1692/1692 
f 1693/1693/1693 1694/1694/1694 1695/1695/1695 
f 1695/1695/1695 1694/1694/1694 1696/1696/1696 
f 1697/1697/1697 1698/1698/1698 1699/1699/1699 
f 1699/1699/1699 1698/1698/1698 1700/1700/1700 
f 1701/1701/1701 1702/1702/1702 1703/1703/1703 
f 1703/1703/1703 1702/1702/1702 1704/1704/1704 

g Part24

v -44.775 154.48 -182.275 
v -44.775 154.48 -186.275 
v -44.775 150.48 -182.275 
v -44.775 150.48 -186.275 
v -40.775 154.48 -186.275 
v -44.775 154.48 -186.275 
v -40.775 154.48 -182.275 
v -44.775 154.48 -182.275 
v -44.775 154.48 -186.275 
v -40.775 154.48 -186.275 
v -44.775 150.48 -186.275 
v -40.775 150.48 -186.275 
v -40.775 154.48 -186.275 
v -40.775 154.48 -182.275 
v -40.775 150.48 -186.275 
v -40.775 150.48 -182.275 
v -40.775 150.48 -182.275 
v -44.775 150.48 -182.275 
v -40.775 150.48 -186.275 
v -44.775 150.48 -186.275 
v -40.775 154.48 -182.275 
v -44.775 154.48 -182.275 
v -40.775 150.48 -182.275 
v -44.775 150.48 -182.275 

vn -1 0 0 
vn -1 0 0 
vn -1 0 0 
vn -1 0 0 
vn 0 1 0 
vn 0 1 0 
vn 0 1 0 
vn 0 1 0 
vn 0 0 -1 
vn 0 0 -1 
vn 0 0 -1 
vn 0 0 -1 
vn 1 0 0 
vn 1 0 0 
vn 1 0 0 
vn 1 0 0 
vn 0 -1 0 
vn 0 -1 0 
vn 0 -1 0 
vn 0 -1 0 
vn 0 0 1 
vn 0 0 1 
vn 0 0 1 
vn 0 0 1 

vt 1.2232 0.691269 
vt 0.723197 0.691269 
vt 1.2232 0.191269 
vt 0.723197 0.191269 
vt 1.2232 0.691269 
vt 0.723197 0.691269 
vt 1.2232 0.191269 
vt 0.723197 0.191269 
vt 1.2232 0.691269 
vt 0.723197 0.691269 
vt 1.2232 0.191269 
vt 0.723197 0.191269 
vt 1.2232 0.691269 
vt 0.723197 0.691269 
vt 1.2232 0.191269 
vt 0.723197 0.191269 
vt 1.2232 0.691269 
vt 0.723197 0.691269 
vt 1.2232 0.191269 
vt 0.723197 0.191269 
vt 1.2232 0.691269 
vt 0.723197 0.691269 
vt 1.2232 0.191269 
vt 0.723197 0.191269 

usemtl Grass1Mtl

f 1705/1705/1705 1706/1706/1706 1707/1707/1707 
f 1707/1707/1707 1706/1706/1706 1708/1708/1708 
f 1709/1709/1709 1710/1710/1710 1711/1711/1711 
f 1711/1711/1711 1710/1710/1710 1712/1712/1712 
f 1713/1713/1713 1714/1714/1714 1715/1715/1715 
f 1715/1715/1715 1714/1714/1714 1716/1716/1716 
f 1717/1717/1717 1718/1718/1718 1719/1719/1719 
f 1719/1719/1719 1718/1718/1718 1720/1720/1720 
f 1721/1721/1721 1722/1722/1722 1723/1723/1723 
f 1723/1723/1723 1722/1722/1722 1724/1724/1724 
f 1725/1725/1725 1726/1726/1726 1727/1727/1727 
f 1727/1727/1727 1726/1726/1726 1728/1728/1728 

g Part25

v -40.775 150.48 -188.275 
v -40.775 150.48 -184.275 
v -40.775 146.48 -188.275 
v -40.775 146.48 -184.275 
v -44.775 150.48 -184.275 
v -40.775 150.48 -184.275 
v -44.775 150.48 -188.275 
v -40.775 150.48 -188.275 
v -40.775 150.48 -184.275 
v -44.775 150.48 -184.275 
v -40.775 146.48 -184.275 
v -44.775 146.48 -184.275 
v -44.775 150.48 -184.275 
v -44.775 150.48 -188.275 
v -44.775 146.48 -184.275 
v -44.775 146.48 -188.275 
v -44.775 146.48 -188.275 
v -40.775 146.48 -188.275 
v -44.775 146.48 -184.275 
v -40.775 146.48 -184.275 
v -44.775 150.48 -188.275 
v -40.775 150.48 -188.275 
v -44.775 146.48 -188.275 
v -40.775 146.48 -188.275 

vn 1 0 0 
vn 1 0 0 
vn 1 0 0 
vn 1 0 0 
vn 0 1 0 
vn 0 1 0 
vn 0 1 0 
vn 0 1 0 
vn 0 0 1 
vn 0 0 1 
vn 0 0 1 
vn 0 0 1 
vn -1 0 0 
vn -1 0 0 
vn -1 0 0 
vn -1 0 0 
vn 0 -1 0 
vn 0 -1 0 
vn 0 -1 0 
vn 0 -1 0 
vn 0 0 -1 
vn 0 0 -1 
vn 0 0 -1 
vn 0 0 -1 

vt 0.43245 0.276803 
vt -0.0675495 0.276803 
vt 0.43245 -0.223197 
vt -0.0675495 -0.223197 
vt 0.43245 0.276803 
vt -0.0675495 0.276803 
vt 0.43245 -0.223197 
vt -0.0675495 -0.223197 
vt 0.43245 0.276803 
vt -0.0675495 0.276803 
vt 0.43245 -0.223197 
vt -0.0675495 -0.223197 
vt 0.43245 0.276803 
vt -0.0675495 0.276803 
vt 0.43245 -0.223197 
vt -0.0675495 -0.223197 
vt 0.43245 0.276803 
vt -0.0675495 0.276803 
vt 0.43245 -0.223197 
vt -0.0675495 -0.223197 
vt 0.43245 0.276803 
vt -0.0675495 0.276803 
vt 0.43245 -0.223197 
vt -0.0675495 -0.223197 

usemtl Grass1Mtl

f 1729/1729/1729 1730/1730/1730 1731/1731/1731 
f 1731/1731/1731 1730/1730/1730 1732/1732/1732 
f 1733/1733/1733 1734/1734/1734 1735/1735/1735 
f 1735/1735/1735 1734/1734/1734 1736/1736/1736 
f 1737/1737/1737 1738/1738/1738 1739/1739/1739 
f 1739/1739/1739 1738/1738/1738 1740/1740/1740 
f 1741/1741/1741 1742/1742/1742 1743/1743/1743 
f 1743/1743/1743 1742/1742/1742 1744/1744/1744 
f 1745/1745/1745 1746/1746/1746 1747/1747/1747 
f 1747/1747/1747 1746/1746/1746 1748/1748/1748 
f 1749/1749/1749 1750/1750/1750 1751/1751/1751 
f 1751/1751/1751 1750/1750/1750 1752/1752/1752 

g Part26

v -40.775 166.48 -175.275 
v -40.775 166.48 -163.275 
v -40.775 162.48 -175.275 
v -40.775 162.48 -163.275 
v -44.775 166.48 -163.275 
v -40.775 166.48 -163.275 
v -44.775 166.48 -175.275 
v -40.775 166.48 -175.275 
v -40.775 166.48 -163.275 
v -44.775 166.48 -163.275 
v -40.775 162.48 -163.275 
v -44.775 162.48 -163.275 
v -44.775 166.48 -163.275 
v -44.775 166.48 -175.275 
v -44.775 162.48 -163.275 
v -44.775 162.48 -175.275 
v -44.775 162.48 -175.275 
v -40.775 162.48 -175.275 
v -44.775 162.48 -163.275 
v -40.775 162.48 -163.275 
v -44.775 166.48 -175.275 
v -40.775 166.48 -175.275 
v -44.775 162.48 -175.275 
v -40.775 162.48 -175.275 

vn 1 0 0 
vn 1 0 0 
vn 1 0 0 
vn 1 0 0 
vn 0 1 0 
vn 0 1 0 
vn 0 1 0 
vn 0 1 0 
vn 0 0 1 
vn 0 0 1 
vn 0 0 1 
vn 0 0 1 
vn -1 0 0 
vn -1 0 0 
vn -1 0 0 
vn -1 0 0 
vn 0 -1 0 
vn 0 -1 0 
vn 0 -1 0 
vn 0 -1 0 
vn 0 0 -1 
vn 0 0 -1 
vn 0 0 -1 
vn 0 0 -1 

vt 1.09843 0.685302 
vt -0.401575 0.685302 
vt 1.09843 0.185302 
vt -0.401575 0.185302 
vt 0.098425 0.685302 
vt -0.401575 0.685302 
vt 0.098425 -0.814698 
vt -0.401575 -0.814698 
vt 0.098425 0.685302 
vt -0.401575 0.685302 
vt 0.098425 0.185302 
vt -0.401575 0.185302 
vt 1.09843 0.685302 
vt -0.401575 0.685302 
vt 1.09843 0.185302 
vt -0.401575 0.185302 
vt 0.098425 0.685302 
vt -0.401575 0.685302 
vt 0.098425 -0.814698 
vt -0.401575 -0.814698 
vt 0.098425 0.685302 
vt -0.401575 0.685302 
vt 0.098425 0.185302 
vt -0.401575 0.185302 

usemtl Grass1Mtl

f 1753/1753/1753 1754/1754/1754 1755/1755/1755 
f 1755/1755/1755 1754/1754/1754 1756/1756/1756 
f 1757/1757/1757 1758/1758/1758 1759/1759/1759 
f 1759/1759/1759 1758/1758/1758 1760/1760/1760 
f 1761/1761/1761 1762/1762/1762 1763/1763/1763 
f 1763/1763/1763 1762/1762/1762 1764/1764/1764 
f 1765/1765/1765 1766/1766/1766 1767/1767/1767 
f 1767/1767/1767 1766/1766/1766 1768/1768/1768 
f 1769/1769/1769 1770/1770/1770 1771/1771/1771 
f 1771/1771/1771 1770/1770/1770 1772/1772/1772 
f 1773/1773/1773 1774/1774/1774 1775/1775/1775 
f 1775/1775/1775 1774/1774/1774 1776/1776/1776 

g Part27

v -40.775 162.48 -163.275 
v -40.775 162.48 -159.275 
v -40.775 158.48 -163.275 
v -40.775 158.48 -159.275 
v -44.775 162.48 -159.275 
v -40.775 162.48 -159.275 
v -44.775 162.48 -163.275 
v -40.775 162.48 -163.275 
v -40.775 162.48 -159.275 
v -44.775 162.48 -159.275 
v -40.775 158.48 -159.275 
v -44.775 158.48 -159.275 
v -44.775 162.48 -159.275 
v -44.775 162.48 -163.275 
v -44.775 158.48 -159.275 
v -44.775 158.48 -163.275 
v -44.775 158.48 -163.275 
v -40.775 158.48 -163.275 
v -44.775 158.48 -159.275 
v -40.775 158.48 -159.275 
v -44.775 162.48 -163.275 
v -40.775 162.48 -163.275 
v -44.775 158.48 -163.275 
v -40.775 158.48 -163.275 

vn 1 0 0 
vn 1 0 0 
vn 1 0 0 
vn 1 0 0 
vn 0 1 0 
vn 0 1 0 
vn 0 1 0 
vn 0 1 0 
vn 0 0 1 
vn 0 0 1 
vn 0 0 1 
vn 0 0 1 
vn -1 0 0 
vn -1 0 0 
vn -1 0 0 
vn -1 0 0 
vn 0 -1 0 
vn 0 -1 0 
vn 0 -1 0 
vn 0 -1 0 
vn 0 0 -1 
vn 0 0 -1 
vn 0 0 -1 
vn 0 0 -1 

vt -0.087475 1.16236 
vt -0.587475 1.16236 
vt -0.087475 0.662363 
vt -0.587475 0.662363 
vt -0.087475 1.16236 
vt -0.587475 1.16236 
vt -0.087475 0.662363 
vt -0.587475 0.662363 
vt -0.087475 1.16236 
vt -0.587475 1.16236 
vt -0.087475 0.662363 
vt -0.587475 0.662363 
vt -0.087475 1.16236 
vt -0.587475 1.16236 
vt -0.087475 0.662363 
vt -0.587475 0.662363 
vt -0.087475 1.16236 
vt -0.587475 1.16236 
vt -0.087475 0.662363 
vt -0.587475 0.662363 
vt -0.087475 1.16236 
vt -0.587475 1.16236 
vt -0.087475 0.662363 
vt -0.587475 0.662363 

usemtl Grass1Mtl

f 1777/1777/1777 1778/1778/1778 1779/1779/1779 
f 1779/1779/1779 1778/1778/1778 1780/1780/1780 
f 1781/1781/1781 1782/1782/1782 1783/1783/1783 
f 1783/1783/1783 1782/1782/1782 1784/1784/1784 
f 1785/1785/1785 1786/1786/1786 1787/1787/1787 
f 1787/1787/1787 1786/1786/1786 1788/1788/1788 
f 1789/1789/1789 1790/1790/1790 1791/1791/1791 
f 1791/1791/1791 1790/1790/1790 1792/1792/1792 
f 1793/1793/1793 1794/1794/1794 1795/1795/1795 
f 1795/1795/1795 1794/1794/1794 1796/1796/1796 
f 1797/1797/1797 1798/1798/1798 1799/1799/1799 
f 1799/1799/1799 1798/1798/1798 1800/1800/1800 

g Part28

v -40.775 158.48 -159.275 
v -40.775 158.48 -155.275 
v -40.775 154.48 -159.275 
v -40.775 154.48 -155.275 
v -44.775 158.48 -155.275 
v -40.775 158.48 -155.275 
v -44.775 158.48 -159.275 
v -40.775 158.48 -159.275 
v -40.775 158.48 -155.275 
v -44.775 158.48 -155.275 
v -40.775 154.48 -155.275 
v -44.775 154.48 -155.275 
v -44.775 158.48 -155.275 
v -44.775 158.48 -159.275 
v -44.775 154.48 -155.275 
v -44.775 154.48 -159.275 
v -44.775 154.48 -159.275 
v -40.775 154.48 -159.275 
v -44.775 154.48 -155.275 
v -40.775 154.48 -155.275 
v -44.775 158.48 -159.275 
v -40.775 158.48 -159.275 
v -44.775 154.48 -159.275 
v -40.775 154.48 -159.275 

vn 1 0 0 
vn 1 0 0 
vn 1 0 0 
vn 1 0 0 
vn 0 1 0 
vn 0 1 0 
vn 0 1 0 
vn 0 1 0 
vn 0 0 1 
vn 0 0 1 
vn 0 0 1 
vn 0 0 1 
vn -1 0 0 
vn -1 0 0 
vn -1 0 0 
vn -1 0 0 
vn 0 -1 0 
vn 0 -1 0 
vn 0 -1 0 
vn 0 -1 0 
vn 0 0 -1 
vn 0 0 -1 
vn 0 0 -1 
vn 0 0 -1 

vt 0.539728 1.19305 
vt 0.0397275 1.19305 
vt 0.539728 0.693053 
vt 0.0397275 0.693053 
vt 0.539728 1.19305 
vt 0.0397275 1.19305 
vt 0.539728 0.693053 
vt 0.0397275 0.693053 
vt 0.539728 1.19305 
vt 0.0397275 1.19305 
vt 0.539728 0.693053 
vt 0.0397275 0.693053 
vt 0.539728 1.19305 
vt 0.0397275 1.19305 
vt 0.539728 0.693053 
vt 0.0397275 0.693053 
vt 0.539728 1.19305 
vt 0.0397275 1.19305 
vt 0.539728 0.693053 
vt 0.0397275 0.693053 
vt 0.539728 1.19305 
vt 0.0397275 1.19305 
vt 0.539728 0.693053 
vt 0.0397275 0.693053 

usemtl Grass1Mtl

f 1801/1801/1801 1802/1802/1802 1803/1803/1803 
f 1803/1803/1803 1802/1802/1802 1804/1804/1804 
f 1805/1805/1805 1806/1806/1806 1807/1807/1807 
f 1807/1807/1807 1806/1806/1806 1808/1808/1808 
f 1809/1809/1809 1810/1810/1810 1811/1811/1811 
f 1811/1811/1811 1810/1810/1810 1812/1812/1812 
f 1813/1813/1813 1814/1814/1814 1815/1815/1815 
f 1815/1815/1815 1814/1814/1814 1816/1816/1816 
f 1817/1817/1817 1818/1818/1818 1819/1819/1819 
f 1819/1819/1819 1818/1818/1818 1820/1820/1820 
f 1821/1821/1821 1822/1822/1822 1823/1823/1823 
f 1823/1823/1823 1822/1822/1822 1824/1824/1824 

g Part29

v -40.775 154.48 -156.275 
v -40.775 154.48 -152.275 
v -40.775 150.48 -156.275 
v -40.775 150.48 -152.275 
v -44.775 154.48 -152.275 
v -40.775 154.48 -152.275 
v -44.775 154.48 -156.275 
v -40.775 154.48 -156.275 
v -40.775 154.48 -152.275 
v -44.775 154.48 -152.275 
v -40.775 150.48 -152.275 
v -44.775 150.48 -152.275 
v -44.775 154.48 -152.275 
v -44.775 154.48 -156.275 
v -44.775 150.48 -152.275 
v -44.775 150.48 -156.275 
v -44.775 150.48 -156.275 
v -40.775 150.48 -156.275 
v -44.775 150.48 -152.275 
v -40.775 150.48 -152.275 
v -44.775 154.48 -156.275 
v -40.775 154.48 -156.275 
v -44.775 150.48 -156.275 
v -40.775 150.48 -156.275 

vn 1 0 0 
vn 1 0 0 
vn 1 0 0 
vn 1 0 0 
vn 0 1 0 
vn 0 1 0 
vn 0 1 0 
vn 0 1 0 
vn 0 0 1 
vn 0 0 1 
vn 0 0 1 
vn 0 0 1 
vn -1 0 0 
vn -1 0 0 
vn -1 0 0 
vn -1 0 0 
vn 0 -1 0 
vn 0 -1 0 
vn 0 -1 0 
vn 0 -1 0 
vn 0 0 -1 
vn 0 0 -1 
vn 0 0 -1 
vn 0 0 -1 

vt 0.78828 0.648142 
vt 0.288281 0.648142 
vt 0.78828 0.148142 
vt 0.288281 0.148142 
vt 0.78828 0.648142 
vt 0.288281 0.648142 
vt 0.78828 0.148142 
vt 0.288281 0.148142 
vt 0.78828 0.648142 
vt 0.288281 0.648142 
vt 0.78828 0.148142 
vt 0.288281 0.148142 
vt 0.78828 0.648142 
vt 0.288281 0.648142 
vt 0.78828 0.148142 
vt 0.288281 0.148142 
vt 0.78828 0.648142 
vt 0.288281 0.648142 
vt 0.78828 0.148142 
vt 0.288281 0.148142 
vt 0.78828 0.648142 
vt 0.288281 0.648142 
vt 0.78828 0.148142 
vt 0.288281 0.148142 

usemtl Grass1Mtl

f 1825/1825/1825 1826/1826/1826 1827/1827/1827 
f 1827/1827/1827 1826/1826/1826 1828/1828/1828 
f 1829/1829/1829 1830/1830/1830 1831/1831/1831 
f 1831/1831/1831 1830/1830/1830 1832/1832/1832 
f 1833/1833/1833 1834/1834/1834 1835/1835/1835 
f 1835/1835/1835 1834/1834/1834 1836/1836/1836 
f 1837/1837/1837 1838/1838/1838 1839/1839/1839 
f 1839/1839/1839 1838/1838/1838 1840/1840/1840 
f 1841/1841/1841 1842/1842/1842 1843/1843/1843 
f 1843/1843/1843 1842/1842/1842 1844/1844/1844 
f 1845/1845/1845 1846/1846/1846 1847/1847/1847 
f 1847/1847/1847 1846/1846/1846 1848/1848/1848 

g Whitepart14

v -81.775 140.83 -170.275 
v -81.775 140.83 -168.275 
v -81.775 140.63 -170.275 
v -81.775 140.63 -168.275 
v -98.775 140.83 -168.275 
v -81.775 140.83 -168.275 
v -98.775 140.83 -170.275 
v -81.775 140.83 -170.275 
v -81.775 140.83 -168.275 
v -98.775 140.83 -168.275 
v -81.775 140.63 -168.275 
v -98.775 140.63 -168.275 
v -98.775 140.83 -168.275 
v -98.775 140.83 -170.275 
v -98.775 140.63 -168.275 
v -98.775 140.63 -170.275 
v -98.775 140.63 -170.275 
v -81.775 140.63 -170.275 
v -98.775 140.63 -168.275 
v -81.775 140.63 -168.275 
v -98.775 140.83 -170.275 
v -81.775 140.83 -170.275 
v -98.775 140.63 -170.275 
v -81.775 140.63 -170.275 

vn 1 0 0 
vn 1 0 0 
vn 1 0 0 
vn 1 0 0 
vn 0 1 0 
vn 0 1 0 
vn 0 1 0 
vn 0 1 0 
vn 0 0 1 
vn 0 0 1 
vn 0 0 1 
vn 0 0 1 
vn -1 0 0 
vn -1 0 0 
vn -1 0 0 
vn -1 0 0 
vn 0 -1 0 
vn 0 -1 0 
vn 0 -1 0 
vn 0 -1 0 
vn 0 0 -1 
vn 0 0 -1 
vn 0 0 -1 
vn 0 0 -1 

vt -0.36129 1.45804 
vt -0.61129 1.45804 
vt -0.36129 1.43304 
vt -0.61129 1.43304 
vt 1.51371 1.45804 
vt -0.61129 1.45804 
vt 1.51371 1.20804 
vt -0.61129 1.20804 
vt 1.51371 1.45804 
vt -0.61129 1.45804 
vt 1.51371 1.43304 
vt -0.61129 1.43304 
vt -0.36129 1.45804 
vt -0.61129 1.45804 
vt -0.36129 1.43304 
vt -0.61129 1.43304 
vt 1.51371 1.45804 
vt -0.61129 1.45804 
vt 1.51371 1.20804 
vt -0.61129 1.20804 
vt 1.51371 1.45804 
vt -0.61129 1.45804 
vt 1.51371 1.43304 
vt -0.61129 1.43304 

usemtl Whitepart1Mtl

f 1849/1849/1849 1850/1850/1850 1851/1851/1851 
f 1851/1851/1851 1850/1850/1850 1852/1852/1852 
f 1853/1853/1853 1854/1854/1854 1855/1855/1855 
f 1855/1855/1855 1854/1854/1854 1856/1856/1856 
f 1857/1857/1857 1858/1858/1858 1859/1859/1859 
f 1859/1859/1859 1858/1858/1858 1860/1860/1860 
f 1861/1861/1861 1862/1862/1862 1863/1863/1863 
f 1863/1863/1863 1862/1862/1862 1864/1864/1864 
f 1865/1865/1865 1866/1866/1866 1867/1867/1867 
f 1867/1867/1867 1866/1866/1866 1868/1868/1868 
f 1869/1869/1869 1870/1870/1870 1871/1871/1871 
f 1871/1871/1871 1870/1870/1870 1872/1872/1872 

g Grass12

v -44.775 145.48 -154.275 
v -44.775 145.48 -150.275 
v -44.775 141.48 -154.275 
v -44.775 141.48 -150.275 
v -170.775 145.48 -150.275 
v -44.775 145.48 -150.275 
v -170.775 145.48 -154.275 
v -44.775 145.48 -154.275 
v -44.775 145.48 -150.275 
v -170.775 145.48 -150.275 
v -44.775 141.48 -150.275 
v -170.775 141.48 -150.275 
v -170.775 145.48 -150.275 
v -170.775 145.48 -154.275 
v -170.775 141.48 -150.275 
v -170.775 141.48 -154.275 
v -170.775 141.48 -154.275 
v -44.775 141.48 -154.275 
v -170.775 141.48 -150.275 
v -44.775 141.48 -150.275 
v -170.775 145.48 -154.275 
v -44.775 145.48 -154.275 
v -170.775 141.48 -154.275 
v -44.775 141.48 -154.275 

vn 1 0 0 
vn 1 0 0 
vn 1 0 0 
vn 1 0 0 
vn 0 1 0 
vn 0 1 0 
vn 0 1 0 
vn 0 1 0 
vn 0 0 1 
vn 0 0 1 
vn 0 0 1 
vn 0 0 1 
vn -1 0 0 
vn -1 0 0 
vn -1 0 0 
vn -1 0 0 
vn 0 -1 0 
vn 0 -1 0 
vn 0 -1 0 
vn 0 -1 0 
vn 0 0 -1 
vn 0 0 -1 
vn 0 0 -1 
vn 0 0 -1 

vt 4.53121 4.19674 
vt 4.03121 4.19674 
vt 4.53121 3.69674 
vt 4.03121 3.69674 
vt 19.7812 4.19674 
vt 4.03121 4.19674 
vt 19.7812 3.69674 
vt 4.03121 3.69674 
vt 19.7812 4.19674 
vt 4.03121 4.19674 
vt 19.7812 3.69674 
vt 4.03121 3.69674 
vt 4.53121 4.19674 
vt 4.03121 4.19674 
vt 4.53121 3.69674 
vt 4.03121 3.69674 
vt 19.7812 4.19674 
vt 4.03121 4.19674 
vt 19.7812 3.69674 
vt 4.03121 3.69674 
vt 19.7812 4.19674 
vt 4.03121 4.19674 
vt 19.7812 3.69674 
vt 4.03121 3.69674 

usemtl Grass1Mtl

f 1873/1873/1873 1874/1874/1874 1875/1875/1875 
f 1875/1875/1875 1874/1874/1874 1876/1876/1876 
f 1877/1877/1877 1878/1878/1878 1879/1879/1879 
f 1879/1879/1879 1878/1878/1878 1880/1880/1880 
f 1881/1881/1881 1882/1882/1882 1883/1883/1883 
f 1883/1883/1883 1882/1882/1882 1884/1884/1884 
f 1885/1885/1885 1886/1886/1886 1887/1887/1887 
f 1887/1887/1887 1886/1886/1886 1888/1888/1888 
f 1889/1889/1889 1890/1890/1890 1891/1891/1891 
f 1891/1891/1891 1890/1890/1890 1892/1892/1892 
f 1893/1893/1893 1894/1894/1894 1895/1895/1895 
f 1895/1895/1895 1894/1894/1894 1896/1896/1896 

g Whitepart15

v -107.775 140.83 -170.275 
v -107.775 140.83 -168.275 
v -107.775 140.63 -170.275 
v -107.775 140.63 -168.275 
v -124.775 140.83 -168.275 
v -107.775 140.83 -168.275 
v -124.775 140.83 -170.275 
v -107.775 140.83 -170.275 
v -107.775 140.83 -168.275 
v -124.775 140.83 -168.275 
v -107.775 140.63 -168.275 
v -124.775 140.63 -168.275 
v -124.775 140.83 -168.275 
v -124.775 140.83 -170.275 
v -124.775 140.63 -168.275 
v -124.775 140.63 -170.275 
v -124.775 140.63 -170.275 
v -107.775 140.63 -170.275 
v -124.775 140.63 -168.275 
v -107.775 140.63 -168.275 
v -124.775 140.83 -170.275 
v -107.775 140.83 -170.275 
v -124.775 140.63 -170.275 
v -107.775 140.63 -170.275 

vn 1 0 0 
vn 1 0 0 
vn 1 0 0 
vn 1 0 0 
vn 0 1 0 
vn 0 1 0 
vn 0 1 0 
vn 0 1 0 
vn 0 0 1 
vn 0 0 1 
vn 0 0 1 
vn 0 0 1 
vn -1 0 0 
vn -1 0 0 
vn -1 0 0 
vn -1 0 0 
vn 0 -1 0 
vn 0 -1 0 
vn 0 -1 0 
vn 0 -1 0 
vn 0 0 -1 
vn 0 0 -1 
vn 0 0 -1 
vn 0 0 -1 

vt -0.275809 1.4283 
vt -0.525809 1.4283 
vt -0.275809 1.4033 
vt -0.525809 1.4033 
vt 1.59919 1.4283 
vt -0.525809 1.4283 
vt 1.59919 1.1783 
vt -0.525809 1.1783 
vt 1.59919 1.4283 
vt -0.525809 1.4283 
vt 1.59919 1.4033 
vt -0.525809 1.4033 
vt -0.275809 1.4283 
vt -0.525809 1.4283 
vt -0.275809 1.4033 
vt -0.525809 1.4033 
vt 1.59919 1.4283 
vt -0.525809 1.4283 
vt 1.59919 1.1783 
vt -0.525809 1.1783 
vt 1.59919 1.4283 
vt -0.525809 1.4283 
vt 1.59919 1.4033 
vt -0.525809 1.4033 

usemtl Whitepart1Mtl

f 1897/1897/1897 1898/1898/1898 1899/1899/1899 
f 1899/1899/1899 1898/1898/1898 1900/1900/1900 
f 1901/1901/1901 1902/1902/1902 1903/1903/1903 
f 1903/1903/1903 1902/1902/1902 1904/1904/1904 
f 1905/1905/1905 1906/1906/1906 1907/1907/1907 
f 1907/1907/1907 1906/1906/1906 1908/1908/1908 
f 1909/1909/1909 1910/1910/1910 1911/1911/1911 
f 1911/1911/1911 1910/1910/1910 1912/1912/1912 
f 1913/1913/1913 1914/1914/1914 1915/1915/1915 
f 1915/1915/1915 1914/1914/1914 1916/1916/1916 
f 1917/1917/1917 1918/1918/1918 1919/1919/1919 
f 1919/1919/1919 1918/1918/1918 1920/1920/1920 

g Grass13

v -44.775 145.48 -188.275 
v -44.775 145.48 -184.275 
v -44.775 141.48 -188.275 
v -44.775 141.48 -184.275 
v -170.775 145.48 -184.275 
v -44.775 145.48 -184.275 
v -170.775 145.48 -188.275 
v -44.775 145.48 -188.275 
v -44.775 145.48 -184.275 
v -170.775 145.48 -184.275 
v -44.775 141.48 -184.275 
v -170.775 141.48 -184.275 
v -170.775 145.48 -184.275 
v -170.775 145.48 -188.275 
v -170.775 141.48 -184.275 
v -170.775 141.48 -188.275 
v -170.775 141.48 -188.275 
v -44.775 141.48 -188.275 
v -170.775 141.48 -184.275 
v -44.775 141.48 -184.275 
v -170.775 145.48 -188.275 
v -44.775 145.48 -188.275 
v -170.775 141.48 -188.275 
v -44.775 141.48 -188.275 

vn 1 0 0 
vn 1 0 0 
vn 1 0 0 
vn 1 0 0 
vn 0 1 0 
vn 0 1 0 
vn 0 1 0 
vn 0 1 0 
vn 0 0 1 
vn 0 0 1 
vn 0 0 1 
vn 0 0 1 
vn -1 0 0 
vn -1 0 0 
vn -1 0 0 
vn -1 0 0 
vn 0 -1 0 
vn 0 -1 0 
vn 0 -1 0 
vn 0 -1 0 
vn 0 0 -1 
vn 0 0 -1 
vn 0 0 -1 
vn 0 0 -1 

vt 3.51951 4.19674 
vt 3.01951 4.19674 
vt 3.51951 3.69674 
vt 3.01951 3.69674 
vt 18.7695 4.19674 
vt 3.01951 4.19674 
vt 18.7695 3.69674 
vt 3.01951 3.69674 
vt 18.7695 4.19674 
vt 3.01951 4.19674 
vt 18.7695 3.69674 
vt 3.01951 3.69674 
vt 3.51951 4.19674 
vt 3.01951 4.19674 
vt 3.51951 3.69674 
vt 3.01951 3.69674 
vt 18.7695 4.19674 
vt 3.01951 4.19674 
vt 18.7695 3.69674 
vt 3.01951 3.69674 
vt 18.7695 4.19674 
vt 3.01951 4.19674 
vt 18.7695 3.69674 
vt 3.01951 3.69674 

usemtl Grass1Mtl

f 1921/1921/1921 1922/1922/1922 1923/1923/1923 
f 1923/1923/1923 1922/1922/1922 1924/1924/1924 
f 1925/1925/1925 1926/1926/1926 1927/1927/1927 
f 1927/1927/1927 1926/1926/1926 1928/1928/1928 
f 1929/1929/1929 1930/1930/1930 1931/1931/1931 
f 1931/1931/1931 1930/1930/1930 1932/1932/1932 
f 1933/1933/1933 1934/1934/1934 1935/1935/1935 
f 1935/1935/1935 1934/1934/1934 1936/1936/1936 
f 1937/1937/1937 1938/1938/1938 1939/1939/1939 
f 1939/1939/1939 1938/1938/1938 1940/1940/1940 
f 1941/1941/1941 1942/1942/1942 1943/1943/1943 
f 1943/1943/1943 1942/1942/1942 1944/1944/1944 

g Mirrorpart5

v -172.775 181.48 -190.275 
v -172.775 181.48 -150.275 
v -172.775 171.48 -190.275 
v -172.775 171.48 -150.275 
v -174.775 181.48 -150.275 
v -172.775 181.48 -150.275 
v -174.775 181.48 -190.275 
v -172.775 181.48 -190.275 
v -172.775 181.48 -150.275 
v -174.775 181.48 -150.275 
v -172.775 171.48 -150.275 
v -174.775 171.48 -150.275 
v -174.775 181.48 -150.275 
v -174.775 181.48 -190.275 
v -174.775 171.48 -150.275 
v -174.775 171.48 -190.275 
v -174.775 171.48 -190.275 
v -172.775 171.48 -190.275 
v -174.775 171.48 -150.275 
v -172.775 171.48 -150.275 
v -174.775 181.48 -190.275 
v -172.775 181.48 -190.275 
v -174.775 171.48 -190.275 
v -172.775 171.48 -190.275 

vn 1 0 0 
vn 1 0 0 
vn 1 0 0 
vn 1 0 0 
vn 0 1 0 
vn 0 1 0 
vn 0 1 0 
vn 0 1 0 
vn 0 0 1 
vn 0 0 1 
vn 0 0 1 
vn 0 0 1 
vn -1 0 0 
vn -1 0 0 
vn -1 0 0 
vn -1 0 0 
vn 0 -1 0 
vn 0 -1 0 
vn 0 -1 0 
vn 0 -1 0 
vn 0 0 -1 
vn 0 0 -1 
vn 0 0 -1 
vn 0 0 -1 

vt 5.24129 -0.564349 
vt 0.241293 -0.564349 
vt 5.24129 -1.81435 
vt 0.241293 -1.81435 
vt 0.491293 -0.564349 
vt 0.241293 -0.564349 
vt 0.491293 -5.56435 
vt 0.241293 -5.56435 
vt 0.491293 -0.564349 
vt 0.241293 -0.564349 
vt 0.491293 -1.81435 
vt 0.241293 -1.81435 
vt 5.24129 -0.564349 
vt 0.241293 -0.564349 
vt 5.24129 -1.81435 
vt 0.241293 -1.81435 
vt 0.491293 -0.564349 
vt 0.241293 -0.564349 
vt 0.491293 -5.56435 
vt 0.241293 -5.56435 
vt 0.491293 -0.564349 
vt 0.241293 -0.564349 
vt 0.491293 -1.81435 
vt 0.241293 -1.81435 

usemtl Mirrorpart1Mtl

f 1945/1945/1945 1946/1946/1946 1947/1947/1947 
f 1947/1947/1947 1946/1946/1946 1948/1948/1948 
f 1949/1949/1949 1950/1950/1950 1951/1951/1951 
f 1951/1951/1951 1950/1950/1950 1952/1952/1952 
f 1953/1953/1953 1954/1954/1954 1955/1955/1955 
f 1955/1955/1955 1954/1954/1954 1956/1956/1956 
f 1957/1957/1957 1958/1958/1958 1959/1959/1959 
f 1959/1959/1959 1958/1958/1958 1960/1960/1960 
f 1961/1961/1961 1962/1962/1962 1963/1963/1963 
f 1963/1963/1963 1962/1962/1962 1964/1964/1964 
f 1965/1965/1965 1966/1966/1966 1967/1967/1967 
f 1967/1967/1967 1966/1966/1966 1968/1968/1968 

g Whitepart16

v -144.775 140.83 -170.275 
v -144.775 140.83 -168.275 
v -144.775 140.63 -170.275 
v -144.775 140.63 -168.275 
v -161.775 140.83 -168.275 
v -144.775 140.83 -168.275 
v -161.775 140.83 -170.275 
v -144.775 140.83 -170.275 
v -144.775 140.83 -168.275 
v -161.775 140.83 -168.275 
v -144.775 140.63 -168.275 
v -161.775 140.63 -168.275 
v -161.775 140.83 -168.275 
v -161.775 140.83 -170.275 
v -161.775 140.63 -168.275 
v -161.775 140.63 -170.275 
v -161.775 140.63 -170.275 
v -144.775 140.63 -170.275 
v -161.775 140.63 -168.275 
v -144.775 140.63 -168.275 
v -161.775 140.83 -170.275 
v -144.775 140.83 -170.275 
v -161.775 140.63 -170.275 
v -144.775 140.63 -170.275 

vn 1 0 0 
vn 1 0 0 
vn 1 0 0 
vn 1 0 0 
vn 0 1 0 
vn 0 1 0 
vn 0 1 0 
vn 0 1 0 
vn 0 0 1 
vn 0 0 1 
vn 0 0 1 
vn 0 0 1 
vn -1 0 0 
vn -1 0 0 
vn -1 0 0 
vn -1 0 0 
vn 0 -1 0 
vn 0 -1 0 
vn 0 -1 0 
vn 0 -1 0 
vn 0 0 -1 
vn 0 0 -1 
vn 0 0 -1 
vn 0 0 -1 

vt 0.711249 1.03632 
vt 0.461249 1.03632 
vt 0.711249 1.01132 
vt 0.461249 1.01132 
vt 2.58625 1.03632 
vt 0.461249 1.03632 
vt 2.58625 0.786319 
vt 0.461249 0.786319 
vt 2.58625 1.03632 
vt 0.461249 1.03632 
vt 2.58625 1.01132 
vt 0.461249 1.01132 
vt 0.711249 1.03632 
vt 0.461249 1.03632 
vt 0.711249 1.01132 
vt 0.461249 1.01132 
vt 2.58625 1.03632 
vt 0.461249 1.03632 
vt 2.58625 0.786319 
vt 0.461249 0.786319 
vt 2.58625 1.03632 
vt 0.461249 1.03632 
vt 2.58625 1.01132 
vt 0.461249 1.01132 

usemtl Whitepart1Mtl

f 1969/1969/1969 1970/1970/1970 1971/1971/1971 
f 1971/1971/1971 1970/1970/1970 1972/1972/1972 
f 1973/1973/1973 1974/1974/1974 1975/1975/1975 
f 1975/1975/1975 1974/1974/1974 1976/1976/1976 
f 1977/1977/1977 1978/1978/1978 1979/1979/1979 
f 1979/1979/1979 1978/1978/1978 1980/1980/1980 
f 1981/1981/1981 1982/1982/1982 1983/1983/1983 
f 1983/1983/1983 1982/1982/1982 1984/1984/1984 
f 1985/1985/1985 1986/1986/1986 1987/1987/1987 
f 1987/1987/1987 1986/1986/1986 1988/1988/1988 
f 1989/1989/1989 1990/1990/1990 1991/1991/1991 
f 1991/1991/1991 1990/1990/1990 1992/1992/1992 

g Graypart13

v -107.775 141.48 -184.275 
v -107.775 141.48 -174.275 
v -107.775 140.48 -184.275 
v -107.775 140.48 -174.275 
v -170.775 141.48 -174.275 
v -107.775 141.48 -174.275 
v -170.775 141.48 -184.275 
v -107.775 141.48 -184.275 
v -107.775 141.48 -174.275 
v -170.775 141.48 -174.275 
v -107.775 140.48 -174.275 
v -170.775 140.48 -174.275 
v -170.775 141.48 -174.275 
v -170.775 141.48 -184.275 
v -170.775 140.48 -174.275 
v -170.775 140.48 -184.275 
v -170.775 140.48 -184.275 
v -107.775 140.48 -184.275 
v -170.775 140.48 -174.275 
v -107.775 140.48 -174.275 
v -170.775 141.48 -184.275 
v -107.775 141.48 -184.275 
v -170.775 140.48 -184.275 
v -107.775 140.48 -184.275 

vn 1 0 0 
vn 1 0 0 
vn 1 0 0 
vn 1 0 0 
vn 0 1 0 
vn 0 1 0 
vn 0 1 0 
vn 0 1 0 
vn 0 0 1 
vn 0 0 1 
vn 0 0 1 
vn 0 0 1 
vn -1 0 0 
vn -1 0 0 
vn -1 0 0 
vn -1 0 0 
vn 0 -1 0 
vn 0 -1 0 
vn 0 -1 0 
vn 0 -1 0 
vn 0 0 -1 
vn 0 0 -1 
vn 0 0 -1 
vn 0 0 -1 

vt -1.78233 0.359789 
vt -3.03233 0.359789 
vt -1.78233 0.234789 
vt -3.03233 0.234789 
vt 4.84267 0.359789 
vt -3.03233 0.359789 
vt 4.84267 -0.890211 
vt -3.03233 -0.890211 
vt 4.84267 0.359789 
vt -3.03233 0.359789 
vt 4.84267 0.234789 
vt -3.03233 0.234789 
vt -1.78233 0.359789 
vt -3.03233 0.359789 
vt -1.78233 0.234789 
vt -3.03233 0.234789 
vt 4.84267 0.359789 
vt -3.03233 0.359789 
vt 4.84267 -0.890211 
vt -3.03233 -0.890211 
vt 4.84267 0.359789 
vt -3.03233 0.359789 
vt 4.84267 0.234789 
vt -3.03233 0.234789 

usemtl Graypart2Mtl

f 1993/1993/1993 1994/1994/1994 1995/1995/1995 
f 1995/1995/1995 1994/1994/1994 1996/1996/1996 
f 1997/1997/1997 1998/1998/1998 1999/1999/1999 
f 1999/1999/1999 1998/1998/1998 2000/2000/2000 
f 2001/2001/2001 2002/2002/2002 2003/2003/2003 
f 2003/2003/2003 2002/2002/2002 2004/2004/2004 
f 2005/2005/2005 2006/2006/2006 2007/2007/2007 
f 2007/2007/2007 2006/2006/2006 2008/2008/2008 
f 2009/2009/2009 2010/2010/2010 2011/2011/2011 
f 2011/2011/2011 2010/2010/2010 2012/2012/2012 
f 2013/2013/2013 2014/2014/2014 2015/2015/2015 
f 2015/2015/2015 2014/2014/2014 2016/2016/2016 

g Blackpart8

v -107.775 140.48 -175.275 
v -107.775 140.48 -163.275 
v -107.775 139.48 -175.275 
v -107.775 139.48 -163.275 
v -170.775 140.48 -163.275 
v -107.775 140.48 -163.275 
v -170.775 140.48 -175.275 
v -107.775 140.48 -175.275 
v -107.775 140.48 -163.275 
v -170.775 140.48 -163.275 
v -107.775 139.48 -163.275 
v -170.775 139.48 -163.275 
v -170.775 140.48 -163.275 
v -170.775 140.48 -175.275 
v -170.775 139.48 -163.275 
v -170.775 139.48 -175.275 
v -170.775 139.48 -175.275 
v -107.775 139.48 -175.275 
v -170.775 139.48 -163.275 
v -107.775 139.48 -163.275 
v -170.775 140.48 -175.275 
v -107.775 140.48 -175.275 
v -170.775 139.48 -175.275 
v -107.775 139.48 -175.275 

vn 1 0 0 
vn 1 0 0 
vn 1 0 0 
vn 1 0 0 
vn 0 1 0 
vn 0 1 0 
vn 0 1 0 
vn 0 1 0 
vn 0 0 1 
vn 0 0 1 
vn 0 0 1 
vn 0 0 1 
vn -1 0 0 
vn -1 0 0 
vn -1 0 0 
vn -1 0 0 
vn 0 -1 0 
vn 0 -1 0 
vn 0 -1 0 
vn 0 -1 0 
vn 0 0 -1 
vn 0 0 -1 
vn 0 0 -1 
vn 0 0 -1 

vt 0.241478 -1.77869 
vt -1.25852 -1.77869 
vt 0.241478 -1.90369 
vt -1.25852 -1.90369 
vt 6.61648 -1.77869 
vt -1.25852 -1.77869 
vt 6.61648 -3.27869 
vt -1.25852 -3.27869 
vt 6.61648 -1.77869 
vt -1.25852 -1.77869 
vt 6.61648 -1.90369 
vt -1.25852 -1.90369 
vt 0.241478 -1.77869 
vt -1.25852 -1.77869 
vt 0.241478 -1.90369 
vt -1.25852 -1.90369 
vt 6.61648 -1.77869 
vt -1.25852 -1.77869 
vt 6.61648 -3.27869 
vt -1.25852 -3.27869 
vt 6.61648 -1.77869 
vt -1.25852 -1.77869 
vt 6.61648 -1.90369 
vt -1.25852 -1.90369 

usemtl Blackpart1Mtl

f 2017/2017/2017 2018/2018/2018 2019/2019/2019 
f 2019/2019/2019 2018/2018/2018 2020/2020/2020 
f 2021/2021/2021 2022/2022/2022 2023/2023/2023 
f 2023/2023/2023 2022/2022/2022 2024/2024/2024 
f 2025/2025/2025 2026/2026/2026 2027/2027/2027 
f 2027/2027/2027 2026/2026/2026 2028/2028/2028 
f 2029/2029/2029 2030/2030/2030 2031/2031/2031 
f 2031/2031/2031 2030/2030/2030 2032/2032/2032 
f 2033/2033/2033 2034/2034/2034 2035/2035/2035 
f 2035/2035/2035 2034/2034/2034 2036/2036/2036 
f 2037/2037/2037 2038/2038/2038 2039/2039/2039 
f 2039/2039/2039 2038/2038/2038 2040/2040/2040 

g Graypart14

v -107.775 141.48 -164.275 
v -107.775 141.48 -154.275 
v -107.775 140.48 -164.275 
v -107.775 140.48 -154.275 
v -170.775 141.48 -154.275 
v -107.775 141.48 -154.275 
v -170.775 141.48 -164.275 
v -107.775 141.48 -164.275 
v -107.775 141.48 -154.275 
v -170.775 141.48 -154.275 
v -107.775 140.48 -154.275 
v -170.775 140.48 -154.275 
v -170.775 141.48 -154.275 
v -170.775 141.48 -164.275 
v -170.775 140.48 -154.275 
v -170.775 140.48 -164.275 
v -170.775 140.48 -164.275 
v -107.775 140.48 -164.275 
v -170.775 140.48 -154.275 
v -107.775 140.48 -154.275 
v -170.775 141.48 -164.275 
v -107.775 141.48 -164.275 
v -170.775 140.48 -164.275 
v -107.775 140.48 -164.275 

vn 1 0 0 
vn 1 0 0 
vn 1 0 0 
vn 1 0 0 
vn 0 1 0 
vn 0 1 0 
vn 0 1 0 
vn 0 1 0 
vn 0 0 1 
vn 0 0 1 
vn 0 0 1 
vn 0 0 1 
vn -1 0 0 
vn -1 0 0 
vn -1 0 0 
vn -1 0 0 
vn 0 -1 0 
vn 0 -1 0 
vn 0 -1 0 
vn 0 -1 0 
vn 0 0 -1 
vn 0 0 -1 
vn 0 0 -1 
vn 0 0 -1 

vt 5.39257 1.66617 
vt 4.14257 1.66617 
vt 5.39257 1.54117 
vt 4.14257 1.54117 
vt 12.0176 1.66617 
vt 4.14257 1.66617 
vt 12.0176 0.416166 
vt 4.14257 0.416166 
vt 12.0176 1.66617 
vt 4.14257 1.66617 
vt 12.0176 1.54117 
vt 4.14257 1.54117 
vt 5.39257 1.66617 
vt 4.14257 1.66617 
vt 5.39257 1.54117 
vt 4.14257 1.54117 
vt 12.0176 1.66617 
vt 4.14257 1.66617 
vt 12.0176 0.416166 
vt 4.14257 0.416166 
vt 12.0176 1.66617 
vt 4.14257 1.66617 
vt 12.0176 1.54117 
vt 4.14257 1.54117 

usemtl Graypart1Mtl

f 2041/2041/2041 2042/2042/2042 2043/2043/2043 
f 2043/2043/2043 2042/2042/2042 2044/2044/2044 
f 2045/2045/2045 2046/2046/2046 2047/2047/2047 
f 2047/2047/2047 2046/2046/2046 2048/2048/2048 
f 2049/2049/2049 2050/2050/2050 2051/2051/2051 
f 2051/2051/2051 2050/2050/2050 2052/2052/2052 
f 2053/2053/2053 2054/2054/2054 2055/2055/2055 
f 2055/2055/2055 2054/2054/2054 2056/2056/2056 
f 2057/2057/2057 2058/2058/2058 2059/2059/2059 
f 2059/2059/2059 2058/2058/2058 2060/2060/2060 
f 2061/2061/2061 2062/2062/2062 2063/2063/2063 
f 2063/2063/2063 2062/2062/2062 2064/2064/2064 

g Part30

v -173.775 170.48 -184.275 
v -173.775 170.48 -179.275 
v -173.775 153.48 -184.275 
v -173.775 153.48 -179.275 
v -174.775 170.48 -179.275 
v -173.775 170.48 -179.275 
v -174.775 170.48 -184.275 
v -173.775 170.48 -184.275 
v -173.775 170.48 -179.275 
v -174.775 170.48 -179.275 
v -173.775 153.48 -179.275 
v -174.775 153.48 -179.275 
v -174.775 170.48 -179.275 
v -174.775 170.48 -184.275 
v -174.775 153.48 -179.275 
v -174.775 153.48 -184.275 
v -174.775 153.48 -184.275 
v -173.775 153.48 -184.275 
v -174.775 153.48 -179.275 
v -173.775 153.48 -179.275 
v -174.775 170.48 -184.275 
v -173.775 170.48 -184.275 
v -174.775 153.48 -184.275 
v -173.775 153.48 -184.275 

vn 1 0 0 
vn 1 0 0 
vn 1 0 0 
vn 1 0 0 
vn 0 1 0 
vn 0 1 0 
vn 0 1 0 
vn 0 1 0 
vn 0 0 1 
vn 0 0 1 
vn 0 0 1 
vn 0 0 1 
vn -1 0 0 
vn -1 0 0 
vn -1 0 0 
vn -1 0 0 
vn 0 -1 0 
vn 0 -1 0 
vn 0 -1 0 
vn 0 -1 0 
vn 0 0 -1 
vn 0 0 -1 
vn 0 0 -1 
vn 0 0 -1 

vt 1.64481 -0.350511 
vt 1.01981 -0.350511 
vt 1.64481 -2.47551 
vt 1.01981 -2.47551 
vt 1.14481 -0.350511 
vt 1.01981 -0.350511 
vt 1.14481 -0.975511 
vt 1.01981 -0.975511 
vt 1.14481 -0.350511 
vt 1.01981 -0.350511 
vt 1.14481 -2.47551 
vt 1.01981 -2.47551 
vt 1.64481 -0.350511 
vt 1.01981 -0.350511 
vt 1.64481 -2.47551 
vt 1.01981 -2.47551 
vt 1.14481 -0.350511 
vt 1.01981 -0.350511 
vt 1.14481 -0.975511 
vt 1.01981 -0.975511 
vt 1.14481 -0.350511 
vt 1.01981 -0.350511 
vt 1.14481 -2.47551 
vt 1.01981 -2.47551 

usemtl Grass1Mtl

f 2065/2065/2065 2066/2066/2066 2067/2067/2067 
f 2067/2067/2067 2066/2066/2066 2068/2068/2068 
f 2069/2069/2069 2070/2070/2070 2071/2071/2071 
f 2071/2071/2071 2070/2070/2070 2072/2072/2072 
f 2073/2073/2073 2074/2074/2074 2075/2075/2075 
f 2075/2075/2075 2074/2074/2074 2076/2076/2076 
f 2077/2077/2077 2078/2078/2078 2079/2079/2079 
f 2079/2079/2079 2078/2078/2078 2080/2080/2080 
f 2081/2081/2081 2082/2082/2082 2083/2083/2083 
f 2083/2083/2083 2082/2082/2082 2084/2084/2084 
f 2085/2085/2085 2086/2086/2086 2087/2087/2087 
f 2087/2087/2087 2086/2086/2086 2088/2088/2088 

g Part31

v -173.775 157.48 -155.275 
v -173.775 157.48 -151.275 
v -173.775 149.48 -155.275 
v -173.775 149.48 -151.275 
v -174.775 157.48 -151.275 
v -173.775 157.48 -151.275 
v -174.775 157.48 -155.275 
v -173.775 157.48 -155.275 
v -173.775 157.48 -151.275 
v -174.775 157.48 -151.275 
v -173.775 149.48 -151.275 
v -174.775 149.48 -151.275 
v -174.775 157.48 -151.275 
v -174.775 157.48 -155.275 
v -174.775 149.48 -151.275 
v -174.775 149.48 -155.275 
v -174.775 149.48 -155.275 
v -173.775 149.48 -155.275 
v -174.775 149.48 -151.275 
v -173.775 149.48 -151.275 
v -174.775 157.48 -155.275 
v -173.775 157.48 -155.275 
v -174.775 149.48 -155.275 
v -173.775 149.48 -155.275 

vn 1 0 0 
vn 1 0 0 
vn 1 0 0 
vn 1 0 0 
vn 0 1 0 
vn 0 1 0 
vn 0 1 0 
vn 0 1 0 
vn 0 0 1 
vn 0 0 1 
vn 0 0 1 
vn 0 0 1 
vn -1 0 0 
vn -1 0 0 
vn -1 0 0 
vn -1 0 0 
vn 0 -1 0 
vn 0 -1 0 
vn 0 -1 0 
vn 0 -1 0 
vn 0 0 -1 
vn 0 0 -1 
vn 0 0 -1 
vn 0 0 -1 

vt -0.199601 1.44618 
vt -0.699601 1.44618 
vt -0.199601 0.446183 
vt -0.699601 0.446183 
vt -0.574601 1.44618 
vt -0.699601 1.44618 
vt -0.574601 0.946183 
vt -0.699601 0.946183 
vt -0.574601 1.44618 
vt -0.699601 1.44618 
vt -0.574601 0.446183 
vt -0.699601 0.446183 
vt -0.199601 1.44618 
vt -0.699601 1.44618 
vt -0.199601 0.446183 
vt -0.699601 0.446183 
vt -0.574601 1.44618 
vt -0.699601 1.44618 
vt -0.574601 0.946183 
vt -0.699601 0.946183 
vt -0.574601 1.44618 
vt -0.699601 1.44618 
vt -0.574601 0.446183 
vt -0.699601 0.446183 

usemtl Grass1Mtl

f 2089/2089/2089 2090/2090/2090 2091/2091/2091 
f 2091/2091/2091 2090/2090/2090 2092/2092/2092 
f 2093/2093/2093 2094/2094/2094 2095/2095/2095 
f 2095/2095/2095 2094/2094/2094 2096/2096/2096 
f 2097/2097/2097 2098/2098/2098 2099/2099/2099 
f 2099/2099/2099 2098/2098/2098 2100/2100/2100 
f 2101/2101/2101 2102/2102/2102 2103/2103/2103 
f 2103/2103/2103 2102/2102/2102 2104/2104/2104 
f 2105/2105/2105 2106/2106/2106 2107/2107/2107 
f 2107/2107/2107 2106/2106/2106 2108/2108/2108 
f 2109/2109/2109 2110/2110/2110 2111/2111/2111 
f 2111/2111/2111 2110/2110/2110 2112/2112/2112 

g Part32

v -173.775 161.48 -159.275 
v -173.775 161.48 -151.275 
v -173.775 157.48 -159.275 
v -173.775 157.48 -151.275 
v -174.775 161.48 -151.275 
v -173.775 161.48 -151.275 
v -174.775 161.48 -159.275 
v -173.775 161.48 -159.275 
v -173.775 161.48 -151.275 
v -174.775 161.48 -151.275 
v -173.775 157.48 -151.275 
v -174.775 157.48 -151.275 
v -174.775 161.48 -151.275 
v -174.775 161.48 -159.275 
v -174.775 157.48 -151.275 
v -174.775 157.48 -159.275 
v -174.775 157.48 -159.275 
v -173.775 157.48 -159.275 
v -174.775 157.48 -151.275 
v -173.775 157.48 -151.275 
v -174.775 161.48 -159.275 
v -173.775 161.48 -159.275 
v -174.775 157.48 -159.275 
v -173.775 157.48 -159.275 

vn 1 0 0 
vn 1 0 0 
vn 1 0 0 
vn 1 0 0 
vn 0 1 0 
vn 0 1 0 
vn 0 1 0 
vn 0 1 0 
vn 0 0 1 
vn 0 0 1 
vn 0 0 1 
vn 0 0 1 
vn -1 0 0 
vn -1 0 0 
vn -1 0 0 
vn -1 0 0 
vn 0 -1 0 
vn 0 -1 0 
vn 0 -1 0 
vn 0 -1 0 
vn 0 0 -1 
vn 0 0 -1 
vn 0 0 -1 
vn 0 0 -1 

vt 0.751861 1.43798 
vt -0.248139 1.43798 
vt 0.751861 0.937981 
vt -0.248139 0.937981 
vt -0.123139 1.43798 
vt -0.248139 1.43798 
vt -0.123139 0.437981 
vt -0.248139 0.437981 
vt -0.123139 1.43798 
vt -0.248139 1.43798 
vt -0.123139 0.937981 
vt -0.248139 0.937981 
vt 0.751861 1.43798 
vt -0.248139 1.43798 
vt 0.751861 0.937981 
vt -0.248139 0.937981 
vt -0.123139 1.43798 
vt -0.248139 1.43798 
vt -0.123139 0.437981 
vt -0.248139 0.437981 
vt -0.123139 1.43798 
vt -0.248139 1.43798 
vt -0.123139 0.937981 
vt -0.248139 0.937981 

usemtl Grass1Mtl

f 2113/2113/2113 2114/2114/2114 2115/2115/2115 
f 2115/2115/2115 2114/2114/2114 2116/2116/2116 
f 2117/2117/2117 2118/2118/2118 2119/2119/2119 
f 2119/2119/2119 2118/2118/2118 2120/2120/2120 
f 2121/2121/2121 2122/2122/2122 2123/2123/2123 
f 2123/2123/2123 2122/2122/2122 2124/2124/2124 
f 2125/2125/2125 2126/2126/2126 2127/2127/2127 
f 2127/2127/2127 2126/2126/2126 2128/2128/2128 
f 2129/2129/2129 2130/2130/2130 2131/2131/2131 
f 2131/2131/2131 2130/2130/2130 2132/2132/2132 
f 2133/2133/2133 2134/2134/2134 2135/2135/2135 
f 2135/2135/2135 2134/2134/2134 2136/2136/2136 

g Part33

v -173.775 170.48 -179.275 
v -173.775 170.48 -151.275 
v -173.775 161.48 -179.275 
v -173.775 161.48 -151.275 
v -174.775 170.48 -151.275 
v -173.775 170.48 -151.275 
v -174.775 170.48 -179.275 
v -173.775 170.48 -179.275 
v -173.775 170.48 -151.275 
v -174.775 170.48 -151.275 
v -173.775 161.48 -151.275 
v -174.775 161.48 -151.275 
v -174.775 170.48 -151.275 
v -174.775 170.48 -179.275 
v -174.775 161.48 -151.275 
v -174.775 161.48 -179.275 
v -174.775 161.48 -179.275 
v -173.775 161.48 -179.275 
v -174.775 161.48 -151.275 
v -173.775 161.48 -151.275 
v -174.775 170.48 -179.275 
v -173.775 170.48 -179.275 
v -174.775 161.48 -179.275 
v -173.775 161.48 -179.275 

vn 1 0 0 
vn 1 0 0 
vn 1 0 0 
vn 1 0 0 
vn 0 1 0 
vn 0 1 0 
vn 0 1 0 
vn 0 1 0 
vn 0 0 1 
vn 0 0 1 
vn 0 0 1 
vn 0 0 1 
vn -1 0 0 
vn -1 0 0 
vn -1 0 0 
vn -1 0 0 
vn 0 -1 0 
vn 0 -1 0 
vn 0 -1 0 
vn 0 -1 0 
vn 0 0 -1 
vn 0 0 -1 
vn 0 0 -1 
vn 0 0 -1 

vt 1.35561 -0.413462 
vt -2.14439 -0.413462 
vt 1.35561 -1.53846 
vt -2.14439 -1.53846 
vt -2.01939 -0.413462 
vt -2.14439 -0.413462 
vt -2.01939 -3.91346 
vt -2.14439 -3.91346 
vt -2.01939 -0.413462 
vt -2.14439 -0.413462 
vt -2.01939 -1.53846 
vt -2.14439 -1.53846 
vt 1.35561 -0.413462 
vt -2.14439 -0.413462 
vt 1.35561 -1.53846 
vt -2.14439 -1.53846 
vt -2.01939 -0.413462 
vt -2.14439 -0.413462 
vt -2.01939 -3.91346 
vt -2.14439 -3.91346 
vt -2.01939 -0.413462 
vt -2.14439 -0.413462 
vt -2.01939 -1.53846 
vt -2.14439 -1.53846 

usemtl Grass1Mtl

f 2137/2137/2137 2138/2138/2138 2139/2139/2139 
f 2139/2139/2139 2138/2138/2138 2140/2140/2140 
f 2141/2141/2141 2142/2142/2142 2143/2143/2143 
f 2143/2143/2143 2142/2142/2142 2144/2144/2144 
f 2145/2145/2145 2146/2146/2146 2147/2147/2147 
f 2147/2147/2147 2146/2146/2146 2148/2148/2148 
f 2149/2149/2149 2150/2150/2150 2151/2151/2151 
f 2151/2151/2151 2150/2150/2150 2152/2152/2152 
f 2153/2153/2153 2154/2154/2154 2155/2155/2155 
f 2155/2155/2155 2154/2154/2154 2156/2156/2156 
f 2157/2157/2157 2158/2158/2158 2159/2159/2159 
f 2159/2159/2159 2158/2158/2158 2160/2160/2160 

g Part34

v -169.775 149.48 -154.275 
v -169.775 149.48 -150.275 
v -169.775 142.48 -154.275 
v -169.775 142.48 -150.275 
v -176.775 149.48 -150.275 
v -169.775 149.48 -150.275 
v -176.775 149.48 -154.275 
v -169.775 149.48 -154.275 
v -169.775 149.48 -150.275 
v -176.775 149.48 -150.275 
v -169.775 142.48 -150.275 
v -176.775 142.48 -150.275 
v -176.775 149.48 -150.275 
v -176.775 149.48 -154.275 
v -176.775 142.48 -150.275 
v -176.775 142.48 -154.275 
v -176.775 142.48 -154.275 
v -169.775 142.48 -154.275 
v -176.775 142.48 -150.275 
v -169.775 142.48 -150.275 
v -176.775 149.48 -154.275 
v -169.775 149.48 -154.275 
v -176.775 142.48 -154.275 
v -169.775 142.48 -154.275 

vn 1 0 0 
vn 1 0 0 
vn 1 0 0 
vn 1 0 0 
vn 0 1 0 
vn 0 1 0 
vn 0 1 0 
vn 0 1 0 
vn 0 0 1 
vn 0 0 1 
vn 0 0 1 
vn 0 0 1 
vn -1 0 0 
vn -1 0 0 
vn -1 0 0 
vn -1 0 0 
vn 0 -1 0 
vn 0 -1 0 
vn 0 -1 0 
vn 0 -1 0 
vn 0 0 -1 
vn 0 0 -1 
vn 0 0 -1 
vn 0 0 -1 

vt -0.381212 0.916476 
vt -0.881212 0.916476 
vt -0.381212 0.0414755 
vt -0.881212 0.0414755 
vt -0.00621367 0.916476 
vt -0.881212 0.916476 
vt -0.00621367 0.416476 
vt -0.881212 0.416476 
vt -0.00621367 0.916476 
vt -0.881212 0.916476 
vt -0.00621367 0.0414755 
vt -0.881212 0.0414755 
vt -0.381212 0.916476 
vt -0.881212 0.916476 
vt -0.381212 0.0414755 
vt -0.881212 0.0414755 
vt -0.00621367 0.916476 
vt -0.881212 0.916476 
vt -0.00621367 0.416476 
vt -0.881212 0.416476 
vt -0.00621367 0.916476 
vt -0.881212 0.916476 
vt -0.00621367 0.0414755 
vt -0.881212 0.0414755 

usemtl Grass1Mtl

f 2161/2161/2161 2162/2162/2162 2163/2163/2163 
f 2163/2163/2163 2162/2162/2162 2164/2164/2164 
f 2165/2165/2165 2166/2166/2166 2167/2167/2167 
f 2167/2167/2167 2166/2166/2166 2168/2168/2168 
f 2169/2169/2169 2170/2170/2170 2171/2171/2171 
f 2171/2171/2171 2170/2170/2170 2172/2172/2172 
f 2173/2173/2173 2174/2174/2174 2175/2175/2175 
f 2175/2175/2175 2174/2174/2174 2176/2176/2176 
f 2177/2177/2177 2178/2178/2178 2179/2179/2179 
f 2179/2179/2179 2178/2178/2178 2180/2180/2180 
f 2181/2181/2181 2182/2182/2182 2183/2183/2183 
f 2183/2183/2183 2182/2182/2182 2184/2184/2184 

g Part35

v -169.775 157.48 -159.275 
v -169.775 157.48 -155.275 
v -169.775 153.48 -159.275 
v -169.775 153.48 -155.275 
v -176.775 157.48 -155.275 
v -169.775 157.48 -155.275 
v -176.775 157.48 -159.275 
v -169.775 157.48 -159.275 
v -169.775 157.48 -155.275 
v -176.775 157.48 -155.275 
v -169.775 153.48 -155.275 
v -176.775 153.48 -155.275 
v -176.775 157.48 -155.275 
v -176.775 157.48 -159.275 
v -176.775 153.48 -155.275 
v -176.775 153.48 -159.275 
v -176.775 153.48 -159.275 
v -169.775 153.48 -159.275 
v -176.775 153.48 -155.275 
v -169.775 153.48 -155.275 
v -176.775 157.48 -159.275 
v -169.775 157.48 -159.275 
v -176.775 153.48 -159.275 
v -169.775 153.48 -159.275 

vn 1 0 0 
vn 1 0 0 
vn 1 0 0 
vn 1 0 0 
vn 0 1 0 
vn 0 1 0 
vn 0 1 0 
vn 0 1 0 
vn 0 0 1 
vn 0 0 1 
vn 0 0 1 
vn 0 0 1 
vn -1 0 0 
vn -1 0 0 
vn -1 0 0 
vn -1 0 0 
vn 0 -1 0 
vn 0 -1 0 
vn 0 -1 0 
vn 0 -1 0 
vn 0 0 -1 
vn 0 0 -1 
vn 0 0 -1 
vn 0 0 -1 

vt 1.16547 0.119232 
vt 0.665467 0.119232 
vt 1.16547 -0.380768 
vt 0.665467 -0.380768 
vt 1.54047 0.119232 
vt 0.665467 0.119232 
vt 1.54047 -0.380768 
vt 0.665467 -0.380768 
vt 1.54047 0.119232 
vt 0.665467 0.119232 
vt 1.54047 -0.380768 
vt 0.665467 -0.380768 
vt 1.16547 0.119232 
vt 0.665467 0.119232 
vt 1.16547 -0.380768 
vt 0.665467 -0.380768 
vt 1.54047 0.119232 
vt 0.665467 0.119232 
vt 1.54047 -0.380768 
vt 0.665467 -0.380768 
vt 1.54047 0.119232 
vt 0.665467 0.119232 
vt 1.54047 -0.380768 
vt 0.665467 -0.380768 

usemtl Grass1Mtl

f 2185/2185/2185 2186/2186/2186 2187/2187/2187 
f 2187/2187/2187 2186/2186/2186 2188/2188/2188 
f 2189/2189/2189 2190/2190/2190 2191/2191/2191 
f 2191/2191/2191 2190/2190/2190 2192/2192/2192 
f 2193/2193/2193 2194/2194/2194 2195/2195/2195 
f 2195/2195/2195 2194/2194/2194 2196/2196/2196 
f 2197/2197/2197 2198/2198/2198 2199/2199/2199 
f 2199/2199/2199 2198/2198/2198 2200/2200/2200 
f 2201/2201/2201 2202/2202/2202 2203/2203/2203 
f 2203/2203/2203 2202/2202/2202 2204/2204/2204 
f 2205/2205/2205 2206/2206/2206 2207/2207/2207 
f 2207/2207/2207 2206/2206/2206 2208/2208/2208 

g Part36

v -169.775 161.48 -163.275 
v -169.775 161.48 -159.275 
v -169.775 157.48 -163.275 
v -169.775 157.48 -159.275 
v -176.775 161.48 -159.275 
v -169.775 161.48 -159.275 
v -176.775 161.48 -163.275 
v -169.775 161.48 -163.275 
v -169.775 161.48 -159.275 
v -176.775 161.48 -159.275 
v -169.775 157.48 -159.275 
v -176.775 157.48 -159.275 
v -176.775 161.48 -159.275 
v -176.775 161.48 -163.275 
v -176.775 157.48 -159.275 
v -176.775 157.48 -163.275 
v -176.775 157.48 -163.275 
v -169.775 157.48 -163.275 
v -176.775 157.48 -159.275 
v -169.775 157.48 -159.275 
v -176.775 161.48 -163.275 
v -169.775 161.48 -163.275 
v -176.775 157.48 -163.275 
v -169.775 157.48 -163.275 

vn 1 0 0 
vn 1 0 0 
vn 1 0 0 
vn 1 0 0 
vn 0 1 0 
vn 0 1 0 
vn 0 1 0 
vn 0 1 0 
vn 0 0 1 
vn 0 0 1 
vn 0 0 1 
vn 0 0 1 
vn -1 0 0 
vn -1 0 0 
vn -1 0 0 
vn -1 0 0 
vn 0 -1 0 
vn 0 -1 0 
vn 0 -1 0 
vn 0 -1 0 
vn 0 0 -1 
vn 0 0 -1 
vn 0 0 -1 
vn 0 0 -1 

vt 0.198819 0.442054 
vt -0.301181 0.442054 
vt 0.198819 -0.0579456 
vt -0.301181 -0.0579456 
vt 0.573819 0.442054 
vt -0.301181 0.442054 
vt 0.573819 -0.0579456 
vt -0.301181 -0.0579456 
vt 0.573819 0.442054 
vt -0.301181 0.442054 
vt 0.573819 -0.0579456 
vt -0.301181 -0.0579456 
vt 0.198819 0.442054 
vt -0.301181 0.442054 
vt 0.198819 -0.0579456 
vt -0.301181 -0.0579456 
vt 0.573819 0.442054 
vt -0.301181 0.442054 
vt 0.573819 -0.0579456 
vt -0.301181 -0.0579456 
vt 0.573819 0.442054 
vt -0.301181 0.442054 
vt 0.573819 -0.0579456 
vt -0.301181 -0.0579456 

usemtl Grass1Mtl

f 2209/2209/2209 2210/2210/2210 2211/2211/2211 
f 2211/2211/2211 2210/2210/2210 2212/2212/2212 
f 2213/2213/2213 2214/2214/2214 2215/2215/2215 
f 2215/2215/2215 2214/2214/2214 2216/2216/2216 
f 2217/2217/2217 2218/2218/2218 2219/2219/2219 
f 2219/2219/2219 2218/2218/2218 2220/2220/2220 
f 2221/2221/2221 2222/2222/2222 2223/2223/2223 
f 2223/2223/2223 2222/2222/2222 2224/2224/2224 
f 2225/2225/2225 2226/2226/2226 2227/2227/2227 
f 2227/2227/2227 2226/2226/2226 2228/2228/2228 
f 2229/2229/2229 2230/2230/2230 2231/2231/2231 
f 2231/2231/2231 2230/2230/2230 2232/2232/2232 

g Part37

v -169.775 165.48 -175.275 
v -169.775 165.48 -163.275 
v -169.775 161.48 -175.275 
v -169.775 161.48 -163.275 
v -176.775 165.48 -163.275 
v -169.775 165.48 -163.275 
v -176.775 165.48 -175.275 
v -169.775 165.48 -175.275 
v -169.775 165.48 -163.275 
v -176.775 165.48 -163.275 
v -169.775 161.48 -163.275 
v -176.775 161.48 -163.275 
v -176.775 165.48 -163.275 
v -176.775 165.48 -175.275 
v -176.775 161.48 -163.275 
v -176.775 161.48 -175.275 
v -176.775 161.48 -175.275 
v -169.775 161.48 -175.275 
v -176.775 161.48 -163.275 
v -169.775 161.48 -163.275 
v -176.775 165.48 -175.275 
v -169.775 165.48 -175.275 
v -176.775 161.48 -175.275 
v -169.775 161.48 -175.275 

vn 1 0 0 
vn 1 0 0 
vn 1 0 0 
vn 1 0 0 
vn 0 1 0 
vn 0 1 0 
vn 0 1 0 
vn 0 1 0 
vn 0 0 1 
vn 0 0 1 
vn 0 0 1 
vn 0 0 1 
vn -1 0 0 
vn -1 0 0 
vn -1 0 0 
vn -1 0 0 
vn 0 -1 0 
vn 0 -1 0 
vn 0 -1 0 
vn 0 -1 0 
vn 0 0 -1 
vn 0 0 -1 
vn 0 0 -1 
vn 0 0 -1 

vt 2.88613 1.43902 
vt 1.38613 1.43902 
vt 2.88613 0.939015 
vt 1.38613 0.939015 
vt 2.26113 1.43902 
vt 1.38613 1.43902 
vt 2.26113 -0.0609848 
vt 1.38613 -0.0609848 
vt 2.26113 1.43902 
vt 1.38613 1.43902 
vt 2.26113 0.939015 
vt 1.38613 0.939015 
vt 2.88613 1.43902 
vt 1.38613 1.43902 
vt 2.88613 0.939015 
vt 1.38613 0.939015 
vt 2.26113 1.43902 
vt 1.38613 1.43902 
vt 2.26113 -0.0609848 
vt 1.38613 -0.0609848 
vt 2.26113 1.43902 
vt 1.38613 1.43902 
vt 2.26113 0.939015 
vt 1.38613 0.939015 

usemtl Grass1Mtl

f 2233/2233/2233 2234/2234/2234 2235/2235/2235 
f 2235/2235/2235 2234/2234/2234 2236/2236/2236 
f 2237/2237/2237 2238/2238/2238 2239/2239/2239 
f 2239/2239/2239 2238/2238/2238 2240/2240/2240 
f 2241/2241/2241 2242/2242/2242 2243/2243/2243 
f 2243/2243/2243 2242/2242/2242 2244/2244/2244 
f 2245/2245/2245 2246/2246/2246 2247/2247/2247 
f 2247/2247/2247 2246/2246/2246 2248/2248/2248 
f 2249/2249/2249 2250/2250/2250 2251/2251/2251 
f 2251/2251/2251 2250/2250/2250 2252/2252/2252 
f 2253/2253/2253 2254/2254/2254 2255/2255/2255 
f 2255/2255/2255 2254/2254/2254 2256/2256/2256 

g Part38

v -176.775 153.48 -182.275 
v -176.775 153.48 -186.275 
v -176.775 149.48 -182.275 
v -176.775 149.48 -186.275 
v -169.775 153.48 -186.275 
v -176.775 153.48 -186.275 
v -169.775 153.48 -182.275 
v -176.775 153.48 -182.275 
v -176.775 153.48 -186.275 
v -169.775 153.48 -186.275 
v -176.775 149.48 -186.275 
v -169.775 149.48 -186.275 
v -169.775 153.48 -186.275 
v -169.775 153.48 -182.275 
v -169.775 149.48 -186.275 
v -169.775 149.48 -182.275 
v -169.775 149.48 -182.275 
v -176.775 149.48 -182.275 
v -169.775 149.48 -186.275 
v -176.775 149.48 -186.275 
v -169.775 153.48 -182.275 
v -176.775 153.48 -182.275 
v -169.775 149.48 -182.275 
v -176.775 149.48 -182.275 

vn -1 0 0 
vn -1 0 0 
vn -1 0 0 
vn -1 0 0 
vn 0 1 0 
vn 0 1 0 
vn 0 1 0 
vn 0 1 0 
vn 0 0 -1 
vn 0 0 -1 
vn 0 0 -1 
vn 0 0 -1 
vn 1 0 0 
vn 1 0 0 
vn 1 0 0 
vn 1 0 0 
vn 0 -1 0 
vn 0 -1 0 
vn 0 -1 0 
vn 0 -1 0 
vn 0 0 1 
vn 0 0 1 
vn 0 0 1 
vn 0 0 1 

vt 0.251608 1.51483 
vt -0.248392 1.51483 
vt 0.251608 1.01483 
vt -0.248392 1.01483 
vt 0.626606 1.51483 
vt -0.248392 1.51483 
vt 0.626606 1.01483 
vt -0.248392 1.01483 
vt 0.626606 1.51483 
vt -0.248392 1.51483 
vt 0.626606 1.01483 
vt -0.248392 1.01483 
vt 0.251608 1.51483 
vt -0.248392 1.51483 
vt 0.251608 1.01483 
vt -0.248392 1.01483 
vt 0.626606 1.51483 
vt -0.248392 1.51483 
vt 0.626606 1.01483 
vt -0.248392 1.01483 
vt 0.626606 1.51483 
vt -0.248392 1.51483 
vt 0.626606 1.01483 
vt -0.248392 1.01483 

usemtl Grass1Mtl

f 2257/2257/2257 2258/2258/2258 2259/2259/2259 
f 2259/2259/2259 2258/2258/2258 2260/2260/2260 
f 2261/2261/2261 2262/2262/2262 2263/2263/2263 
f 2263/2263/2263 2262/2262/2262 2264/2264/2264 
f 2265/2265/2265 2266/2266/2266 2267/2267/2267 
f 2267/2267/2267 2266/2266/2266 2268/2268/2268 
f 2269/2269/2269 2270/2270/2270 2271/2271/2271 
f 2271/2271/2271 2270/2270/2270 2272/2272/2272 
f 2273/2273/2273 2274/2274/2274 2275/2275/2275 
f 2275/2275/2275 2274/2274/2274 2276/2276/2276 
f 2277/2277/2277 2278/2278/2278 2279/2279/2279 
f 2279/2279/2279 2278/2278/2278 2280/2280/2280 

g Part39

v -176.775 161.48 -175.275 
v -176.775 161.48 -179.275 
v -176.775 157.48 -175.275 
v -176.775 157.48 -179.275 
v -169.775 161.48 -179.275 
v -176.775 161.48 -179.275 
v -169.775 161.48 -175.275 
v -176.775 161.48 -175.275 
v -176.775 161.48 -179.275 
v -169.775 161.48 -179.275 
v -176.775 157.48 -179.275 
v -169.775 157.48 -179.275 
v -169.775 161.48 -179.275 
v -169.775 161.48 -175.275 
v -169.775 157.48 -179.275 
v -169.775 157.48 -175.275 
v -169.775 157.48 -175.275 
v -176.775 157.48 -175.275 
v -169.775 157.48 -179.275 
v -176.775 157.48 -179.275 
v -169.775 161.48 -175.275 
v -176.775 161.48 -175.275 
v -169.775 157.48 -175.275 
v -176.775 157.48 -175.275 

vn -1 0 0 
vn -1 0 0 
vn -1 0 0 
vn -1 0 0 
vn 0 1 0 
vn 0 1 0 
vn 0 1 0 
vn 0 1 0 
vn 0 0 -1 
vn 0 0 -1 
vn 0 0 -1 
vn 0 0 -1 
vn 1 0 0 
vn 1 0 0 
vn 1 0 0 
vn 1 0 0 
vn 0 -1 0 
vn 0 -1 0 
vn 0 -1 0 
vn 0 -1 0 
vn 0 0 1 
vn 0 0 1 
vn 0 0 1 
vn 0 0 1 

vt 0.951254 0.0960048 
vt 0.451254 0.0960048 
vt 0.951254 -0.403995 
vt 0.451254 -0.403995 
vt 1.32625 0.0960048 
vt 0.451254 0.0960048 
vt 1.32625 -0.403995 
vt 0.451254 -0.403995 
vt 1.32625 0.0960048 
vt 0.451254 0.0960048 
vt 1.32625 -0.403995 
vt 0.451254 -0.403995 
vt 0.951254 0.0960048 
vt 0.451254 0.0960048 
vt 0.951254 -0.403995 
vt 0.451254 -0.403995 
vt 1.32625 0.0960048 
vt 0.451254 0.0960048 
vt 1.32625 -0.403995 
vt 0.451254 -0.403995 
vt 1.32625 0.0960048 
vt 0.451254 0.0960048 
vt 1.32625 -0.403995 
vt 0.451254 -0.403995 

usemtl Grass1Mtl

f 2281/2281/2281 2282/2282/2282 2283/2283/2283 
f 2283/2283/2283 2282/2282/2282 2284/2284/2284 
f 2285/2285/2285 2286/2286/2286 2287/2287/2287 
f 2287/2287/2287 2286/2286/2286 2288/2288/2288 
f 2289/2289/2289 2290/2290/2290 2291/2291/2291 
f 2291/2291/2291 2290/2290/2290 2292/2292/2292 
f 2293/2293/2293 2294/2294/2294 2295/2295/2295 
f 2295/2295/2295 2294/2294/2294 2296/2296/2296 
f 2297/2297/2297 2298/2298/2298 2299/2299/2299 
f 2299/2299/2299 2298/2298/2298 2300/2300/2300 
f 2301/2301/2301 2302/2302/2302 2303/2303/2303 
f 2303/2303/2303 2302/2302/2302 2304/2304/2304 

g Part40

v -176.775 157.48 -179.275 
v -176.775 157.48 -183.275 
v -176.775 153.48 -179.275 
v -176.775 153.48 -183.275 
v -169.775 157.48 -183.275 
v -176.775 157.48 -183.275 
v -169.775 157.48 -179.275 
v -176.775 157.48 -179.275 
v -176.775 157.48 -183.275 
v -169.775 157.48 -183.275 
v -176.775 153.48 -183.275 
v -169.775 153.48 -183.275 
v -169.775 157.48 -183.275 
v -169.775 157.48 -179.275 
v -169.775 153.48 -183.275 
v -169.775 153.48 -179.275 
v -169.775 153.48 -179.275 
v -176.775 153.48 -179.275 
v -169.775 153.48 -183.275 
v -176.775 153.48 -183.275 
v -169.775 157.48 -179.275 
v -176.775 157.48 -179.275 
v -169.775 153.48 -179.275 
v -176.775 153.48 -179.275 

vn -1 0 0 
vn -1 0 0 
vn -1 0 0 
vn -1 0 0 
vn 0 1 0 
vn 0 1 0 
vn 0 1 0 
vn 0 1 0 
vn 0 0 -1 
vn 0 0 -1 
vn 0 0 -1 
vn 0 0 -1 
vn 1 0 0 
vn 1 0 0 
vn 1 0 0 
vn 1 0 0 
vn 0 -1 0 
vn 0 -1 0 
vn 0 -1 0 
vn 0 -1 0 
vn 0 0 1 
vn 0 0 1 
vn 0 0 1 
vn 0 0 1 

vt 0.939822 1.20295 
vt 0.439822 1.20295 
vt 0.939822 0.702954 
vt 0.439822 0.702954 
vt 1.31482 1.20295 
vt 0.439822 1.20295 
vt 1.31482 0.702954 
vt 0.439822 0.702954 
vt 1.31482 1.20295 
vt 0.439822 1.20295 
vt 1.31482 0.702954 
vt 0.439822 0.702954 
vt 0.939822 1.20295 
vt 0.439822 1.20295 
vt 0.939822 0.702954 
vt 0.439822 0.702954 
vt 1.31482 1.20295 
vt 0.439822 1.20295 
vt 1.31482 0.702954 
vt 0.439822 0.702954 
vt 1.31482 1.20295 
vt 0.439822 1.20295 
vt 1.31482 0.702954 
vt 0.439822 0.702954 

usemtl Grass1Mtl

f 2305/2305/2305 2306/2306/2306 2307/2307/2307 
f 2307/2307/2307 2306/2306/2306 2308/2308/2308 
f 2309/2309/2309 2310/2310/2310 2311/2311/2311 
f 2311/2311/2311 2310/2310/2310 2312/2312/2312 
f 2313/2313/2313 2314/2314/2314 2315/2315/2315 
f 2315/2315/2315 2314/2314/2314 2316/2316/2316 
f 2317/2317/2317 2318/2318/2318 2319/2319/2319 
f 2319/2319/2319 2318/2318/2318 2320/2320/2320 
f 2321/2321/2321 2322/2322/2322 2323/2323/2323 
f 2323/2323/2323 2322/2322/2322 2324/2324/2324 
f 2325/2325/2325 2326/2326/2326 2327/2327/2327 
f 2327/2327/2327 2326/2326/2326 2328/2328/2328 

g Part41

v -169.775 153.48 -156.275 
v -169.775 153.48 -152.275 
v -169.775 149.48 -156.275 
v -169.775 149.48 -152.275 
v -176.775 153.48 -152.275 
v -169.775 153.48 -152.275 
v -176.775 153.48 -156.275 
v -169.775 153.48 -156.275 
v -169.775 153.48 -152.275 
v -176.775 153.48 -152.275 
v -169.775 149.48 -152.275 
v -176.775 149.48 -152.275 
v -176.775 153.48 -152.275 
v -176.775 153.48 -156.275 
v -176.775 149.48 -152.275 
v -176.775 149.48 -156.275 
v -176.775 149.48 -156.275 
v -169.775 149.48 -156.275 
v -176.775 149.48 -152.275 
v -169.775 149.48 -152.275 
v -176.775 153.48 -156.275 
v -169.775 153.48 -156.275 
v -176.775 149.48 -156.275 
v -169.775 149.48 -156.275 

vn 1 0 0 
vn 1 0 0 
vn 1 0 0 
vn 1 0 0 
vn 0 1 0 
vn 0 1 0 
vn 0 1 0 
vn 0 1 0 
vn 0 0 1 
vn 0 0 1 
vn 0 0 1 
vn 0 0 1 
vn -1 0 0 
vn -1 0 0 
vn -1 0 0 
vn -1 0 0 
vn 0 -1 0 
vn 0 -1 0 
vn 0 -1 0 
vn 0 -1 0 
vn 0 0 -1 
vn 0 0 -1 
vn 0 0 -1 
vn 0 0 -1 

vt -0.0482288 0.13539 
vt -0.548229 0.13539 
vt -0.0482288 -0.36461 
vt -0.548229 -0.36461 
vt 0.326769 0.13539 
vt -0.548229 0.13539 
vt 0.326769 -0.36461 
vt -0.548229 -0.36461 
vt 0.326769 0.13539 
vt -0.548229 0.13539 
vt 0.326769 -0.36461 
vt -0.548229 -0.36461 
vt -0.0482288 0.13539 
vt -0.548229 0.13539 
vt -0.0482288 -0.36461 
vt -0.548229 -0.36461 
vt 0.326769 0.13539 
vt -0.548229 0.13539 
vt 0.326769 -0.36461 
vt -0.548229 -0.36461 
vt 0.326769 0.13539 
vt -0.548229 0.13539 
vt 0.326769 -0.36461 
vt -0.548229 -0.36461 

usemtl Grass1Mtl

f 2329/2329/2329 2330/2330/2330 2331/2331/2331 
f 2331/2331/2331 2330/2330/2330 2332/2332/2332 
f 2333/2333/2333 2334/2334/2334 2335/2335/2335 
f 2335/2335/2335 2334/2334/2334 2336/2336/2336 
f 2337/2337/2337 2338/2338/2338 2339/2339/2339 
f 2339/2339/2339 2338/2338/2338 2340/2340/2340 
f 2341/2341/2341 2342/2342/2342 2343/2343/2343 
f 2343/2343/2343 2342/2342/2342 2344/2344/2344 
f 2345/2345/2345 2346/2346/2346 2347/2347/2347 
f 2347/2347/2347 2346/2346/2346 2348/2348/2348 
f 2349/2349/2349 2350/2350/2350 2351/2351/2351 
f 2351/2351/2351 2350/2350/2350 2352/2352/2352 

g Part42

v -169.775 149.48 -189.275 
v -169.775 149.48 -184.275 
v -169.775 143.48 -189.275 
v -169.775 143.48 -184.275 
v -176.775 149.48 -184.275 
v -169.775 149.48 -184.275 
v -176.775 149.48 -189.275 
v -169.775 149.48 -189.275 
v -169.775 149.48 -184.275 
v -176.775 149.48 -184.275 
v -169.775 143.48 -184.275 
v -176.775 143.48 -184.275 
v -176.775 149.48 -184.275 
v -176.775 149.48 -189.275 
v -176.775 143.48 -184.275 
v -176.775 143.48 -189.275 
v -176.775 143.48 -189.275 
v -169.775 143.48 -189.275 
v -176.775 143.48 -184.275 
v -169.775 143.48 -184.275 
v -176.775 149.48 -189.275 
v -169.775 149.48 -189.275 
v -176.775 143.48 -189.275 
v -169.775 143.48 -189.275 

vn 1 0 0 
vn 1 0 0 
vn 1 0 0 
vn 1 0 0 
vn 0 1 0 
vn 0 1 0 
vn 0 1 0 
vn 0 1 0 
vn 0 0 1 
vn 0 0 1 
vn 0 0 1 
vn 0 0 1 
vn -1 0 0 
vn -1 0 0 
vn -1 0 0 
vn -1 0 0 
vn 0 -1 0 
vn 0 -1 0 
vn 0 -1 0 
vn 0 -1 0 
vn 0 0 -1 
vn 0 0 -1 
vn 0 0 -1 
vn 0 0 -1 

vt 0.780727 0.885201 
vt 0.155727 0.885201 
vt 0.780727 0.135201 
vt 0.155727 0.135201 
vt 1.03073 0.885201 
vt 0.155727 0.885201 
vt 1.03073 0.260201 
vt 0.155727 0.260201 
vt 1.03073 0.885201 
vt 0.155727 0.885201 
vt 1.03073 0.135201 
vt 0.155727 0.135201 
vt 0.780727 0.885201 
vt 0.155727 0.885201 
vt 0.780727 0.135201 
vt 0.155727 0.135201 
vt 1.03073 0.885201 
vt 0.155727 0.885201 
vt 1.03073 0.260201 
vt 0.155727 0.260201 
vt 1.03073 0.885201 
vt 0.155727 0.885201 
vt 1.03073 0.135201 
vt 0.155727 0.135201 

usemtl Grass1Mtl

f 2353/2353/2353 2354/2354/2354 2355/2355/2355 
f 2355/2355/2355 2354/2354/2354 2356/2356/2356 
f 2357/2357/2357 2358/2358/2358 2359/2359/2359 
f 2359/2359/2359 2358/2358/2358 2360/2360/2360 
f 2361/2361/2361 2362/2362/2362 2363/2363/2363 
f 2363/2363/2363 2362/2362/2362 2364/2364/2364 
f 2365/2365/2365 2366/2366/2366 2367/2367/2367 
f 2367/2367/2367 2366/2366/2366 2368/2368/2368 
f 2369/2369/2369 2370/2370/2370 2371/2371/2371 
f 2371/2371/2371 2370/2370/2370 2372/2372/2372 
f 2373/2373/2373 2374/2374/2374 2375/2375/2375 
f 2375/2375/2375 2374/2374/2374 2376/2376/2376 

g Part43

v -206.775 170.48 -217.275 
v -174.775 170.48 -217.275 
v -206.775 143.48 -217.275 
v -174.775 143.48 -217.275 
v -174.775 170.48 -216.275 
v -174.775 170.48 -217.275 
v -206.775 170.48 -216.275 
v -206.775 170.48 -217.275 
v -174.775 170.48 -217.275 
v -174.775 170.48 -216.275 
v -174.775 143.48 -217.275 
v -174.775 143.48 -216.275 
v -174.775 170.48 -216.275 
v -206.775 170.48 -216.275 
v -174.775 143.48 -216.275 
v -206.775 143.48 -216.275 
v -206.775 143.48 -216.275 
v -206.775 143.48 -217.275 
v -174.775 143.48 -216.275 
v -174.775 143.48 -217.275 
v -206.775 170.48 -216.275 
v -206.775 170.48 -217.275 
v -206.775 143.48 -216.275 
v -206.775 143.48 -217.275 

vn 0 0 -1 
vn 0 0 -1 
vn 0 0 -1 
vn 0 0 -1 
vn 0 1 0 
vn 0 1 0 
vn 0 1 0 
vn 0 1 0 
vn 1 0 0 
vn 1 0 0 
vn 1 0 0 
vn 1 0 0 
vn 0 0 1 
vn 0 0 1 
vn 0 0 1 
vn 0 0 1 
vn 0 -1 0 
vn 0 -1 0 
vn 0 -1 0 
vn 0 -1 0 
vn -1 0 0 
vn -1 0 0 
vn -1 0 0 
vn -1 0 0 

vt 6.23178 0.617335 
vt 2.23178 0.617335 
vt 6.23178 -2.75766 
vt 2.23178 -2.75766 
vt 2.35678 0.617335 
vt 2.23178 0.617335 
vt 2.35678 -3.38266 
vt 2.23178 -3.38266 
vt 2.35678 0.617335 
vt 2.23178 0.617335 
vt 2.35678 -2.75766 
vt 2.23178 -2.75766 
vt 6.23178 0.617335 
vt 2.23178 0.617335 
vt 6.23178 -2.75766 
vt 2.23178 -2.75766 
vt 2.35678 0.617335 
vt 2.23178 0.617335 
vt 2.35678 -3.38266 
vt 2.23178 -3.38266 
vt 2.35678 0.617335 
vt 2.23178 0.617335 
vt 2.35678 -2.75766 
vt 2.23178 -2.75766 

usemtl Grass1Mtl

f 2377/2377/2377 2378/2378/2378 2379/2379/2379 
f 2379/2379/2379 2378/2378/2378 2380/2380/2380 
f 2381/2381/2381 2382/2382/2382 2383/2383/2383 
f 2383/2383/2383 2382/2382/2382 2384/2384/2384 
f 2385/2385/2385 2386/2386/2386 2387/2387/2387 
f 2387/2387/2387 2386/2386/2386 2388/2388/2388 
f 2389/2389/2389 2390/2390/2390 2391/2391/2391 
f 2391/2391/2391 2390/2390/2390 2392/2392/2392 
f 2393/2393/2393 2394/2394/2394 2395/2395/2395 
f 2395/2395/2395 2394/2394/2394 2396/2396/2396 
f 2397/2397/2397 2398/2398/2398 2399/2399/2399 
f 2399/2399/2399 2398/2398/2398 2400/2400/2400 

g Part44

v -215.775 170.48 -179.275 
v -215.775 170.48 -180.275 
v -215.775 143.48 -179.275 
v -215.775 143.48 -180.275 
v -201.775 170.48 -180.275 
v -215.775 170.48 -180.275 
v -201.775 170.48 -179.275 
v -215.775 170.48 -179.275 
v -215.775 170.48 -180.275 
v -201.775 170.48 -180.275 
v -215.775 143.48 -180.275 
v -201.775 143.48 -180.275 
v -201.775 170.48 -180.275 
v -201.775 170.48 -179.275 
v -201.775 143.48 -180.275 
v -201.775 143.48 -179.275 
v -201.775 143.48 -179.275 
v -215.775 143.48 -179.275 
v -201.775 143.48 -180.275 
v -215.775 143.48 -180.275 
v -201.775 170.48 -179.275 
v -215.775 170.48 -179.275 
v -201.775 143.48 -179.275 
v -215.775 143.48 -179.275 

vn -1 0 0 
vn -1 0 0 
vn -1 0 0 
vn -1 0 0 
vn 0 1 0 
vn 0 1 0 
vn 0 1 0 
vn 0 1 0 
vn 0 0 -1 
vn 0 0 -1 
vn 0 0 -1 
vn 0 0 -1 
vn 1 0 0 
vn 1 0 0 
vn 1 0 0 
vn 1 0 0 
vn 0 -1 0 
vn 0 -1 0 
vn 0 -1 0 
vn 0 -1 0 
vn 0 0 1 
vn 0 0 1 
vn 0 0 1 
vn 0 0 1 

vt 2.54591 1.80168 
vt 2.42091 1.80168 
vt 2.54591 -1.57332 
vt 2.42091 -1.57332 
vt 4.17091 1.80168 
vt 2.42091 1.80168 
vt 4.17091 1.67668 
vt 2.42091 1.67668 
vt 4.17091 1.80168 
vt 2.42091 1.80168 
vt 4.17091 -1.57332 
vt 2.42091 -1.57332 
vt 2.54591 1.80168 
vt 2.42091 1.80168 
vt 2.54591 -1.57332 
vt 2.42091 -1.57332 
vt 4.17091 1.80168 
vt 2.42091 1.80168 
vt 4.17091 1.67668 
vt 2.42091 1.67668 
vt 4.17091 1.80168 
vt 2.42091 1.80168 
vt 4.17091 -1.57332 
vt 2.42091 -1.57332 

usemtl Grass1Mtl

f 2401/2401/2401 2402/2402/2402 2403/2403/2403 
f 2403/2403/2403 2402/2402/2402 2404/2404/2404 
f 2405/2405/2405 2406/2406/2406 2407/2407/2407 
f 2407/2407/2407 2406/2406/2406 2408/2408/2408 
f 2409/2409/2409 2410/2410/2410 2411/2411/2411 
f 2411/2411/2411 2410/2410/2410 2412/2412/2412 
f 2413/2413/2413 2414/2414/2414 2415/2415/2415 
f 2415/2415/2415 2414/2414/2414 2416/2416/2416 
f 2417/2417/2417 2418/2418/2418 2419/2419/2419 
f 2419/2419/2419 2418/2418/2418 2420/2420/2420 
f 2421/2421/2421 2422/2422/2422 2423/2423/2423 
f 2423/2423/2423 2422/2422/2422 2424/2424/2424 

g Part45

v -201.775 170.48 -179.275 
v -201.775 170.48 -206.275 
v -201.775 143.48 -179.275 
v -201.775 143.48 -206.275 
v -200.775 170.48 -206.275 
v -201.775 170.48 -206.275 
v -200.775 170.48 -179.275 
v -201.775 170.48 -179.275 
v -201.775 170.48 -206.275 
v -200.775 170.48 -206.275 
v -201.775 143.48 -206.275 
v -200.775 143.48 -206.275 
v -200.775 170.48 -206.275 
v -200.775 170.48 -179.275 
v -200.775 143.48 -206.275 
v -200.775 143.48 -179.275 
v -200.775 143.48 -179.275 
v -201.775 143.48 -179.275 
v -200.775 143.48 -206.275 
v -201.775 143.48 -206.275 
v -200.775 170.48 -179.275 
v -201.775 170.48 -179.275 
v -200.775 143.48 -179.275 
v -201.775 143.48 -179.275 

vn -1 0 0 
vn -1 0 0 
vn -1 0 0 
vn -1 0 0 
vn 0 1 0 
vn 0 1 0 
vn 0 1 0 
vn 0 1 0 
vn 0 0 -1 
vn 0 0 -1 
vn 0 0 -1 
vn 0 0 -1 
vn 1 0 0 
vn 1 0 0 
vn 1 0 0 
vn 1 0 0 
vn 0 -1 0 
vn 0 -1 0 
vn 0 -1 0 
vn 0 -1 0 
vn 0 0 1 
vn 0 0 1 
vn 0 0 1 
vn 0 0 1 

vt 2.44847 -1.44005 
vt -0.92653 -1.44005 
vt 2.44847 -4.81505 
vt -0.92653 -4.81505 
vt -0.80153 -1.44005 
vt -0.92653 -1.44005 
vt -0.80153 -4.81505 
vt -0.92653 -4.81505 
vt -0.80153 -1.44005 
vt -0.92653 -1.44005 
vt -0.80153 -4.81505 
vt -0.92653 -4.81505 
vt 2.44847 -1.44005 
vt -0.92653 -1.44005 
vt 2.44847 -4.81505 
vt -0.92653 -4.81505 
vt -0.80153 -1.44005 
vt -0.92653 -1.44005 
vt -0.80153 -4.81505 
vt -0.92653 -4.81505 
vt -0.80153 -1.44005 
vt -0.92653 -1.44005 
vt -0.80153 -4.81505 
vt -0.92653 -4.81505 

usemtl Grass1Mtl

f 2425/2425/2425 2426/2426/2426 2427/2427/2427 
f 2427/2427/2427 2426/2426/2426 2428/2428/2428 
f 2429/2429/2429 2430/2430/2430 2431/2431/2431 
f 2431/2431/2431 2430/2430/2430 2432/2432/2432 
f 2433/2433/2433 2434/2434/2434 2435/2435/2435 
f 2435/2435/2435 2434/2434/2434 2436/2436/2436 
f 2437/2437/2437 2438/2438/2438 2439/2439/2439 
f 2439/2439/2439 2438/2438/2438 2440/2440/2440 
f 2441/2441/2441 2442/2442/2442 2443/2443/2443 
f 2443/2443/2443 2442/2442/2442 2444/2444/2444 
f 2445/2445/2445 2446/2446/2446 2447/2447/2447 
f 2447/2447/2447 2446/2446/2446 2448/2448/2448 

g Part46

v -173.775 170.48 -250.275 
v -173.775 170.48 -184.275 
v -173.775 143.48 -250.275 
v -173.775 143.48 -184.275 
v -174.775 170.48 -184.275 
v -173.775 170.48 -184.275 
v -174.775 170.48 -250.275 
v -173.775 170.48 -250.275 
v -173.775 170.48 -184.275 
v -174.775 170.48 -184.275 
v -173.775 143.48 -184.275 
v -174.775 143.48 -184.275 
v -174.775 170.48 -184.275 
v -174.775 170.48 -250.275 
v -174.775 143.48 -184.275 
v -174.775 143.48 -250.275 
v -174.775 143.48 -250.275 
v -173.775 143.48 -250.275 
v -174.775 143.48 -184.275 
v -173.775 143.48 -184.275 
v -174.775 170.48 -250.275 
v -173.775 170.48 -250.275 
v -174.775 143.48 -250.275 
v -173.775 143.48 -250.275 

vn 1 0 0 
vn 1 0 0 
vn 1 0 0 
vn 1 0 0 
vn 0 1 0 
vn 0 1 0 
vn 0 1 0 
vn 0 1 0 
vn 0 0 1 
vn 0 0 1 
vn 0 0 1 
vn 0 0 1 
vn -1 0 0 
vn -1 0 0 
vn -1 0 0 
vn -1 0 0 
vn 0 -1 0 
vn 0 -1 0 
vn 0 -1 0 
vn 0 -1 0 
vn 0 0 -1 
vn 0 0 -1 
vn 0 0 -1 
vn 0 0 -1 

vt 4.88375 -3.08953 
vt -3.36625 -3.08953 
vt 4.88375 -6.46453 
vt -3.36625 -6.46453 
vt -3.24125 -3.08953 
vt -3.36625 -3.08953 
vt -3.24125 -11.3395 
vt -3.36625 -11.3395 
vt -3.24125 -3.08953 
vt -3.36625 -3.08953 
vt -3.24125 -6.46453 
vt -3.36625 -6.46453 
vt 4.88375 -3.08953 
vt -3.36625 -3.08953 
vt 4.88375 -6.46453 
vt -3.36625 -6.46453 
vt -3.24125 -3.08953 
vt -3.36625 -3.08953 
vt -3.24125 -11.3395 
vt -3.36625 -11.3395 
vt -3.24125 -3.08953 
vt -3.36625 -3.08953 
vt -3.24125 -6.46453 
vt -3.36625 -6.46453 

usemtl Grass1Mtl

f 2449/2449/2449 2450/2450/2450 2451/2451/2451 
f 2451/2451/2451 2450/2450/2450 2452/2452/2452 
f 2453/2453/2453 2454/2454/2454 2455/2455/2455 
f 2455/2455/2455 2454/2454/2454 2456/2456/2456 
f 2457/2457/2457 2458/2458/2458 2459/2459/2459 
f 2459/2459/2459 2458/2458/2458 2460/2460/2460 
f 2461/2461/2461 2462/2462/2462 2463/2463/2463 
f 2463/2463/2463 2462/2462/2462 2464/2464/2464 
f 2465/2465/2465 2466/2466/2466 2467/2467/2467 
f 2467/2467/2467 2466/2466/2466 2468/2468/2468 
f 2469/2469/2469 2470/2470/2470 2471/2471/2471 
f 2471/2471/2471 2470/2470/2470 2472/2472/2472 

g Grass14

v -170.775 143.48 -188.275 
v -170.775 143.48 -150.275 
v -170.775 140.48 -188.275 
v -170.775 140.48 -150.275 
v -274.775 143.48 -150.275 
v -170.775 143.48 -150.275 
v -274.775 143.48 -188.275 
v -170.775 143.48 -188.275 
v -170.775 143.48 -150.275 
v -274.775 143.48 -150.275 
v -170.775 140.48 -150.275 
v -274.775 140.48 -150.275 
v -274.775 143.48 -150.275 
v -274.775 143.48 -188.275 
v -274.775 140.48 -150.275 
v -274.775 140.48 -188.275 
v -274.775 140.48 -188.275 
v -170.775 140.48 -188.275 
v -274.775 140.48 -150.275 
v -170.775 140.48 -150.275 
v -274.775 143.48 -188.275 
v -170.775 143.48 -188.275 
v -274.775 140.48 -188.275 
v -170.775 140.48 -188.275 

vn 1 0 0 
vn 1 0 0 
vn 1 0 0 
vn 1 0 0 
vn 0 1 0 
vn 0 1 0 
vn 0 1 0 
vn 0 1 0 
vn 0 0 1 
vn 0 0 1 
vn 0 0 1 
vn 0 0 1 
vn -1 0 0 
vn -1 0 0 
vn -1 0 0 
vn -1 0 0 
vn 0 -1 0 
vn 0 -1 0 
vn 0 -1 0 
vn 0 -1 0 
vn 0 0 -1 
vn 0 0 -1 
vn 0 0 -1 
vn 0 0 -1 

vt -0.549551 2.30533 
vt -5.29955 2.30533 
vt -0.549551 1.93033 
vt -5.29955 1.93033 
vt 7.70045 2.30533 
vt -5.29955 2.30533 
vt 7.70045 -2.44467 
vt -5.29955 -2.44467 
vt 7.70045 2.30533 
vt -5.29955 2.30533 
vt 7.70045 1.93033 
vt -5.29955 1.93033 
vt -0.549551 2.30533 
vt -5.29955 2.30533 
vt -0.549551 1.93033 
vt -5.29955 1.93033 
vt 7.70045 2.30533 
vt -5.29955 2.30533 
vt 7.70045 -2.44467 
vt -5.29955 -2.44467 
vt 7.70045 2.30533 
vt -5.29955 2.30533 
vt 7.70045 1.93033 
vt -5.29955 1.93033 

usemtl Grass1Mtl

f 2473/2473/2473 2474/2474/2474 2475/2475/2475 
f 2475/2475/2475 2474/2474/2474 2476/2476/2476 
f 2477/2477/2477 2478/2478/2478 2479/2479/2479 
f 2479/2479/2479 2478/2478/2478 2480/2480/2480 
f 2481/2481/2481 2482/2482/2482 2483/2483/2483 
f 2483/2483/2483 2482/2482/2482 2484/2484/2484 
f 2485/2485/2485 2486/2486/2486 2487/2487/2487 
f 2487/2487/2487 2486/2486/2486 2488/2488/2488 
f 2489/2489/2489 2490/2490/2490 2491/2491/2491 
f 2491/2491/2491 2490/2490/2490 2492/2492/2492 
f 2493/2493/2493 2494/2494/2494 2495/2495/2495 
f 2495/2495/2495 2494/2494/2494 2496/2496/2496 

g Part47

v -259.775 170.48 -163.275 
v -215.775 170.48 -163.275 
v -259.775 143.48 -163.275 
v -215.775 143.48 -163.275 
v -215.775 170.48 -162.275 
v -215.775 170.48 -163.275 
v -259.775 170.48 -162.275 
v -259.775 170.48 -163.275 
v -215.775 170.48 -163.275 
v -215.775 170.48 -162.275 
v -215.775 143.48 -163.275 
v -215.775 143.48 -162.275 
v -215.775 170.48 -162.275 
v -259.775 170.48 -162.275 
v -215.775 143.48 -162.275 
v -259.775 143.48 -162.275 
v -259.775 143.48 -162.275 
v -259.775 143.48 -163.275 
v -215.775 143.48 -162.275 
v -215.775 143.48 -163.275 
v -259.775 170.48 -162.275 
v -259.775 170.48 -163.275 
v -259.775 143.48 -162.275 
v -259.775 143.48 -163.275 

vn 0 0 -1 
vn 0 0 -1 
vn 0 0 -1 
vn 0 0 -1 
vn 0 1 0 
vn 0 1 0 
vn 0 1 0 
vn 0 1 0 
vn 1 0 0 
vn 1 0 0 
vn 1 0 0 
vn 1 0 0 
vn 0 0 1 
vn 0 0 1 
vn 0 0 1 
vn 0 0 1 
vn 0 -1 0 
vn 0 -1 0 
vn 0 -1 0 
vn 0 -1 0 
vn -1 0 0 
vn -1 0 0 
vn -1 0 0 
vn -1 0 0 

vt 4.52582 0.761635 
vt -0.974178 0.761635 
vt 4.52582 -2.61337 
vt -0.974178 -2.61337 
vt -0.849178 0.761635 
vt -0.974178 0.761635 
vt -0.849178 -4.73836 
vt -0.974178 -4.73836 
vt -0.849178 0.761635 
vt -0.974178 0.761635 
vt -0.849178 -2.61337 
vt -0.974178 -2.61337 
vt 4.52582 0.761635 
vt -0.974178 0.761635 
vt 4.52582 -2.61337 
vt -0.974178 -2.61337 
vt -0.849178 0.761635 
vt -0.974178 0.761635 
vt -0.849178 -4.73836 
vt -0.974178 -4.73836 
vt -0.849178 0.761635 
vt -0.974178 0.761635 
vt -0.849178 -2.61337 
vt -0.974178 -2.61337 

usemtl Grass1Mtl

f 2497/2497/2497 2498/2498/2498 2499/2499/2499 
f 2499/2499/2499 2498/2498/2498 2500/2500/2500 
f 2501/2501/2501 2502/2502/2502 2503/2503/2503 
f 2503/2503/2503 2502/2502/2502 2504/2504/2504 
f 2505/2505/2505 2506/2506/2506 2507/2507/2507 
f 2507/2507/2507 2506/2506/2506 2508/2508/2508 
f 2509/2509/2509 2510/2510/2510 2511/2511/2511 
f 2511/2511/2511 2510/2510/2510 2512/2512/2512 
f 2513/2513/2513 2514/2514/2514 2515/2515/2515 
f 2515/2515/2515 2514/2514/2514 2516/2516/2516 
f 2517/2517/2517 2518/2518/2518 2519/2519/2519 
f 2519/2519/2519 2518/2518/2518 2520/2520/2520 

g Grass15

v -173.775 171.48 -250.275 
v -173.775 171.48 -150.275 
v -173.775 170.48 -250.275 
v -173.775 170.48 -150.275 
v -274.775 171.48 -150.275 
v -173.775 171.48 -150.275 
v -274.775 171.48 -250.275 
v -173.775 171.48 -250.275 
v -173.775 171.48 -150.275 
v -274.775 171.48 -150.275 
v -173.775 170.48 -150.275 
v -274.775 170.48 -150.275 
v -274.775 171.48 -150.275 
v -274.775 171.48 -250.275 
v -274.775 170.48 -150.275 
v -274.775 170.48 -250.275 
v -274.775 170.48 -250.275 
v -173.775 170.48 -250.275 
v -274.775 170.48 -150.275 
v -173.775 170.48 -150.275 
v -274.775 171.48 -250.275 
v -173.775 171.48 -250.275 
v -274.775 170.48 -250.275 
v -173.775 170.48 -250.275 

vn 1 0 0 
vn 1 0 0 
vn 1 0 0 
vn 1 0 0 
vn 0 1 0 
vn 0 1 0 
vn 0 1 0 
vn 0 1 0 
vn 0 0 1 
vn 0 0 1 
vn 0 0 1 
vn 0 0 1 
vn -1 0 0 
vn -1 0 0 
vn -1 0 0 
vn -1 0 0 
vn 0 -1 0 
vn 0 -1 0 
vn 0 -1 0 
vn 0 -1 0 
vn 0 0 -1 
vn 0 0 -1 
vn 0 0 -1 
vn 0 0 -1 

vt 17.0518 12.3991 
vt 4.55179 12.3991 
vt 17.0518 12.2741 
vt 4.55179 12.2741 
vt 17.1768 12.3991 
vt 4.55179 12.3991 
vt 17.1768 -0.100887 
vt 4.55179 -0.100887 
vt 17.1768 12.3991 
vt 4.55179 12.3991 
vt 17.1768 12.2741 
vt 4.55179 12.2741 
vt 17.0518 12.3991 
vt 4.55179 12.3991 
vt 17.0518 12.2741 
vt 4.55179 12.2741 
vt 17.1768 12.3991 
vt 4.55179 12.3991 
vt 17.1768 -0.100887 
vt 4.55179 -0.100887 
vt 17.1768 12.3991 
vt 4.55179 12.3991 
vt 17.1768 12.2741 
vt 4.55179 12.2741 

usemtl Grass1Mtl

f 2521/2521/2521 2522/2522/2522 2523/2523/2523 
f 2523/2523/2523 2522/2522/2522 2524/2524/2524 
f 2525/2525/2525 2526/2526/2526 2527/2527/2527 
f 2527/2527/2527 2526/2526/2526 2528/2528/2528 
f 2529/2529/2529 2530/2530/2530 2531/2531/2531 
f 2531/2531/2531 2530/2530/2530 2532/2532/2532 
f 2533/2533/2533 2534/2534/2534 2535/2535/2535 
f 2535/2535/2535 2534/2534/2534 2536/2536/2536 
f 2537/2537/2537 2538/2538/2538 2539/2539/2539 
f 2539/2539/2539 2538/2538/2538 2540/2540/2540 
f 2541/2541/2541 2542/2542/2542 2543/2543/2543 
f 2543/2543/2543 2542/2542/2542 2544/2544/2544 

g Part48

v -209.775 170.48 -228.275 
v -209.775 170.48 -238.275 
v -209.775 143.48 -228.275 
v -209.775 143.48 -238.275 
v -208.775 170.48 -238.275 
v -209.775 170.48 -238.275 
v -208.775 170.48 -228.275 
v -209.775 170.48 -228.275 
v -209.775 170.48 -238.275 
v -208.775 170.48 -238.275 
v -209.775 143.48 -238.275 
v -208.775 143.48 -238.275 
v -208.775 170.48 -238.275 
v -208.775 170.48 -228.275 
v -208.775 143.48 -238.275 
v -208.775 143.48 -228.275 
v -208.775 143.48 -228.275 
v -209.775 143.48 -228.275 
v -208.775 143.48 -238.275 
v -209.775 143.48 -238.275 
v -208.775 170.48 -228.275 
v -209.775 170.48 -228.275 
v -208.775 143.48 -228.275 
v -209.775 143.48 -228.275 

vn -1 0 0 
vn -1 0 0 
vn -1 0 0 
vn -1 0 0 
vn 0 1 0 
vn 0 1 0 
vn 0 1 0 
vn 0 1 0 
vn 0 0 -1 
vn 0 0 -1 
vn 0 0 -1 
vn 0 0 -1 
vn 1 0 0 
vn 1 0 0 
vn 1 0 0 
vn 1 0 0 
vn 0 -1 0 
vn 0 -1 0 
vn 0 -1 0 
vn 0 -1 0 
vn 0 0 1 
vn 0 0 1 
vn 0 0 1 
vn 0 0 1 

vt 2.80478 0.292488 
vt 1.55478 0.292488 
vt 2.80478 -3.08251 
vt 1.55478 -3.08251 
vt 1.67978 0.292488 
vt 1.55478 0.292488 
vt 1.67978 -0.957512 
vt 1.55478 -0.957512 
vt 1.67978 0.292488 
vt 1.55478 0.292488 
vt 1.67978 -3.08251 
vt 1.55478 -3.08251 
vt 2.80478 0.292488 
vt 1.55478 0.292488 
vt 2.80478 -3.08251 
vt 1.55478 -3.08251 
vt 1.67978 0.292488 
vt 1.55478 0.292488 
vt 1.67978 -0.957512 
vt 1.55478 -0.957512 
vt 1.67978 0.292488 
vt 1.55478 0.292488 
vt 1.67978 -3.08251 
vt 1.55478 -3.08251 

usemtl Grass1Mtl

f 2545/2545/2545 2546/2546/2546 2547/2547/2547 
f 2547/2547/2547 2546/2546/2546 2548/2548/2548 
f 2549/2549/2549 2550/2550/2550 2551/2551/2551 
f 2551/2551/2551 2550/2550/2550 2552/2552/2552 
f 2553/2553/2553 2554/2554/2554 2555/2555/2555 
f 2555/2555/2555 2554/2554/2554 2556/2556/2556 
f 2557/2557/2557 2558/2558/2558 2559/2559/2559 
f 2559/2559/2559 2558/2558/2558 2560/2560/2560 
f 2561/2561/2561 2562/2562/2562 2563/2563/2563 
f 2563/2563/2563 2562/2562/2562 2564/2564/2564 
f 2565/2565/2565 2566/2566/2566 2567/2567/2567 
f 2567/2567/2567 2566/2566/2566 2568/2568/2568 

g Part49

v -252.775 170.48 -228.275 
v -198.775 170.48 -228.275 
v -252.775 143.48 -228.275 
v -198.775 143.48 -228.275 
v -198.775 170.48 -227.275 
v -198.775 170.48 -228.275 
v -252.775 170.48 -227.275 
v -252.775 170.48 -228.275 
v -198.775 170.48 -228.275 
v -198.775 170.48 -227.275 
v -198.775 143.48 -228.275 
v -198.775 143.48 -227.275 
v -198.775 170.48 -227.275 
v -252.775 170.48 -227.275 
v -198.775 143.48 -227.275 
v -252.775 143.48 -227.275 
v -252.775 143.48 -227.275 
v -252.775 143.48 -228.275 
v -198.775 143.48 -227.275 
v -198.775 143.48 -228.275 
v -252.775 170.48 -227.275 
v -252.775 170.48 -228.275 
v -252.775 143.48 -227.275 
v -252.775 143.48 -228.275 

vn 0 0 -1 
vn 0 0 -1 
vn 0 0 -1 
vn 0 0 -1 
vn 0 1 0 
vn 0 1 0 
vn 0 1 0 
vn 0 1 0 
vn 1 0 0 
vn 1 0 0 
vn 1 0 0 
vn 1 0 0 
vn 0 0 1 
vn 0 0 1 
vn 0 0 1 
vn 0 0 1 
vn 0 -1 0 
vn 0 -1 0 
vn 0 -1 0 
vn 0 -1 0 
vn -1 0 0 
vn -1 0 0 
vn -1 0 0 
vn -1 0 0 

vt 9.74806 5.41287 
vt 2.99806 5.41287 
vt 9.74806 2.03787 
vt 2.99806 2.03787 
vt 3.12306 5.41287 
vt 2.99806 5.41287 
vt 3.12306 -1.33713 
vt 2.99806 -1.33713 
vt 3.12306 5.41287 
vt 2.99806 5.41287 
vt 3.12306 2.03787 
vt 2.99806 2.03787 
vt 9.74806 5.41287 
vt 2.99806 5.41287 
vt 9.74806 2.03787 
vt 2.99806 2.03787 
vt 3.12306 5.41287 
vt 2.99806 5.41287 
vt 3.12306 -1.33713 
vt 2.99806 -1.33713 
vt 3.12306 5.41287 
vt 2.99806 5.41287 
vt 3.12306 2.03787 
vt 2.99806 2.03787 

usemtl Grass1Mtl

f 2569/2569/2569 2570/2570/2570 2571/2571/2571 
f 2571/2571/2571 2570/2570/2570 2572/2572/2572 
f 2573/2573/2573 2574/2574/2574 2575/2575/2575 
f 2575/2575/2575 2574/2574/2574 2576/2576/2576 
f 2577/2577/2577 2578/2578/2578 2579/2579/2579 
f 2579/2579/2579 2578/2578/2578 2580/2580/2580 
f 2581/2581/2581 2582/2582/2582 2583/2583/2583 
f 2583/2583/2583 2582/2582/2582 2584/2584/2584 
f 2585/2585/2585 2586/2586/2586 2587/2587/2587 
f 2587/2587/2587 2586/2586/2586 2588/2588/2588 
f 2589/2589/2589 2590/2590/2590 2591/2591/2591 
f 2591/2591/2591 2590/2590/2590 2592/2592/2592 

g Part50

v -215.775 170.48 -162.275 
v -215.775 170.48 -179.275 
v -215.775 143.48 -162.275 
v -215.775 143.48 -179.275 
v -214.775 170.48 -179.275 
v -215.775 170.48 -179.275 
v -214.775 170.48 -162.275 
v -215.775 170.48 -162.275 
v -215.775 170.48 -179.275 
v -214.775 170.48 -179.275 
v -215.775 143.48 -179.275 
v -214.775 143.48 -179.275 
v -214.775 170.48 -179.275 
v -214.775 170.48 -162.275 
v -214.775 143.48 -179.275 
v -214.775 143.48 -162.275 
v -214.775 143.48 -162.275 
v -215.775 143.48 -162.275 
v -214.775 143.48 -179.275 
v -215.775 143.48 -179.275 
v -214.775 170.48 -162.275 
v -215.775 170.48 -162.275 
v -214.775 143.48 -162.275 
v -215.775 143.48 -162.275 

vn -1 0 0 
vn -1 0 0 
vn -1 0 0 
vn -1 0 0 
vn 0 1 0 
vn 0 1 0 
vn 0 1 0 
vn 0 1 0 
vn 0 0 -1 
vn 0 0 -1 
vn 0 0 -1 
vn 0 0 -1 
vn 1 0 0 
vn 1 0 0 
vn 1 0 0 
vn 1 0 0 
vn 0 -1 0 
vn 0 -1 0 
vn 0 -1 0 
vn 0 -1 0 
vn 0 0 1 
vn 0 0 1 
vn 0 0 1 
vn 0 0 1 

vt 1.4285 0.791189 
vt -0.696499 0.791189 
vt 1.4285 -2.58381 
vt -0.696499 -2.58381 
vt -0.571499 0.791189 
vt -0.696499 0.791189 
vt -0.571499 -1.33381 
vt -0.696499 -1.33381 
vt -0.571499 0.791189 
vt -0.696499 0.791189 
vt -0.571499 -2.58381 
vt -0.696499 -2.58381 
vt 1.4285 0.791189 
vt -0.696499 0.791189 
vt 1.4285 -2.58381 
vt -0.696499 -2.58381 
vt -0.571499 0.791189 
vt -0.696499 0.791189 
vt -0.571499 -1.33381 
vt -0.696499 -1.33381 
vt -0.571499 0.791189 
vt -0.696499 0.791189 
vt -0.571499 -2.58381 
vt -0.696499 -2.58381 

usemtl Grass1Mtl

f 2593/2593/2593 2594/2594/2594 2595/2595/2595 
f 2595/2595/2595 2594/2594/2594 2596/2596/2596 
f 2597/2597/2597 2598/2598/2598 2599/2599/2599 
f 2599/2599/2599 2598/2598/2598 2600/2600/2600 
f 2601/2601/2601 2602/2602/2602 2603/2603/2603 
f 2603/2603/2603 2602/2602/2602 2604/2604/2604 
f 2605/2605/2605 2606/2606/2606 2607/2607/2607 
f 2607/2607/2607 2606/2606/2606 2608/2608/2608 
f 2609/2609/2609 2610/2610/2610 2611/2611/2611 
f 2611/2611/2611 2610/2610/2610 2612/2612/2612 
f 2613/2613/2613 2614/2614/2614 2615/2615/2615 
f 2615/2615/2615 2614/2614/2614 2616/2616/2616 

g Part51

v -232.775 170.48 -194.275 
v -232.775 170.48 -206.275 
v -232.775 143.48 -194.275 
v -232.775 143.48 -206.275 
v -231.775 170.48 -206.275 
v -232.775 170.48 -206.275 
v -231.775 170.48 -194.275 
v -232.775 170.48 -194.275 
v -232.775 170.48 -206.275 
v -231.775 170.48 -206.275 
v -232.775 143.48 -206.275 
v -231.775 143.48 -206.275 
v -231.775 170.48 -206.275 
v -231.775 170.48 -194.275 
v -231.775 143.48 -206.275 
v -231.775 143.48 -194.275 
v -231.775 143.48 -194.275 
v -232.775 143.48 -194.275 
v -231.775 143.48 -206.275 
v -232.775 143.48 -206.275 
v -231.775 170.48 -194.275 
v -232.775 170.48 -194.275 
v -231.775 143.48 -194.275 
v -232.775 143.48 -194.275 

vn -1 0 0 
vn -1 0 0 
vn -1 0 0 
vn -1 0 0 
vn 0 1 0 
vn 0 1 0 
vn 0 1 0 
vn 0 1 0 
vn 0 0 -1 
vn 0 0 -1 
vn 0 0 -1 
vn 0 0 -1 
vn 1 0 0 
vn 1 0 0 
vn 1 0 0 
vn 1 0 0 
vn 0 -1 0 
vn 0 -1 0 
vn 0 -1 0 
vn 0 -1 0 
vn 0 0 1 
vn 0 0 1 
vn 0 0 1 
vn 0 0 1 

vt 3.27458 0.65394 
vt 1.77458 0.65394 
vt 3.27458 -2.72106 
vt 1.77458 -2.72106 
vt 1.89958 0.65394 
vt 1.77458 0.65394 
vt 1.89958 -0.84606 
vt 1.77458 -0.84606 
vt 1.89958 0.65394 
vt 1.77458 0.65394 
vt 1.89958 -2.72106 
vt 1.77458 -2.72106 
vt 3.27458 0.65394 
vt 1.77458 0.65394 
vt 3.27458 -2.72106 
vt 1.77458 -2.72106 
vt 1.89958 0.65394 
vt 1.77458 0.65394 
vt 1.89958 -0.84606 
vt 1.77458 -0.84606 
vt 1.89958 0.65394 
vt 1.77458 0.65394 
vt 1.89958 -2.72106 
vt 1.77458 -2.72106 

usemtl Grass1Mtl

f 2617/2617/2617 2618/2618/2618 2619/2619/2619 
f 2619/2619/2619 2618/2618/2618 2620/2620/2620 
f 2621/2621/2621 2622/2622/2622 2623/2623/2623 
f 2623/2623/2623 2622/2622/2622 2624/2624/2624 
f 2625/2625/2625 2626/2626/2626 2627/2627/2627 
f 2627/2627/2627 2626/2626/2626 2628/2628/2628 
f 2629/2629/2629 2630/2630/2630 2631/2631/2631 
f 2631/2631/2631 2630/2630/2630 2632/2632/2632 
f 2633/2633/2633 2634/2634/2634 2635/2635/2635 
f 2635/2635/2635 2634/2634/2634 2636/2636/2636 
f 2637/2637/2637 2638/2638/2638 2639/2639/2639 
f 2639/2639/2639 2638/2638/2638 2640/2640/2640 

g Part52

v -232.775 170.48 -187.275 
v -200.775 170.48 -187.275 
v -232.775 143.48 -187.275 
v -200.775 143.48 -187.275 
v -200.775 170.48 -186.275 
v -200.775 170.48 -187.275 
v -232.775 170.48 -186.275 
v -232.775 170.48 -187.275 
v -200.775 170.48 -187.275 
v -200.775 170.48 -186.275 
v -200.775 143.48 -187.275 
v -200.775 143.48 -186.275 
v -200.775 170.48 -186.275 
v -232.775 170.48 -186.275 
v -200.775 143.48 -186.275 
v -232.775 143.48 -186.275 
v -232.775 143.48 -186.275 
v -232.775 143.48 -187.275 
v -200.775 143.48 -186.275 
v -200.775 143.48 -187.275 
v -232.775 170.48 -186.275 
v -232.775 170.48 -187.275 
v -232.775 143.48 -186.275 
v -232.775 143.48 -187.275 

vn 0 0 -1 
vn 0 0 -1 
vn 0 0 -1 
vn 0 0 -1 
vn 0 1 0 
vn 0 1 0 
vn 0 1 0 
vn 0 1 0 
vn 1 0 0 
vn 1 0 0 
vn 1 0 0 
vn 1 0 0 
vn 0 0 1 
vn 0 0 1 
vn 0 0 1 
vn 0 0 1 
vn 0 -1 0 
vn 0 -1 0 
vn 0 -1 0 
vn 0 -1 0 
vn -1 0 0 
vn -1 0 0 
vn -1 0 0 
vn -1 0 0 

vt 1.85133 2.31705 
vt -2.14867 2.31705 
vt 1.85133 -1.05795 
vt -2.14867 -1.05795 
vt -2.02367 2.31705 
vt -2.14867 2.31705 
vt -2.02367 -1.68295 
vt -2.14867 -1.68295 
vt -2.02367 2.31705 
vt -2.14867 2.31705 
vt -2.02367 -1.05795 
vt -2.14867 -1.05795 
vt 1.85133 2.31705 
vt -2.14867 2.31705 
vt 1.85133 -1.05795 
vt -2.14867 -1.05795 
vt -2.02367 2.31705 
vt -2.14867 2.31705 
vt -2.02367 -1.68295 
vt -2.14867 -1.68295 
vt -2.02367 2.31705 
vt -2.14867 2.31705 
vt -2.02367 -1.05795 
vt -2.14867 -1.05795 

usemtl Grass1Mtl

f 2641/2641/2641 2642/2642/2642 2643/2643/2643 
f 2643/2643/2643 2642/2642/2642 2644/2644/2644 
f 2645/2645/2645 2646/2646/2646 2647/2647/2647 
f 2647/2647/2647 2646/2646/2646 2648/2648/2648 
f 2649/2649/2649 2650/2650/2650 2651/2651/2651 
f 2651/2651/2651 2650/2650/2650 2652/2652/2652 
f 2653/2653/2653 2654/2654/2654 2655/2655/2655 
f 2655/2655/2655 2654/2654/2654 2656/2656/2656 
f 2657/2657/2657 2658/2658/2658 2659/2659/2659 
f 2659/2659/2659 2658/2658/2658 2660/2660/2660 
f 2661/2661/2661 2662/2662/2662 2663/2663/2663 
f 2663/2663/2663 2662/2662/2662 2664/2664/2664 

g Part53

v -273.775 170.48 -151.275 
v -173.775 170.48 -151.275 
v -273.775 143.48 -151.275 
v -173.775 143.48 -151.275 
v -173.775 170.48 -150.275 
v -173.775 170.48 -151.275 
v -273.775 170.48 -150.275 
v -273.775 170.48 -151.275 
v -173.775 170.48 -151.275 
v -173.775 170.48 -150.275 
v -173.775 143.48 -151.275 
v -173.775 143.48 -150.275 
v -173.775 170.48 -150.275 
v -273.775 170.48 -150.275 
v -173.775 143.48 -150.275 
v -273.775 143.48 -150.275 
v -273.775 143.48 -150.275 
v -273.775 143.48 -151.275 
v -173.775 143.48 -150.275 
v -173.775 143.48 -151.275 
v -273.775 170.48 -150.275 
v -273.775 170.48 -151.275 
v -273.775 143.48 -150.275 
v -273.775 143.48 -151.275 

vn 0 0 -1 
vn 0 0 -1 
vn 0 0 -1 
vn 0 0 -1 
vn 0 1 0 
vn 0 1 0 
vn 0 1 0 
vn 0 1 0 
vn 1 0 0 
vn 1 0 0 
vn 1 0 0 
vn 1 0 0 
vn 0 0 1 
vn 0 0 1 
vn 0 0 1 
vn 0 0 1 
vn 0 -1 0 
vn 0 -1 0 
vn 0 -1 0 
vn 0 -1 0 
vn -1 0 0 
vn -1 0 0 
vn -1 0 0 
vn -1 0 0 

vt 19.6655 -1.0692 
vt 7.16552 -1.0692 
vt 19.6655 -4.4442 
vt 7.16552 -4.4442 
vt 7.29052 -1.0692 
vt 7.16552 -1.0692 
vt 7.29052 -13.5692 
vt 7.16552 -13.5692 
vt 7.29052 -1.0692 
vt 7.16552 -1.0692 
vt 7.29052 -4.4442 
vt 7.16552 -4.4442 
vt 19.6655 -1.0692 
vt 7.16552 -1.0692 
vt 19.6655 -4.4442 
vt 7.16552 -4.4442 
vt 7.29052 -1.0692 
vt 7.16552 -1.0692 
vt 7.29052 -13.5692 
vt 7.16552 -13.5692 
vt 7.29052 -1.0692 
vt 7.16552 -1.0692 
vt 7.29052 -4.4442 
vt 7.16552 -4.4442 

usemtl Grass1Mtl

f 2665/2665/2665 2666/2666/2666 2667/2667/2667 
f 2667/2667/2667 2666/2666/2666 2668/2668/2668 
f 2669/2669/2669 2670/2670/2670 2671/2671/2671 
f 2671/2671/2671 2670/2670/2670 2672/2672/2672 
f 2673/2673/2673 2674/2674/2674 2675/2675/2675 
f 2675/2675/2675 2674/2674/2674 2676/2676/2676 
f 2677/2677/2677 2678/2678/2678 2679/2679/2679 
f 2679/2679/2679 2678/2678/2678 2680/2680/2680 
f 2681/2681/2681 2682/2682/2682 2683/2683/2683 
f 2683/2683/2683 2682/2682/2682 2684/2684/2684 
f 2685/2685/2685 2686/2686/2686 2687/2687/2687 
f 2687/2687/2687 2686/2686/2686 2688/2688/2688 

g Grass16

v -170.775 143.48 -250.275 
v -170.775 143.48 -188.275 
v -170.775 140.48 -250.275 
v -170.775 140.48 -188.275 
v -274.775 143.48 -188.275 
v -170.775 143.48 -188.275 
v -274.775 143.48 -250.275 
v -170.775 143.48 -250.275 
v -170.775 143.48 -188.275 
v -274.775 143.48 -188.275 
v -170.775 140.48 -188.275 
v -274.775 140.48 -188.275 
v -274.775 143.48 -188.275 
v -274.775 143.48 -250.275 
v -274.775 140.48 -188.275 
v -274.775 140.48 -250.275 
v -274.775 140.48 -250.275 
v -170.775 140.48 -250.275 
v -274.775 140.48 -188.275 
v -170.775 140.48 -188.275 
v -274.775 143.48 -250.275 
v -170.775 143.48 -250.275 
v -274.775 140.48 -250.275 
v -170.775 140.48 -250.275 

vn 1 0 0 
vn 1 0 0 
vn 1 0 0 
vn 1 0 0 
vn 0 1 0 
vn 0 1 0 
vn 0 1 0 
vn 0 1 0 
vn 0 0 1 
vn 0 0 1 
vn 0 0 1 
vn 0 0 1 
vn -1 0 0 
vn -1 0 0 
vn -1 0 0 
vn -1 0 0 
vn 0 -1 0 
vn 0 -1 0 
vn 0 -1 0 
vn 0 -1 0 
vn 0 0 -1 
vn 0 0 -1 
vn 0 0 -1 
vn 0 0 -1 

vt 18.0508 3.79856 
vt 10.3008 3.79856 
vt 18.0508 3.42356 
vt 10.3008 3.42356 
vt 23.3008 3.79856 
vt 10.3008 3.79856 
vt 23.3008 -3.95144 
vt 10.3008 -3.95144 
vt 23.3008 3.79856 
vt 10.3008 3.79856 
vt 23.3008 3.42356 
vt 10.3008 3.42356 
vt 18.0508 3.79856 
vt 10.3008 3.79856 
vt 18.0508 3.42356 
vt 10.3008 3.42356 
vt 23.3008 3.79856 
vt 10.3008 3.79856 
vt 23.3008 -3.95144 
vt 10.3008 -3.95144 
vt 23.3008 3.79856 
vt 10.3008 3.79856 
vt 23.3008 3.42356 
vt 10.3008 3.42356 

usemtl Grass1Mtl

f 2689/2689/2689 2690/2690/2690 2691/2691/2691 
f 2691/2691/2691 2690/2690/2690 2692/2692/2692 
f 2693/2693/2693 2694/2694/2694 2695/2695/2695 
f 2695/2695/2695 2694/2694/2694 2696/2696/2696 
f 2697/2697/2697 2698/2698/2698 2699/2699/2699 
f 2699/2699/2699 2698/2698/2698 2700/2700/2700 
f 2701/2701/2701 2702/2702/2702 2703/2703/2703 
f 2703/2703/2703 2702/2702/2702 2704/2704/2704 
f 2705/2705/2705 2706/2706/2706 2707/2707/2707 
f 2707/2707/2707 2706/2706/2706 2708/2708/2708 
f 2709/2709/2709 2710/2710/2710 2711/2711/2711 
f 2711/2711/2711 2710/2710/2710 2712/2712/2712 

g Part54

v -242.775 170.48 -206.275 
v -232.775 170.48 -206.275 
v -242.775 143.48 -206.275 
v -232.775 143.48 -206.275 
v -232.775 170.48 -205.275 
v -232.775 170.48 -206.275 
v -242.775 170.48 -205.275 
v -242.775 170.48 -206.275 
v -232.775 170.48 -206.275 
v -232.775 170.48 -205.275 
v -232.775 143.48 -206.275 
v -232.775 143.48 -205.275 
v -232.775 170.48 -205.275 
v -242.775 170.48 -205.275 
v -232.775 143.48 -205.275 
v -242.775 143.48 -205.275 
v -242.775 143.48 -205.275 
v -242.775 143.48 -206.275 
v -232.775 143.48 -205.275 
v -232.775 143.48 -206.275 
v -242.775 170.48 -205.275 
v -242.775 170.48 -206.275 
v -242.775 143.48 -205.275 
v -242.775 143.48 -206.275 

vn 0 0 -1 
vn 0 0 -1 
vn 0 0 -1 
vn 0 0 -1 
vn 0 1 0 
vn 0 1 0 
vn 0 1 0 
vn 0 1 0 
vn 1 0 0 
vn 1 0 0 
vn 1 0 0 
vn 1 0 0 
vn 0 0 1 
vn 0 0 1 
vn 0 0 1 
vn 0 0 1 
vn 0 -1 0 
vn 0 -1 0 
vn 0 -1 0 
vn 0 -1 0 
vn -1 0 0 
vn -1 0 0 
vn -1 0 0 
vn -1 0 0 

vt 1.3758 1.90654 
vt 0.125804 1.90654 
vt 1.3758 -1.46846 
vt 0.125804 -1.46846 
vt 0.250804 1.90654 
vt 0.125804 1.90654 
vt 0.250804 0.656537 
vt 0.125804 0.656537 
vt 0.250804 1.90654 
vt 0.125804 1.90654 
vt 0.250804 -1.46846 
vt 0.125804 -1.46846 
vt 1.3758 1.90654 
vt 0.125804 1.90654 
vt 1.3758 -1.46846 
vt 0.125804 -1.46846 
vt 0.250804 1.90654 
vt 0.125804 1.90654 
vt 0.250804 0.656537 
vt 0.125804 0.656537 
vt 0.250804 1.90654 
vt 0.125804 1.90654 
vt 0.250804 -1.46846 
vt 0.125804 -1.46846 

usemtl Grass1Mtl

f 2713/2713/2713 2714/2714/2714 2715/2715/2715 
f 2715/2715/2715 2714/2714/2714 2716/2716/2716 
f 2717/2717/2717 2718/2718/2718 2719/2719/2719 
f 2719/2719/2719 2718/2718/2718 2720/2720/2720 
f 2721/2721/2721 2722/2722/2722 2723/2723/2723 
f 2723/2723/2723 2722/2722/2722 2724/2724/2724 
f 2725/2725/2725 2726/2726/2726 2727/2727/2727 
f 2727/2727/2727 2726/2726/2726 2728/2728/2728 
f 2729/2729/2729 2730/2730/2730 2731/2731/2731 
f 2731/2731/2731 2730/2730/2730 2732/2732/2732 
f 2733/2733/2733 2734/2734/2734 2735/2735/2735 
f 2735/2735/2735 2734/2734/2734 2736/2736/2736 

g Part55

v -253.775 170.48 -186.275 
v -253.775 170.48 -206.275 
v -253.775 143.48 -186.275 
v -253.775 143.48 -206.275 
v -252.775 170.48 -206.275 
v -253.775 170.48 -206.275 
v -252.775 170.48 -186.275 
v -253.775 170.48 -186.275 
v -253.775 170.48 -206.275 
v -252.775 170.48 -206.275 
v -253.775 143.48 -206.275 
v -252.775 143.48 -206.275 
v -252.775 170.48 -206.275 
v -252.775 170.48 -186.275 
v -252.775 143.48 -206.275 
v -252.775 143.48 -186.275 
v -252.775 143.48 -186.275 
v -253.775 143.48 -186.275 
v -252.775 143.48 -206.275 
v -253.775 143.48 -206.275 
v -252.775 170.48 -186.275 
v -253.775 170.48 -186.275 
v -252.775 143.48 -186.275 
v -253.775 143.48 -186.275 

vn -1 0 0 
vn -1 0 0 
vn -1 0 0 
vn -1 0 0 
vn 0 1 0 
vn 0 1 0 
vn 0 1 0 
vn 0 1 0 
vn 0 0 -1 
vn 0 0 -1 
vn 0 0 -1 
vn 0 0 -1 
vn 1 0 0 
vn 1 0 0 
vn 1 0 0 
vn 1 0 0 
vn 0 -1 0 
vn 0 -1 0 
vn 0 -1 0 
vn 0 -1 0 
vn 0 0 1 
vn 0 0 1 
vn 0 0 1 
vn 0 0 1 

vt -0.2087 -1.76676 
vt -2.7087 -1.76676 
vt -0.2087 -5.14176 
vt -2.7087 -5.14176 
vt -2.5837 -1.76676 
vt -2.7087 -1.76676 
vt -2.5837 -4.26676 
vt -2.7087 -4.26676 
vt -2.5837 -1.76676 
vt -2.7087 -1.76676 
vt -2.5837 -5.14176 
vt -2.7087 -5.14176 
vt -0.2087 -1.76676 
vt -2.7087 -1.76676 
vt -0.2087 -5.14176 
vt -2.7087 -5.14176 
vt -2.5837 -1.76676 
vt -2.7087 -1.76676 
vt -2.5837 -4.26676 
vt -2.7087 -4.26676 
vt -2.5837 -1.76676 
vt -2.7087 -1.76676 
vt -2.5837 -5.14176 
vt -2.7087 -5.14176 

usemtl Grass1Mtl

f 2737/2737/2737 2738/2738/2738 2739/2739/2739 
f 2739/2739/2739 2738/2738/2738 2740/2740/2740 
f 2741/2741/2741 2742/2742/2742 2743/2743/2743 
f 2743/2743/2743 2742/2742/2742 2744/2744/2744 
f 2745/2745/2745 2746/2746/2746 2747/2747/2747 
f 2747/2747/2747 2746/2746/2746 2748/2748/2748 
f 2749/2749/2749 2750/2750/2750 2751/2751/2751 
f 2751/2751/2751 2750/2750/2750 2752/2752/2752 
f 2753/2753/2753 2754/2754/2754 2755/2755/2755 
f 2755/2755/2755 2754/2754/2754 2756/2756/2756 
f 2757/2757/2757 2758/2758/2758 2759/2759/2759 
f 2759/2759/2759 2758/2758/2758 2760/2760/2760 

g Part56

v -273.775 170.48 -250.275 
v -174.775 170.48 -250.275 
v -273.775 143.48 -250.275 
v -174.775 143.48 -250.275 
v -174.775 170.48 -249.275 
v -174.775 170.48 -250.275 
v -273.775 170.48 -249.275 
v -273.775 170.48 -250.275 
v -174.775 170.48 -250.275 
v -174.775 170.48 -249.275 
v -174.775 143.48 -250.275 
v -174.775 143.48 -249.275 
v -174.775 170.48 -249.275 
v -273.775 170.48 -249.275 
v -174.775 143.48 -249.275 
v -273.775 143.48 -249.275 
v -273.775 143.48 -249.275 
v -273.775 143.48 -250.275 
v -174.775 143.48 -249.275 
v -174.775 143.48 -250.275 
v -273.775 170.48 -249.275 
v -273.775 170.48 -250.275 
v -273.775 143.48 -249.275 
v -273.775 143.48 -250.275 

vn 0 0 -1 
vn 0 0 -1 
vn 0 0 -1 
vn 0 0 -1 
vn 0 1 0 
vn 0 1 0 
vn 0 1 0 
vn 0 1 0 
vn 1 0 0 
vn 1 0 0 
vn 1 0 0 
vn 1 0 0 
vn 0 0 1 
vn 0 0 1 
vn 0 0 1 
vn 0 0 1 
vn 0 -1 0 
vn 0 -1 0 
vn 0 -1 0 
vn 0 -1 0 
vn -1 0 0 
vn -1 0 0 
vn -1 0 0 
vn -1 0 0 

vt 18.983 -4.63429 
vt 6.60803 -4.63429 
vt 18.983 -8.00929 
vt 6.60803 -8.00929 
vt 6.73303 -4.63429 
vt 6.60803 -4.63429 
vt 6.73303 -17.0093 
vt 6.60803 -17.0093 
vt 6.73303 -4.63429 
vt 6.60803 -4.63429 
vt 6.73303 -8.00929 
vt 6.60803 -8.00929 
vt 18.983 -4.63429 
vt 6.60803 -4.63429 
vt 18.983 -8.00929 
vt 6.60803 -8.00929 
vt 6.73303 -4.63429 
vt 6.60803 -4.63429 
vt 6.73303 -17.0093 
vt 6.60803 -17.0093 
vt 6.73303 -4.63429 
vt 6.60803 -4.63429 
vt 6.73303 -8.00929 
vt 6.60803 -8.00929 

usemtl Grass1Mtl

f 2761/2761/2761 2762/2762/2762 2763/2763/2763 
f 2763/2763/2763 2762/2762/2762 2764/2764/2764 
f 2765/2765/2765 2766/2766/2766 2767/2767/2767 
f 2767/2767/2767 2766/2766/2766 2768/2768/2768 
f 2769/2769/2769 2770/2770/2770 2771/2771/2771 
f 2771/2771/2771 2770/2770/2770 2772/2772/2772 
f 2773/2773/2773 2774/2774/2774 2775/2775/2775 
f 2775/2775/2775 2774/2774/2774 2776/2776/2776 
f 2777/2777/2777 2778/2778/2778 2779/2779/2779 
f 2779/2779/2779 2778/2778/2778 2780/2780/2780 
f 2781/2781/2781 2782/2782/2782 2783/2783/2783 
f 2783/2783/2783 2782/2782/2782 2784/2784/2784 

g Part57

v -253.775 170.48 -218.275 
v -253.775 170.48 -238.275 
v -253.775 143.48 -218.275 
v -253.775 143.48 -238.275 
v -252.775 170.48 -238.275 
v -253.775 170.48 -238.275 
v -252.775 170.48 -218.275 
v -253.775 170.48 -218.275 
v -253.775 170.48 -238.275 
v -252.775 170.48 -238.275 
v -253.775 143.48 -238.275 
v -252.775 143.48 -238.275 
v -252.775 170.48 -238.275 
v -252.775 170.48 -218.275 
v -252.775 143.48 -238.275 
v -252.775 143.48 -218.275 
v -252.775 143.48 -218.275 
v -253.775 143.48 -218.275 
v -252.775 143.48 -238.275 
v -253.775 143.48 -238.275 
v -252.775 170.48 -218.275 
v -253.775 170.48 -218.275 
v -252.775 143.48 -218.275 
v -253.775 143.48 -218.275 

vn -1 0 0 
vn -1 0 0 
vn -1 0 0 
vn -1 0 0 
vn 0 1 0 
vn 0 1 0 
vn 0 1 0 
vn 0 1 0 
vn 0 0 -1 
vn 0 0 -1 
vn 0 0 -1 
vn 0 0 -1 
vn 1 0 0 
vn 1 0 0 
vn 1 0 0 
vn 1 0 0 
vn 0 -1 0 
vn 0 -1 0 
vn 0 -1 0 
vn 0 -1 0 
vn 0 0 1 
vn 0 0 1 
vn 0 0 1 
vn 0 0 1 

vt 4.28543 -0.769856 
vt 1.78543 -0.769856 
vt 4.28543 -4.14486 
vt 1.78543 -4.14486 
vt 1.91043 -0.769856 
vt 1.78543 -0.769856 
vt 1.91043 -3.26986 
vt 1.78543 -3.26986 
vt 1.91043 -0.769856 
vt 1.78543 -0.769856 
vt 1.91043 -4.14486 
vt 1.78543 -4.14486 
vt 4.28543 -0.769856 
vt 1.78543 -0.769856 
vt 4.28543 -4.14486 
vt 1.78543 -4.14486 
vt 1.91043 -0.769856 
vt 1.78543 -0.769856 
vt 1.91043 -3.26986 
vt 1.78543 -3.26986 
vt 1.91043 -0.769856 
vt 1.78543 -0.769856 
vt 1.91043 -4.14486 
vt 1.78543 -4.14486 

usemtl Grass1Mtl

f 2785/2785/2785 2786/2786/2786 2787/2787/2787 
f 2787/2787/2787 2786/2786/2786 2788/2788/2788 
f 2789/2789/2789 2790/2790/2790 2791/2791/2791 
f 2791/2791/2791 2790/2790/2790 2792/2792/2792 
f 2793/2793/2793 2794/2794/2794 2795/2795/2795 
f 2795/2795/2795 2794/2794/2794 2796/2796/2796 
f 2797/2797/2797 2798/2798/2798 2799/2799/2799 
f 2799/2799/2799 2798/2798/2798 2800/2800/2800 
f 2801/2801/2801 2802/2802/2802 2803/2803/2803 
f 2803/2803/2803 2802/2802/2802 2804/2804/2804 
f 2805/2805/2805 2806/2806/2806 2807/2807/2807 
f 2807/2807/2807 2806/2806/2806 2808/2808/2808 

g Part58

v -273.775 170.48 -187.275 
v -253.775 170.48 -187.275 
v -273.775 143.48 -187.275 
v -253.775 143.48 -187.275 
v -253.775 170.48 -186.275 
v -253.775 170.48 -187.275 
v -273.775 170.48 -186.275 
v -273.775 170.48 -187.275 
v -253.775 170.48 -187.275 
v -253.775 170.48 -186.275 
v -253.775 143.48 -187.275 
v -253.775 143.48 -186.275 
v -253.775 170.48 -186.275 
v -273.775 170.48 -186.275 
v -253.775 143.48 -186.275 
v -273.775 143.48 -186.275 
v -273.775 143.48 -186.275 
v -273.775 143.48 -187.275 
v -253.775 143.48 -186.275 
v -253.775 143.48 -187.275 
v -273.775 170.48 -186.275 
v -273.775 170.48 -187.275 
v -273.775 143.48 -186.275 
v -273.775 143.48 -187.275 

vn 0 0 -1 
vn 0 0 -1 
vn 0 0 -1 
vn 0 0 -1 
vn 0 1 0 
vn 0 1 0 
vn 0 1 0 
vn 0 1 0 
vn 1 0 0 
vn 1 0 0 
vn 1 0 0 
vn 1 0 0 
vn 0 0 1 
vn 0 0 1 
vn 0 0 1 
vn 0 0 1 
vn 0 -1 0 
vn 0 -1 0 
vn 0 -1 0 
vn 0 -1 0 
vn -1 0 0 
vn -1 0 0 
vn -1 0 0 
vn -1 0 0 

vt 4.58279 -1.81846 
vt 2.08279 -1.81846 
vt 4.58279 -5.19346 
vt 2.08279 -5.19346 
vt 2.20779 -1.81846 
vt 2.08279 -1.81846 
vt 2.20779 -4.31846 
vt 2.08279 -4.31846 
vt 2.20779 -1.81846 
vt 2.08279 -1.81846 
vt 2.20779 -5.19346 
vt 2.08279 -5.19346 
vt 4.58279 -1.81846 
vt 2.08279 -1.81846 
vt 4.58279 -5.19346 
vt 2.08279 -5.19346 
vt 2.20779 -1.81846 
vt 2.08279 -1.81846 
vt 2.20779 -4.31846 
vt 2.08279 -4.31846 
vt 2.20779 -1.81846 
vt 2.08279 -1.81846 
vt 2.20779 -5.19346 
vt 2.08279 -5.19346 

usemtl Grass1Mtl

f 2809/2809/2809 2810/2810/2810 2811/2811/2811 
f 2811/2811/2811 2810/2810/2810 2812/2812/2812 
f 2813/2813/2813 2814/2814/2814 2815/2815/2815 
f 2815/2815/2815 2814/2814/2814 2816/2816/2816 
f 2817/2817/2817 2818/2818/2818 2819/2819/2819 
f 2819/2819/2819 2818/2818/2818 2820/2820/2820 
f 2821/2821/2821 2822/2822/2822 2823/2823/2823 
f 2823/2823/2823 2822/2822/2822 2824/2824/2824 
f 2825/2825/2825 2826/2826/2826 2827/2827/2827 
f 2827/2827/2827 2826/2826/2826 2828/2828/2828 
f 2829/2829/2829 2830/2830/2830 2831/2831/2831 
f 2831/2831/2831 2830/2830/2830 2832/2832/2832 

g Part59

v -273.775 170.48 -250.275 
v -273.775 170.48 -150.275 
v -273.775 143.48 -250.275 
v -273.775 143.48 -150.275 
v -274.775 170.48 -150.275 
v -273.775 170.48 -150.275 
v -274.775 170.48 -250.275 
v -273.775 170.48 -250.275 
v -273.775 170.48 -150.275 
v -274.775 170.48 -150.275 
v -273.775 143.48 -150.275 
v -274.775 143.48 -150.275 
v -274.775 170.48 -150.275 
v -274.775 170.48 -250.275 
v -274.775 143.48 -150.275 
v -274.775 143.48 -250.275 
v -274.775 143.48 -250.275 
v -273.775 143.48 -250.275 
v -274.775 143.48 -150.275 
v -273.775 143.48 -150.275 
v -274.775 170.48 -250.275 
v -273.775 170.48 -250.275 
v -274.775 143.48 -250.275 
v -273.775 143.48 -250.275 

vn 1 0 0 
vn 1 0 0 
vn 1 0 0 
vn 1 0 0 
vn 0 1 0 
vn 0 1 0 
vn 0 1 0 
vn 0 1 0 
vn 0 0 1 
vn 0 0 1 
vn 0 0 1 
vn 0 0 1 
vn -1 0 0 
vn -1 0 0 
vn -1 0 0 
vn -1 0 0 
vn 0 -1 0 
vn 0 -1 0 
vn 0 -1 0 
vn 0 -1 0 
vn 0 0 -1 
vn 0 0 -1 
vn 0 0 -1 
vn 0 0 -1 

vt 8.18757 0.57624 
vt -4.31243 0.57624 
vt 8.18757 -2.79876 
vt -4.31243 -2.79876 
vt -4.18743 0.57624 
vt -4.31243 0.57624 
vt -4.18743 -11.9238 
vt -4.31243 -11.9238 
vt -4.18743 0.57624 
vt -4.31243 0.57624 
vt -4.18743 -2.79876 
vt -4.31243 -2.79876 
vt 8.18757 0.57624 
vt -4.31243 0.57624 
vt 8.18757 -2.79876 
vt -4.31243 -2.79876 
vt -4.18743 0.57624 
vt -4.31243 0.57624 
vt -4.18743 -11.9238 
vt -4.31243 -11.9238 
vt -4.18743 0.57624 
vt -4.31243 0.57624 
vt -4.18743 -2.79876 
vt -4.31243 -2.79876 

usemtl Grass1Mtl

f 2833/2833/2833 2834/2834/2834 2835/2835/2835 
f 2835/2835/2835 2834/2834/2834 2836/2836/2836 
f 2837/2837/2837 2838/2838/2838 2839/2839/2839 
f 2839/2839/2839 2838/2838/2838 2840/2840/2840 
f 2841/2841/2841 2842/2842/2842 2843/2843/2843 
f 2843/2843/2843 2842/2842/2842 2844/2844/2844 
f 2845/2845/2845 2846/2846/2846 2847/2847/2847 
f 2847/2847/2847 2846/2846/2846 2848/2848/2848 
f 2849/2849/2849 2850/2850/2850 2851/2851/2851 
f 2851/2851/2851 2850/2850/2850 2852/2852/2852 
f 2853/2853/2853 2854/2854/2854 2855/2855/2855 
f 2855/2855/2855 2854/2854/2854 2856/2856/2856 

g Spawn1

v -261.775 145.48 -196.275 
v -261.775 145.48 -193.275 
v -261.775 143.48 -196.275 
v -261.775 143.48 -193.275 
v -265.775 145.48 -193.275 
v -261.775 145.48 -193.275 
v -265.775 145.48 -196.275 
v -261.775 145.48 -196.275 
v -261.775 145.48 -193.275 
v -265.775 145.48 -193.275 
v -261.775 143.48 -193.275 
v -265.775 143.48 -193.275 
v -265.775 145.48 -193.275 
v -265.775 145.48 -196.275 
v -265.775 143.48 -193.275 
v -265.775 143.48 -196.275 
v -265.775 143.48 -196.275 
v -261.775 143.48 -196.275 
v -265.775 143.48 -193.275 
v -261.775 143.48 -193.275 
v -265.775 145.48 -196.275 
v -261.775 145.48 -196.275 
v -265.775 143.48 -196.275 
v -261.775 143.48 -196.275 

vn 1 0 0 
vn 1 0 0 
vn 1 0 0 
vn 1 0 0 
vn 0 1 0 
vn 0 1 0 
vn 0 1 0 
vn 0 1 0 
vn 0 0 1 
vn 0 0 1 
vn 0 0 1 
vn 0 0 1 
vn -1 0 0 
vn -1 0 0 
vn -1 0 0 
vn -1 0 0 
vn 0 -1 0 
vn 0 -1 0 
vn 0 -1 0 
vn 0 -1 0 
vn 0 0 -1 
vn 0 0 -1 
vn 0 0 -1 
vn 0 0 -1 

vt 4.375 -6.75 
vt 4 -6.75 
vt 4.375 -7 
vt 4 -7 
vt 4.5 -6.75 
vt 4 -6.75 
vt 4.5 -7.125 
vt 4 -7.125 
vt 4.5 -6.75 
vt 4 -6.75 
vt 4.5 -7 
vt 4 -7 
vt 4.375 -6.75 
vt 4 -6.75 
vt 4.375 -7 
vt 4 -7 
vt 4.5 -6.75 
vt 4 -6.75 
vt 4.5 -7.125 
vt 4 -7.125 
vt 4.5 -6.75 
vt 4 -6.75 
vt 4.5 -7 
vt 4 -7 

usemtl Spawn1Mtl

f 2857/2857/2857 2858/2858/2858 2859/2859/2859 
f 2859/2859/2859 2858/2858/2858 2860/2860/2860 
f 2861/2861/2861 2862/2862/2862 2863/2863/2863 
f 2863/2863/2863 2862/2862/2862 2864/2864/2864 
f 2865/2865/2865 2866/2866/2866 2867/2867/2867 
f 2867/2867/2867 2866/2866/2866 2868/2868/2868 
f 2869/2869/2869 2870/2870/2870 2871/2871/2871 
f 2871/2871/2871 2870/2870/2870 2872/2872/2872 
f 2873/2873/2873 2874/2874/2874 2875/2875/2875 
f 2875/2875/2875 2874/2874/2874 2876/2876/2876 
f 2877/2877/2877 2878/2878/2878 2879/2879/2879 
f 2879/2879/2879 2878/2878/2878 2880/2880/2880 

